unit_id	stratum	difficulty_rung	domain	source_unit_id	query_case_count	blind_gate_status	oracle_gate_status	leakage_flag	role_flip	final_admission_status	judge_or_gate_surface	evidence_summary
core::sra_v2_2::bigcodebench_000::wrong_precondition	core_marked_sibling	L0_CORE_MARKED_SIBLING	bigcodebench	sra_v2_2::bigcodebench_000::wrong_precondition	1	core_static_cue_clean_rebuilt	core_admission_carried_forward	none	no	core_admission_carried_forward	core release provenance	core marked-sibling admission evidence carried forward from the audited core source layer
core::sra_v2_2::bigcodebench_001::wrong_resource_pointer	core_marked_sibling	L0_CORE_MARKED_SIBLING	bigcodebench	sra_v2_2::bigcodebench_001::wrong_resource_pointer	1	core_static_cue_clean_rebuilt	core_admission_carried_forward	none	no	core_admission_carried_forward	core release provenance	core marked-sibling admission evidence carried forward from the audited core source layer
core::sra_v2_2::bigcodebench_002::wrong_precondition	core_marked_sibling	L0_CORE_MARKED_SIBLING	bigcodebench	sra_v2_2::bigcodebench_002::wrong_precondition	1	core_static_cue_clean_rebuilt	core_admission_carried_forward	none	no	core_admission_carried_forward	core release provenance	core marked-sibling admission evidence carried forward from the audited core source layer
core::sra_v2_2::bigcodebench_003::wrong_resource_pointer	core_marked_sibling	L0_CORE_MARKED_SIBLING	bigcodebench	sra_v2_2::bigcodebench_003::wrong_resource_pointer	1	core_static_cue_clean_rebuilt	core_admission_carried_forward	none	no	core_admission_carried_forward	core release provenance	core marked-sibling admission evidence carried forward from the audited core source layer
core::sra_v2_2::bigcodebench_004::wrong_resource_pointer	core_marked_sibling	L0_CORE_MARKED_SIBLING	bigcodebench	sra_v2_2::bigcodebench_004::wrong_resource_pointer	1	core_static_cue_clean_rebuilt	core_admission_carried_forward	none	no	core_admission_carried_forward	core release provenance	core marked-sibling admission evidence carried forward from the audited core source layer
core::sra_v2_2::bigcodebench_005::wrong_resource_pointer	core_marked_sibling	L0_CORE_MARKED_SIBLING	bigcodebench	sra_v2_2::bigcodebench_005::wrong_resource_pointer	1	core_static_cue_clean_rebuilt	core_admission_carried_forward	none	no	core_admission_carried_forward	core release provenance	core marked-sibling admission evidence carried forward from the audited core source layer
core::sra_v2_2::bigcodebench_006::wrong_resource_pointer	core_marked_sibling	L0_CORE_MARKED_SIBLING	bigcodebench	sra_v2_2::bigcodebench_006::wrong_resource_pointer	1	core_static_cue_clean_rebuilt	core_admission_carried_forward	none	no	core_admission_carried_forward	core release provenance	core marked-sibling admission evidence carried forward from the audited core source layer
core::sra_v2_2::bigcodebench_007::wrong_resource_pointer	core_marked_sibling	L0_CORE_MARKED_SIBLING	bigcodebench	sra_v2_2::bigcodebench_007::wrong_resource_pointer	1	core_static_cue_clean_rebuilt	core_admission_carried_forward	none	no	core_admission_carried_forward	core release provenance	core marked-sibling admission evidence carried forward from the audited core source layer
core::sra_v2_2::bigcodebench_008::wrong_resource_pointer	core_marked_sibling	L0_CORE_MARKED_SIBLING	bigcodebench	sra_v2_2::bigcodebench_008::wrong_resource_pointer	1	core_static_cue_clean_rebuilt	core_admission_carried_forward	none	no	core_admission_carried_forward	core release provenance	core marked-sibling admission evidence carried forward from the audited core source layer
core::sra_v2_2::bigcodebench_009::wrong_resource_pointer	core_marked_sibling	L0_CORE_MARKED_SIBLING	bigcodebench	sra_v2_2::bigcodebench_009::wrong_resource_pointer	1	core_static_cue_clean_rebuilt	core_admission_carried_forward	none	no	core_admission_carried_forward	core release provenance	core marked-sibling admission evidence carried forward from the audited core source layer
core::sra_v2_2::bigcodebench_010::wrong_resource_pointer	core_marked_sibling	L0_CORE_MARKED_SIBLING	bigcodebench	sra_v2_2::bigcodebench_010::wrong_resource_pointer	1	core_static_cue_clean_rebuilt	core_admission_carried_forward	none	no	core_admission_carried_forward	core release provenance	core marked-sibling admission evidence carried forward from the audited core source layer
core::sra_v2_2::bigcodebench_011::wrong_resource_pointer	core_marked_sibling	L0_CORE_MARKED_SIBLING	bigcodebench	sra_v2_2::bigcodebench_011::wrong_resource_pointer	1	core_static_cue_clean_rebuilt	core_admission_carried_forward	none	no	core_admission_carried_forward	core release provenance	core marked-sibling admission evidence carried forward from the audited core source layer
core::sra_v2_2::bigcodebench_012::wrong_resource_pointer	core_marked_sibling	L0_CORE_MARKED_SIBLING	bigcodebench	sra_v2_2::bigcodebench_012::wrong_resource_pointer	1	core_static_cue_clean_rebuilt	core_admission_carried_forward	none	no	core_admission_carried_forward	core release provenance	core marked-sibling admission evidence carried forward from the audited core source layer
core::sra_v2_2::bigcodebench_013::wrong_resource_pointer	core_marked_sibling	L0_CORE_MARKED_SIBLING	bigcodebench	sra_v2_2::bigcodebench_013::wrong_resource_pointer	1	core_static_cue_clean_rebuilt	core_admission_carried_forward	none	no	core_admission_carried_forward	core release provenance	core marked-sibling admission evidence carried forward from the audited core source layer
core::sra_v2_2::bigcodebench_014::wrong_resource_pointer	core_marked_sibling	L0_CORE_MARKED_SIBLING	bigcodebench	sra_v2_2::bigcodebench_014::wrong_resource_pointer	1	core_static_cue_clean_rebuilt	core_admission_carried_forward	none	no	core_admission_carried_forward	core release provenance	core marked-sibling admission evidence carried forward from the audited core source layer
core::sra_v2_2::bigcodebench_015::wrong_resource_pointer	core_marked_sibling	L0_CORE_MARKED_SIBLING	bigcodebench	sra_v2_2::bigcodebench_015::wrong_resource_pointer	1	core_static_cue_clean_rebuilt	core_admission_carried_forward	none	no	core_admission_carried_forward	core release provenance	core marked-sibling admission evidence carried forward from the audited core source layer
core::sra_v2_2::bigcodebench_017::wrong_precondition	core_marked_sibling	L0_CORE_MARKED_SIBLING	bigcodebench	sra_v2_2::bigcodebench_017::wrong_precondition	1	core_static_cue_clean_rebuilt	core_admission_carried_forward	none	no	core_admission_carried_forward	core release provenance	core marked-sibling admission evidence carried forward from the audited core source layer
core::sra_v2_2::bigcodebench_018::wrong_resource_pointer	core_marked_sibling	L0_CORE_MARKED_SIBLING	bigcodebench	sra_v2_2::bigcodebench_018::wrong_resource_pointer	1	core_static_cue_clean_rebuilt	core_admission_carried_forward	none	no	core_admission_carried_forward	core release provenance	core marked-sibling admission evidence carried forward from the audited core source layer
core::sra_v2_2::bigcodebench_019::poisoned_procedure_clause	core_marked_sibling	L0_CORE_MARKED_SIBLING	bigcodebench	sra_v2_2::bigcodebench_019::poisoned_procedure_clause	1	core_static_cue_clean_rebuilt	core_admission_carried_forward	none	no	core_admission_carried_forward	core release provenance	core marked-sibling admission evidence carried forward from the audited core source layer
core::sra_v2_2::bigcodebench_020::wrong_resource_pointer	core_marked_sibling	L0_CORE_MARKED_SIBLING	bigcodebench	sra_v2_2::bigcodebench_020::wrong_resource_pointer	1	core_static_cue_clean_rebuilt	core_admission_carried_forward	none	no	core_admission_carried_forward	core release provenance	core marked-sibling admission evidence carried forward from the audited core source layer
core::sra_v2_2::bigcodebench_021::wrong_resource_pointer	core_marked_sibling	L0_CORE_MARKED_SIBLING	bigcodebench	sra_v2_2::bigcodebench_021::wrong_resource_pointer	1	core_static_cue_clean_rebuilt	core_admission_carried_forward	none	no	core_admission_carried_forward	core release provenance	core marked-sibling admission evidence carried forward from the audited core source layer
core::sra_v2_2::bigcodebench_022::wrong_resource_pointer	core_marked_sibling	L0_CORE_MARKED_SIBLING	bigcodebench	sra_v2_2::bigcodebench_022::wrong_resource_pointer	1	core_static_cue_clean_rebuilt	core_admission_carried_forward	none	no	core_admission_carried_forward	core release provenance	core marked-sibling admission evidence carried forward from the audited core source layer
core::sra_v2_2::bigcodebench_023::wrong_resource_pointer	core_marked_sibling	L0_CORE_MARKED_SIBLING	bigcodebench	sra_v2_2::bigcodebench_023::wrong_resource_pointer	1	core_static_cue_clean_rebuilt	core_admission_carried_forward	none	no	core_admission_carried_forward	core release provenance	core marked-sibling admission evidence carried forward from the audited core source layer
core::sra_v2_2::bigcodebench_024::wrong_resource_pointer	core_marked_sibling	L0_CORE_MARKED_SIBLING	bigcodebench	sra_v2_2::bigcodebench_024::wrong_resource_pointer	1	core_static_cue_clean_rebuilt	core_admission_carried_forward	none	no	core_admission_carried_forward	core release provenance	core marked-sibling admission evidence carried forward from the audited core source layer
core::sra_v2_2::bigcodebench_025::wrong_resource_pointer	core_marked_sibling	L0_CORE_MARKED_SIBLING	bigcodebench	sra_v2_2::bigcodebench_025::wrong_resource_pointer	1	core_static_cue_clean_rebuilt	core_admission_carried_forward	none	no	core_admission_carried_forward	core release provenance	core marked-sibling admission evidence carried forward from the audited core source layer
core::sra_v2_2::bigcodebench_026::wrong_resource_pointer	core_marked_sibling	L0_CORE_MARKED_SIBLING	bigcodebench	sra_v2_2::bigcodebench_026::wrong_resource_pointer	1	core_static_cue_clean_rebuilt	core_admission_carried_forward	none	no	core_admission_carried_forward	core release provenance	core marked-sibling admission evidence carried forward from the audited core source layer
core::sra_v2_2::bigcodebench_028::wrong_resource_pointer	core_marked_sibling	L0_CORE_MARKED_SIBLING	bigcodebench	sra_v2_2::bigcodebench_028::wrong_resource_pointer	1	core_static_cue_clean_rebuilt	core_admission_carried_forward	none	no	core_admission_carried_forward	core release provenance	core marked-sibling admission evidence carried forward from the audited core source layer
core::sra_v2_2::bigcodebench_029::wrong_resource_pointer	core_marked_sibling	L0_CORE_MARKED_SIBLING	bigcodebench	sra_v2_2::bigcodebench_029::wrong_resource_pointer	1	core_static_cue_clean_rebuilt	core_admission_carried_forward	none	no	core_admission_carried_forward	core release provenance	core marked-sibling admission evidence carried forward from the audited core source layer
core::sra_v2_2::bigcodebench_030::wrong_resource_pointer	core_marked_sibling	L0_CORE_MARKED_SIBLING	bigcodebench	sra_v2_2::bigcodebench_030::wrong_resource_pointer	1	core_static_cue_clean_rebuilt	core_admission_carried_forward	none	no	core_admission_carried_forward	core release provenance	core marked-sibling admission evidence carried forward from the audited core source layer
core::sra_v2_2::bigcodebench_031::misleading_example	core_marked_sibling	L0_CORE_MARKED_SIBLING	bigcodebench	sra_v2_2::bigcodebench_031::misleading_example	1	core_static_cue_clean_rebuilt	core_admission_carried_forward	none	no	core_admission_carried_forward	core release provenance	core marked-sibling admission evidence carried forward from the audited core source layer
core::sra_v2_2::bigcodebench_032::wrong_resource_pointer	core_marked_sibling	L0_CORE_MARKED_SIBLING	bigcodebench	sra_v2_2::bigcodebench_032::wrong_resource_pointer	1	core_static_cue_clean_rebuilt	core_admission_carried_forward	none	no	core_admission_carried_forward	core release provenance	core marked-sibling admission evidence carried forward from the audited core source layer
core::sra_v2_2::bigcodebench_033::wrong_resource_pointer	core_marked_sibling	L0_CORE_MARKED_SIBLING	bigcodebench	sra_v2_2::bigcodebench_033::wrong_resource_pointer	1	core_static_cue_clean_rebuilt	core_admission_carried_forward	none	no	core_admission_carried_forward	core release provenance	core marked-sibling admission evidence carried forward from the audited core source layer
core::sra_v2_2::bigcodebench_034::wrong_resource_pointer	core_marked_sibling	L0_CORE_MARKED_SIBLING	bigcodebench	sra_v2_2::bigcodebench_034::wrong_resource_pointer	1	core_static_cue_clean_rebuilt	core_admission_carried_forward	none	no	core_admission_carried_forward	core release provenance	core marked-sibling admission evidence carried forward from the audited core source layer
core::sra_v2_2::bigcodebench_035::wrong_resource_pointer	core_marked_sibling	L0_CORE_MARKED_SIBLING	bigcodebench	sra_v2_2::bigcodebench_035::wrong_resource_pointer	1	core_static_cue_clean_rebuilt	core_admission_carried_forward	none	no	core_admission_carried_forward	core release provenance	core marked-sibling admission evidence carried forward from the audited core source layer
core::sra_v2_2::bigcodebench_036::wrong_resource_pointer	core_marked_sibling	L0_CORE_MARKED_SIBLING	bigcodebench	sra_v2_2::bigcodebench_036::wrong_resource_pointer	1	core_static_cue_clean_rebuilt	core_admission_carried_forward	none	no	core_admission_carried_forward	core release provenance	core marked-sibling admission evidence carried forward from the audited core source layer
core::sra_v2_2::bigcodebench_037::wrong_resource_pointer	core_marked_sibling	L0_CORE_MARKED_SIBLING	bigcodebench	sra_v2_2::bigcodebench_037::wrong_resource_pointer	1	core_static_cue_clean_rebuilt	core_admission_carried_forward	none	no	core_admission_carried_forward	core release provenance	core marked-sibling admission evidence carried forward from the audited core source layer
core::sra_v2_2::bigcodebench_038::poisoned_procedure_clause	core_marked_sibling	L0_CORE_MARKED_SIBLING	bigcodebench	sra_v2_2::bigcodebench_038::poisoned_procedure_clause	1	core_static_cue_clean_rebuilt	core_admission_carried_forward	none	no	core_admission_carried_forward	core release provenance	core marked-sibling admission evidence carried forward from the audited core source layer
core::sra_v2_2::bigcodebench_039::wrong_resource_pointer	core_marked_sibling	L0_CORE_MARKED_SIBLING	bigcodebench	sra_v2_2::bigcodebench_039::wrong_resource_pointer	1	core_static_cue_clean_rebuilt	core_admission_carried_forward	none	no	core_admission_carried_forward	core release provenance	core marked-sibling admission evidence carried forward from the audited core source layer
core::sra_v2_2::bigcodebench_040::wrong_resource_pointer	core_marked_sibling	L0_CORE_MARKED_SIBLING	bigcodebench	sra_v2_2::bigcodebench_040::wrong_resource_pointer	1	core_static_cue_clean_rebuilt	core_admission_carried_forward	none	no	core_admission_carried_forward	core release provenance	core marked-sibling admission evidence carried forward from the audited core source layer
core::sra_v2_2::bigcodebench_041::wrong_resource_pointer	core_marked_sibling	L0_CORE_MARKED_SIBLING	bigcodebench	sra_v2_2::bigcodebench_041::wrong_resource_pointer	1	core_static_cue_clean_rebuilt	core_admission_carried_forward	none	no	core_admission_carried_forward	core release provenance	core marked-sibling admission evidence carried forward from the audited core source layer
core::sra_v2_2::bigcodebench_042::wrong_resource_pointer	core_marked_sibling	L0_CORE_MARKED_SIBLING	bigcodebench	sra_v2_2::bigcodebench_042::wrong_resource_pointer	1	core_static_cue_clean_rebuilt	core_admission_carried_forward	none	no	core_admission_carried_forward	core release provenance	core marked-sibling admission evidence carried forward from the audited core source layer
core::sra_v2_2::bigcodebench_043::wrong_resource_pointer	core_marked_sibling	L0_CORE_MARKED_SIBLING	bigcodebench	sra_v2_2::bigcodebench_043::wrong_resource_pointer	1	core_static_cue_clean_rebuilt	core_admission_carried_forward	none	no	core_admission_carried_forward	core release provenance	core marked-sibling admission evidence carried forward from the audited core source layer
core::sra_v2_2::bigcodebench_044::wrong_resource_pointer	core_marked_sibling	L0_CORE_MARKED_SIBLING	bigcodebench	sra_v2_2::bigcodebench_044::wrong_resource_pointer	1	core_static_cue_clean_rebuilt	core_admission_carried_forward	none	no	core_admission_carried_forward	core release provenance	core marked-sibling admission evidence carried forward from the audited core source layer
core::sra_v2_2::bigcodebench_045::wrong_resource_pointer	core_marked_sibling	L0_CORE_MARKED_SIBLING	bigcodebench	sra_v2_2::bigcodebench_045::wrong_resource_pointer	1	core_static_cue_clean_rebuilt	core_admission_carried_forward	none	no	core_admission_carried_forward	core release provenance	core marked-sibling admission evidence carried forward from the audited core source layer
core::sra_v2_2::bigcodebench_046::wrong_resource_pointer	core_marked_sibling	L0_CORE_MARKED_SIBLING	bigcodebench	sra_v2_2::bigcodebench_046::wrong_resource_pointer	1	core_static_cue_clean_rebuilt	core_admission_carried_forward	none	no	core_admission_carried_forward	core release provenance	core marked-sibling admission evidence carried forward from the audited core source layer
core::sra_v2_2::bigcodebench_047::wrong_resource_pointer	core_marked_sibling	L0_CORE_MARKED_SIBLING	bigcodebench	sra_v2_2::bigcodebench_047::wrong_resource_pointer	1	core_static_cue_clean_rebuilt	core_admission_carried_forward	none	no	core_admission_carried_forward	core release provenance	core marked-sibling admission evidence carried forward from the audited core source layer
core::sra_v2_2::bigcodebench_048::wrong_resource_pointer	core_marked_sibling	L0_CORE_MARKED_SIBLING	bigcodebench	sra_v2_2::bigcodebench_048::wrong_resource_pointer	1	core_static_cue_clean_rebuilt	core_admission_carried_forward	none	no	core_admission_carried_forward	core release provenance	core marked-sibling admission evidence carried forward from the audited core source layer
core::sra_v2_2::bigcodebench_049::wrong_resource_pointer	core_marked_sibling	L0_CORE_MARKED_SIBLING	bigcodebench	sra_v2_2::bigcodebench_049::wrong_resource_pointer	1	core_static_cue_clean_rebuilt	core_admission_carried_forward	none	no	core_admission_carried_forward	core release provenance	core marked-sibling admission evidence carried forward from the audited core source layer
core::sra_v2_2::bigcodebench_050::wrong_resource_pointer	core_marked_sibling	L0_CORE_MARKED_SIBLING	bigcodebench	sra_v2_2::bigcodebench_050::wrong_resource_pointer	1	core_static_cue_clean_rebuilt	core_admission_carried_forward	none	no	core_admission_carried_forward	core release provenance	core marked-sibling admission evidence carried forward from the audited core source layer
core::sra_v2_2::bigcodebench_051::wrong_resource_pointer	core_marked_sibling	L0_CORE_MARKED_SIBLING	bigcodebench	sra_v2_2::bigcodebench_051::wrong_resource_pointer	1	core_static_cue_clean_rebuilt	core_admission_carried_forward	none	no	core_admission_carried_forward	core release provenance	core marked-sibling admission evidence carried forward from the audited core source layer
core::sra_v2_2::bigcodebench_052::wrong_resource_pointer	core_marked_sibling	L0_CORE_MARKED_SIBLING	bigcodebench	sra_v2_2::bigcodebench_052::wrong_resource_pointer	1	core_static_cue_clean_rebuilt	core_admission_carried_forward	none	no	core_admission_carried_forward	core release provenance	core marked-sibling admission evidence carried forward from the audited core source layer
core::sra_v2_2::bigcodebench_053::wrong_resource_pointer	core_marked_sibling	L0_CORE_MARKED_SIBLING	bigcodebench	sra_v2_2::bigcodebench_053::wrong_resource_pointer	1	core_static_cue_clean_rebuilt	core_admission_carried_forward	none	no	core_admission_carried_forward	core release provenance	core marked-sibling admission evidence carried forward from the audited core source layer
core::sra_v2_2::bigcodebench_054::wrong_resource_pointer	core_marked_sibling	L0_CORE_MARKED_SIBLING	bigcodebench	sra_v2_2::bigcodebench_054::wrong_resource_pointer	1	core_static_cue_clean_rebuilt	core_admission_carried_forward	none	no	core_admission_carried_forward	core release provenance	core marked-sibling admission evidence carried forward from the audited core source layer
core::sra_v2_2::bigcodebench_055::wrong_resource_pointer	core_marked_sibling	L0_CORE_MARKED_SIBLING	bigcodebench	sra_v2_2::bigcodebench_055::wrong_resource_pointer	1	core_static_cue_clean_rebuilt	core_admission_carried_forward	none	no	core_admission_carried_forward	core release provenance	core marked-sibling admission evidence carried forward from the audited core source layer
core::sra_v2_2::bigcodebench_056::poisoned_procedure_clause	core_marked_sibling	L0_CORE_MARKED_SIBLING	bigcodebench	sra_v2_2::bigcodebench_056::poisoned_procedure_clause	1	core_static_cue_clean_rebuilt	core_admission_carried_forward	none	no	core_admission_carried_forward	core release provenance	core marked-sibling admission evidence carried forward from the audited core source layer
core::sra_v2_2::bigcodebench_057::wrong_resource_pointer	core_marked_sibling	L0_CORE_MARKED_SIBLING	bigcodebench	sra_v2_2::bigcodebench_057::wrong_resource_pointer	1	core_static_cue_clean_rebuilt	core_admission_carried_forward	none	no	core_admission_carried_forward	core release provenance	core marked-sibling admission evidence carried forward from the audited core source layer
core::sra_v2_2::bigcodebench_058::wrong_resource_pointer	core_marked_sibling	L0_CORE_MARKED_SIBLING	bigcodebench	sra_v2_2::bigcodebench_058::wrong_resource_pointer	1	core_static_cue_clean_rebuilt	core_admission_carried_forward	none	no	core_admission_carried_forward	core release provenance	core marked-sibling admission evidence carried forward from the audited core source layer
core::sra_v2_2::bigcodebench_059::poisoned_procedure_clause	core_marked_sibling	L0_CORE_MARKED_SIBLING	bigcodebench	sra_v2_2::bigcodebench_059::poisoned_procedure_clause	1	core_static_cue_clean_rebuilt	core_admission_carried_forward	none	no	core_admission_carried_forward	core release provenance	core marked-sibling admission evidence carried forward from the audited core source layer
core::sra_v2_2::bigcodebench_061::wrong_resource_pointer	core_marked_sibling	L0_CORE_MARKED_SIBLING	bigcodebench	sra_v2_2::bigcodebench_061::wrong_resource_pointer	1	core_static_cue_clean_rebuilt	core_admission_carried_forward	none	no	core_admission_carried_forward	core release provenance	core marked-sibling admission evidence carried forward from the audited core source layer
core::sra_v2_2::bigcodebench_062::wrong_resource_pointer	core_marked_sibling	L0_CORE_MARKED_SIBLING	bigcodebench	sra_v2_2::bigcodebench_062::wrong_resource_pointer	1	core_static_cue_clean_rebuilt	core_admission_carried_forward	none	no	core_admission_carried_forward	core release provenance	core marked-sibling admission evidence carried forward from the audited core source layer
core::sra_v2_2::bigcodebench_063::wrong_resource_pointer	core_marked_sibling	L0_CORE_MARKED_SIBLING	bigcodebench	sra_v2_2::bigcodebench_063::wrong_resource_pointer	1	core_static_cue_clean_rebuilt	core_admission_carried_forward	none	no	core_admission_carried_forward	core release provenance	core marked-sibling admission evidence carried forward from the audited core source layer
core::sra_v2_2::bigcodebench_064::poisoned_procedure_clause	core_marked_sibling	L0_CORE_MARKED_SIBLING	bigcodebench	sra_v2_2::bigcodebench_064::poisoned_procedure_clause	1	core_static_cue_clean_rebuilt	core_admission_carried_forward	none	no	core_admission_carried_forward	core release provenance	core marked-sibling admission evidence carried forward from the audited core source layer
core::sra_v2_2::bigcodebench_065::wrong_resource_pointer	core_marked_sibling	L0_CORE_MARKED_SIBLING	bigcodebench	sra_v2_2::bigcodebench_065::wrong_resource_pointer	1	core_static_cue_clean_rebuilt	core_admission_carried_forward	none	no	core_admission_carried_forward	core release provenance	core marked-sibling admission evidence carried forward from the audited core source layer
core::sra_v2_2::bigcodebench_066::wrong_resource_pointer	core_marked_sibling	L0_CORE_MARKED_SIBLING	bigcodebench	sra_v2_2::bigcodebench_066::wrong_resource_pointer	1	core_static_cue_clean_rebuilt	core_admission_carried_forward	none	no	core_admission_carried_forward	core release provenance	core marked-sibling admission evidence carried forward from the audited core source layer
core::sra_v2_2::bigcodebench_067::wrong_resource_pointer	core_marked_sibling	L0_CORE_MARKED_SIBLING	bigcodebench	sra_v2_2::bigcodebench_067::wrong_resource_pointer	1	core_static_cue_clean_rebuilt	core_admission_carried_forward	none	no	core_admission_carried_forward	core release provenance	core marked-sibling admission evidence carried forward from the audited core source layer
core::sra_v2_2::bigcodebench_068::wrong_resource_pointer	core_marked_sibling	L0_CORE_MARKED_SIBLING	bigcodebench	sra_v2_2::bigcodebench_068::wrong_resource_pointer	1	core_static_cue_clean_rebuilt	core_admission_carried_forward	none	no	core_admission_carried_forward	core release provenance	core marked-sibling admission evidence carried forward from the audited core source layer
core::sra_v2_2::bigcodebench_069::wrong_resource_pointer	core_marked_sibling	L0_CORE_MARKED_SIBLING	bigcodebench	sra_v2_2::bigcodebench_069::wrong_resource_pointer	1	core_static_cue_clean_rebuilt	core_admission_carried_forward	none	no	core_admission_carried_forward	core release provenance	core marked-sibling admission evidence carried forward from the audited core source layer
core::sra_v2_2::bigcodebench_070::wrong_resource_pointer	core_marked_sibling	L0_CORE_MARKED_SIBLING	bigcodebench	sra_v2_2::bigcodebench_070::wrong_resource_pointer	1	core_static_cue_clean_rebuilt	core_admission_carried_forward	none	no	core_admission_carried_forward	core release provenance	core marked-sibling admission evidence carried forward from the audited core source layer
core::sra_v2_2::bigcodebench_071::wrong_resource_pointer	core_marked_sibling	L0_CORE_MARKED_SIBLING	bigcodebench	sra_v2_2::bigcodebench_071::wrong_resource_pointer	1	core_static_cue_clean_rebuilt	core_admission_carried_forward	none	no	core_admission_carried_forward	core release provenance	core marked-sibling admission evidence carried forward from the audited core source layer
core::sra_v2_2::bigcodebench_072::wrong_resource_pointer	core_marked_sibling	L0_CORE_MARKED_SIBLING	bigcodebench	sra_v2_2::bigcodebench_072::wrong_resource_pointer	1	core_static_cue_clean_rebuilt	core_admission_carried_forward	none	no	core_admission_carried_forward	core release provenance	core marked-sibling admission evidence carried forward from the audited core source layer
core::sra_v2_2::bigcodebench_073::wrong_resource_pointer	core_marked_sibling	L0_CORE_MARKED_SIBLING	bigcodebench	sra_v2_2::bigcodebench_073::wrong_resource_pointer	1	core_static_cue_clean_rebuilt	core_admission_carried_forward	none	no	core_admission_carried_forward	core release provenance	core marked-sibling admission evidence carried forward from the audited core source layer
core::sra_v2_2::bigcodebench_074::wrong_resource_pointer	core_marked_sibling	L0_CORE_MARKED_SIBLING	bigcodebench	sra_v2_2::bigcodebench_074::wrong_resource_pointer	1	core_static_cue_clean_rebuilt	core_admission_carried_forward	none	no	core_admission_carried_forward	core release provenance	core marked-sibling admission evidence carried forward from the audited core source layer
core::sra_v2_2::bigcodebench_075::wrong_resource_pointer	core_marked_sibling	L0_CORE_MARKED_SIBLING	bigcodebench	sra_v2_2::bigcodebench_075::wrong_resource_pointer	1	core_static_cue_clean_rebuilt	core_admission_carried_forward	none	no	core_admission_carried_forward	core release provenance	core marked-sibling admission evidence carried forward from the audited core source layer
core::sra_v2_2::bigcodebench_076::wrong_precondition	core_marked_sibling	L0_CORE_MARKED_SIBLING	bigcodebench	sra_v2_2::bigcodebench_076::wrong_precondition	1	core_static_cue_clean_rebuilt	core_admission_carried_forward	none	no	core_admission_carried_forward	core release provenance	core marked-sibling admission evidence carried forward from the audited core source layer
core::sra_v2_2::bigcodebench_077::wrong_resource_pointer	core_marked_sibling	L0_CORE_MARKED_SIBLING	bigcodebench	sra_v2_2::bigcodebench_077::wrong_resource_pointer	1	core_static_cue_clean_rebuilt	core_admission_carried_forward	none	no	core_admission_carried_forward	core release provenance	core marked-sibling admission evidence carried forward from the audited core source layer
core::sra_v2_2::bigcodebench_078::wrong_resource_pointer	core_marked_sibling	L0_CORE_MARKED_SIBLING	bigcodebench	sra_v2_2::bigcodebench_078::wrong_resource_pointer	1	core_static_cue_clean_rebuilt	core_admission_carried_forward	none	no	core_admission_carried_forward	core release provenance	core marked-sibling admission evidence carried forward from the audited core source layer
core::sra_v2_2::bigcodebench_079::wrong_resource_pointer	core_marked_sibling	L0_CORE_MARKED_SIBLING	bigcodebench	sra_v2_2::bigcodebench_079::wrong_resource_pointer	1	core_static_cue_clean_rebuilt	core_admission_carried_forward	none	no	core_admission_carried_forward	core release provenance	core marked-sibling admission evidence carried forward from the audited core source layer
core::sra_v2_2::bigcodebench_080::wrong_resource_pointer	core_marked_sibling	L0_CORE_MARKED_SIBLING	bigcodebench	sra_v2_2::bigcodebench_080::wrong_resource_pointer	1	core_static_cue_clean_rebuilt	core_admission_carried_forward	none	no	core_admission_carried_forward	core release provenance	core marked-sibling admission evidence carried forward from the audited core source layer
core::sra_v2_2::bigcodebench_081::wrong_resource_pointer	core_marked_sibling	L0_CORE_MARKED_SIBLING	bigcodebench	sra_v2_2::bigcodebench_081::wrong_resource_pointer	1	core_static_cue_clean_rebuilt	core_admission_carried_forward	none	no	core_admission_carried_forward	core release provenance	core marked-sibling admission evidence carried forward from the audited core source layer
core::sra_v2_2::bigcodebench_082::wrong_resource_pointer	core_marked_sibling	L0_CORE_MARKED_SIBLING	bigcodebench	sra_v2_2::bigcodebench_082::wrong_resource_pointer	1	core_static_cue_clean_rebuilt	core_admission_carried_forward	none	no	core_admission_carried_forward	core release provenance	core marked-sibling admission evidence carried forward from the audited core source layer
core::sra_v2_2::bigcodebench_083::wrong_resource_pointer	core_marked_sibling	L0_CORE_MARKED_SIBLING	bigcodebench	sra_v2_2::bigcodebench_083::wrong_resource_pointer	1	core_static_cue_clean_rebuilt	core_admission_carried_forward	none	no	core_admission_carried_forward	core release provenance	core marked-sibling admission evidence carried forward from the audited core source layer
core::sra_v2_2::bigcodebench_084::wrong_resource_pointer	core_marked_sibling	L0_CORE_MARKED_SIBLING	bigcodebench	sra_v2_2::bigcodebench_084::wrong_resource_pointer	1	core_static_cue_clean_rebuilt	core_admission_carried_forward	none	no	core_admission_carried_forward	core release provenance	core marked-sibling admission evidence carried forward from the audited core source layer
core::sra_v2_2::bigcodebench_085::wrong_resource_pointer	core_marked_sibling	L0_CORE_MARKED_SIBLING	bigcodebench	sra_v2_2::bigcodebench_085::wrong_resource_pointer	1	core_static_cue_clean_rebuilt	core_admission_carried_forward	none	no	core_admission_carried_forward	core release provenance	core marked-sibling admission evidence carried forward from the audited core source layer
core::sra_v2_2::bigcodebench_086::wrong_resource_pointer	core_marked_sibling	L0_CORE_MARKED_SIBLING	bigcodebench	sra_v2_2::bigcodebench_086::wrong_resource_pointer	1	core_static_cue_clean_rebuilt	core_admission_carried_forward	none	no	core_admission_carried_forward	core release provenance	core marked-sibling admission evidence carried forward from the audited core source layer
core::sra_v2_2::bigcodebench_087::wrong_resource_pointer	core_marked_sibling	L0_CORE_MARKED_SIBLING	bigcodebench	sra_v2_2::bigcodebench_087::wrong_resource_pointer	1	core_static_cue_clean_rebuilt	core_admission_carried_forward	none	no	core_admission_carried_forward	core release provenance	core marked-sibling admission evidence carried forward from the audited core source layer
core::sra_v2_2::bigcodebench_088::wrong_resource_pointer	core_marked_sibling	L0_CORE_MARKED_SIBLING	bigcodebench	sra_v2_2::bigcodebench_088::wrong_resource_pointer	1	core_static_cue_clean_rebuilt	core_admission_carried_forward	none	no	core_admission_carried_forward	core release provenance	core marked-sibling admission evidence carried forward from the audited core source layer
core::sra_v2_2::bigcodebench_089::wrong_resource_pointer	core_marked_sibling	L0_CORE_MARKED_SIBLING	bigcodebench	sra_v2_2::bigcodebench_089::wrong_resource_pointer	1	core_static_cue_clean_rebuilt	core_admission_carried_forward	none	no	core_admission_carried_forward	core release provenance	core marked-sibling admission evidence carried forward from the audited core source layer
core::sra_v2_2::bigcodebench_090::wrong_resource_pointer	core_marked_sibling	L0_CORE_MARKED_SIBLING	bigcodebench	sra_v2_2::bigcodebench_090::wrong_resource_pointer	1	core_static_cue_clean_rebuilt	core_admission_carried_forward	none	no	core_admission_carried_forward	core release provenance	core marked-sibling admission evidence carried forward from the audited core source layer
core::sra_v2_2::bigcodebench_091::wrong_precondition	core_marked_sibling	L0_CORE_MARKED_SIBLING	bigcodebench	sra_v2_2::bigcodebench_091::wrong_precondition	1	core_static_cue_clean_rebuilt	core_admission_carried_forward	none	no	core_admission_carried_forward	core release provenance	core marked-sibling admission evidence carried forward from the audited core source layer
core::sra_v2_2::bigcodebench_092::wrong_resource_pointer	core_marked_sibling	L0_CORE_MARKED_SIBLING	bigcodebench	sra_v2_2::bigcodebench_092::wrong_resource_pointer	1	core_static_cue_clean_rebuilt	core_admission_carried_forward	none	no	core_admission_carried_forward	core release provenance	core marked-sibling admission evidence carried forward from the audited core source layer
core::sra_v2_2::bigcodebench_093::wrong_precondition	core_marked_sibling	L0_CORE_MARKED_SIBLING	bigcodebench	sra_v2_2::bigcodebench_093::wrong_precondition	1	core_static_cue_clean_rebuilt	core_admission_carried_forward	none	no	core_admission_carried_forward	core release provenance	core marked-sibling admission evidence carried forward from the audited core source layer
core::sra_v2_2::bigcodebench_094::wrong_resource_pointer	core_marked_sibling	L0_CORE_MARKED_SIBLING	bigcodebench	sra_v2_2::bigcodebench_094::wrong_resource_pointer	1	core_static_cue_clean_rebuilt	core_admission_carried_forward	none	no	core_admission_carried_forward	core release provenance	core marked-sibling admission evidence carried forward from the audited core source layer
core::sra_v2_2::bigcodebench_095::wrong_resource_pointer	core_marked_sibling	L0_CORE_MARKED_SIBLING	bigcodebench	sra_v2_2::bigcodebench_095::wrong_resource_pointer	1	core_static_cue_clean_rebuilt	core_admission_carried_forward	none	no	core_admission_carried_forward	core release provenance	core marked-sibling admission evidence carried forward from the audited core source layer
core::sra_v2_2::bigcodebench_096::poisoned_procedure_clause	core_marked_sibling	L0_CORE_MARKED_SIBLING	bigcodebench	sra_v2_2::bigcodebench_096::poisoned_procedure_clause	1	core_static_cue_clean_rebuilt	core_admission_carried_forward	none	no	core_admission_carried_forward	core release provenance	core marked-sibling admission evidence carried forward from the audited core source layer
core::sra_v2_2::bigcodebench_097::wrong_resource_pointer	core_marked_sibling	L0_CORE_MARKED_SIBLING	bigcodebench	sra_v2_2::bigcodebench_097::wrong_resource_pointer	1	core_static_cue_clean_rebuilt	core_admission_carried_forward	none	no	core_admission_carried_forward	core release provenance	core marked-sibling admission evidence carried forward from the audited core source layer
core::sra_v2_2::bigcodebench_098::wrong_resource_pointer	core_marked_sibling	L0_CORE_MARKED_SIBLING	bigcodebench	sra_v2_2::bigcodebench_098::wrong_resource_pointer	1	core_static_cue_clean_rebuilt	core_admission_carried_forward	none	no	core_admission_carried_forward	core release provenance	core marked-sibling admission evidence carried forward from the audited core source layer
core::sra_v2_2::bigcodebench_099::wrong_resource_pointer	core_marked_sibling	L0_CORE_MARKED_SIBLING	bigcodebench	sra_v2_2::bigcodebench_099::wrong_resource_pointer	1	core_static_cue_clean_rebuilt	core_admission_carried_forward	none	no	core_admission_carried_forward	core release provenance	core marked-sibling admission evidence carried forward from the audited core source layer
core::sra_v2_2::bigcodebench_100::wrong_resource_pointer	core_marked_sibling	L0_CORE_MARKED_SIBLING	bigcodebench	sra_v2_2::bigcodebench_100::wrong_resource_pointer	1	core_static_cue_clean_rebuilt	core_admission_carried_forward	none	no	core_admission_carried_forward	core release provenance	core marked-sibling admission evidence carried forward from the audited core source layer
core::sra_v2_2::bigcodebench_101::wrong_resource_pointer	core_marked_sibling	L0_CORE_MARKED_SIBLING	bigcodebench	sra_v2_2::bigcodebench_101::wrong_resource_pointer	1	core_static_cue_clean_rebuilt	core_admission_carried_forward	none	no	core_admission_carried_forward	core release provenance	core marked-sibling admission evidence carried forward from the audited core source layer
core::sra_v2_2::bigcodebench_102::wrong_resource_pointer	core_marked_sibling	L0_CORE_MARKED_SIBLING	bigcodebench	sra_v2_2::bigcodebench_102::wrong_resource_pointer	1	core_static_cue_clean_rebuilt	core_admission_carried_forward	none	no	core_admission_carried_forward	core release provenance	core marked-sibling admission evidence carried forward from the audited core source layer
core::sra_v2_2::bigcodebench_103::wrong_resource_pointer	core_marked_sibling	L0_CORE_MARKED_SIBLING	bigcodebench	sra_v2_2::bigcodebench_103::wrong_resource_pointer	1	core_static_cue_clean_rebuilt	core_admission_carried_forward	none	no	core_admission_carried_forward	core release provenance	core marked-sibling admission evidence carried forward from the audited core source layer
core::sra_v2_2::bigcodebench_104::wrong_resource_pointer	core_marked_sibling	L0_CORE_MARKED_SIBLING	bigcodebench	sra_v2_2::bigcodebench_104::wrong_resource_pointer	1	core_static_cue_clean_rebuilt	core_admission_carried_forward	none	no	core_admission_carried_forward	core release provenance	core marked-sibling admission evidence carried forward from the audited core source layer
core::sra_v2_2::bigcodebench_105::wrong_resource_pointer	core_marked_sibling	L0_CORE_MARKED_SIBLING	bigcodebench	sra_v2_2::bigcodebench_105::wrong_resource_pointer	1	core_static_cue_clean_rebuilt	core_admission_carried_forward	none	no	core_admission_carried_forward	core release provenance	core marked-sibling admission evidence carried forward from the audited core source layer
core::sra_v2_2::bigcodebench_106::wrong_resource_pointer	core_marked_sibling	L0_CORE_MARKED_SIBLING	bigcodebench	sra_v2_2::bigcodebench_106::wrong_resource_pointer	1	core_static_cue_clean_rebuilt	core_admission_carried_forward	none	no	core_admission_carried_forward	core release provenance	core marked-sibling admission evidence carried forward from the audited core source layer
core::sra_v2_2::bigcodebench_107::wrong_resource_pointer	core_marked_sibling	L0_CORE_MARKED_SIBLING	bigcodebench	sra_v2_2::bigcodebench_107::wrong_resource_pointer	1	core_static_cue_clean_rebuilt	core_admission_carried_forward	none	no	core_admission_carried_forward	core release provenance	core marked-sibling admission evidence carried forward from the audited core source layer
core::sra_v2_2::bigcodebench_108::wrong_resource_pointer	core_marked_sibling	L0_CORE_MARKED_SIBLING	bigcodebench	sra_v2_2::bigcodebench_108::wrong_resource_pointer	1	core_static_cue_clean_rebuilt	core_admission_carried_forward	none	no	core_admission_carried_forward	core release provenance	core marked-sibling admission evidence carried forward from the audited core source layer
core::sra_v2_2::bigcodebench_109::wrong_resource_pointer	core_marked_sibling	L0_CORE_MARKED_SIBLING	bigcodebench	sra_v2_2::bigcodebench_109::wrong_resource_pointer	1	core_static_cue_clean_rebuilt	core_admission_carried_forward	none	no	core_admission_carried_forward	core release provenance	core marked-sibling admission evidence carried forward from the audited core source layer
core::sra_v2_2::bigcodebench_110::wrong_resource_pointer	core_marked_sibling	L0_CORE_MARKED_SIBLING	bigcodebench	sra_v2_2::bigcodebench_110::wrong_resource_pointer	1	core_static_cue_clean_rebuilt	core_admission_carried_forward	none	no	core_admission_carried_forward	core release provenance	core marked-sibling admission evidence carried forward from the audited core source layer
core::sra_v2_2::bigcodebench_111::wrong_precondition	core_marked_sibling	L0_CORE_MARKED_SIBLING	bigcodebench	sra_v2_2::bigcodebench_111::wrong_precondition	1	core_static_cue_clean_rebuilt	core_admission_carried_forward	none	no	core_admission_carried_forward	core release provenance	core marked-sibling admission evidence carried forward from the audited core source layer
core::sra_v2_2::bigcodebench_112::wrong_resource_pointer	core_marked_sibling	L0_CORE_MARKED_SIBLING	bigcodebench	sra_v2_2::bigcodebench_112::wrong_resource_pointer	1	core_static_cue_clean_rebuilt	core_admission_carried_forward	none	no	core_admission_carried_forward	core release provenance	core marked-sibling admission evidence carried forward from the audited core source layer
core::sra_v2_2::bigcodebench_113::wrong_resource_pointer	core_marked_sibling	L0_CORE_MARKED_SIBLING	bigcodebench	sra_v2_2::bigcodebench_113::wrong_resource_pointer	1	core_static_cue_clean_rebuilt	core_admission_carried_forward	none	no	core_admission_carried_forward	core release provenance	core marked-sibling admission evidence carried forward from the audited core source layer
core::sra_v2_2::bigcodebench_114::poisoned_procedure_clause	core_marked_sibling	L0_CORE_MARKED_SIBLING	bigcodebench	sra_v2_2::bigcodebench_114::poisoned_procedure_clause	1	core_static_cue_clean_rebuilt	core_admission_carried_forward	none	no	core_admission_carried_forward	core release provenance	core marked-sibling admission evidence carried forward from the audited core source layer
core::sra_v2_2::bigcodebench_115::wrong_resource_pointer	core_marked_sibling	L0_CORE_MARKED_SIBLING	bigcodebench	sra_v2_2::bigcodebench_115::wrong_resource_pointer	1	core_static_cue_clean_rebuilt	core_admission_carried_forward	none	no	core_admission_carried_forward	core release provenance	core marked-sibling admission evidence carried forward from the audited core source layer
core::sra_v2_2::bigcodebench_116::wrong_resource_pointer	core_marked_sibling	L0_CORE_MARKED_SIBLING	bigcodebench	sra_v2_2::bigcodebench_116::wrong_resource_pointer	1	core_static_cue_clean_rebuilt	core_admission_carried_forward	none	no	core_admission_carried_forward	core release provenance	core marked-sibling admission evidence carried forward from the audited core source layer
core::sra_v2_2::bigcodebench_117::wrong_resource_pointer	core_marked_sibling	L0_CORE_MARKED_SIBLING	bigcodebench	sra_v2_2::bigcodebench_117::wrong_resource_pointer	1	core_static_cue_clean_rebuilt	core_admission_carried_forward	none	no	core_admission_carried_forward	core release provenance	core marked-sibling admission evidence carried forward from the audited core source layer
core::sra_v2_2::bigcodebench_118::wrong_precondition	core_marked_sibling	L0_CORE_MARKED_SIBLING	bigcodebench	sra_v2_2::bigcodebench_118::wrong_precondition	1	core_static_cue_clean_rebuilt	core_admission_carried_forward	none	no	core_admission_carried_forward	core release provenance	core marked-sibling admission evidence carried forward from the audited core source layer
core::sra_v2_2::bigcodebench_119::wrong_resource_pointer	core_marked_sibling	L0_CORE_MARKED_SIBLING	bigcodebench	sra_v2_2::bigcodebench_119::wrong_resource_pointer	1	core_static_cue_clean_rebuilt	core_admission_carried_forward	none	no	core_admission_carried_forward	core release provenance	core marked-sibling admission evidence carried forward from the audited core source layer
core::sra_v2_2::bigcodebench_120::poisoned_procedure_clause	core_marked_sibling	L0_CORE_MARKED_SIBLING	bigcodebench	sra_v2_2::bigcodebench_120::poisoned_procedure_clause	1	core_static_cue_clean_rebuilt	core_admission_carried_forward	none	no	core_admission_carried_forward	core release provenance	core marked-sibling admission evidence carried forward from the audited core source layer
core::sra_v2_2::bigcodebench_121::wrong_resource_pointer	core_marked_sibling	L0_CORE_MARKED_SIBLING	bigcodebench	sra_v2_2::bigcodebench_121::wrong_resource_pointer	1	core_static_cue_clean_rebuilt	core_admission_carried_forward	none	no	core_admission_carried_forward	core release provenance	core marked-sibling admission evidence carried forward from the audited core source layer
core::sra_v2_2::bigcodebench_122::wrong_resource_pointer	core_marked_sibling	L0_CORE_MARKED_SIBLING	bigcodebench	sra_v2_2::bigcodebench_122::wrong_resource_pointer	1	core_static_cue_clean_rebuilt	core_admission_carried_forward	none	no	core_admission_carried_forward	core release provenance	core marked-sibling admission evidence carried forward from the audited core source layer
core::sra_v2_2::bigcodebench_123::wrong_resource_pointer	core_marked_sibling	L0_CORE_MARKED_SIBLING	bigcodebench	sra_v2_2::bigcodebench_123::wrong_resource_pointer	1	core_static_cue_clean_rebuilt	core_admission_carried_forward	none	no	core_admission_carried_forward	core release provenance	core marked-sibling admission evidence carried forward from the audited core source layer
core::sra_v2_2::bigcodebench_125::wrong_resource_pointer	core_marked_sibling	L0_CORE_MARKED_SIBLING	bigcodebench	sra_v2_2::bigcodebench_125::wrong_resource_pointer	1	core_static_cue_clean_rebuilt	core_admission_carried_forward	none	no	core_admission_carried_forward	core release provenance	core marked-sibling admission evidence carried forward from the audited core source layer
core::sra_v2_2::bigcodebench_126::wrong_resource_pointer	core_marked_sibling	L0_CORE_MARKED_SIBLING	bigcodebench	sra_v2_2::bigcodebench_126::wrong_resource_pointer	1	core_static_cue_clean_rebuilt	core_admission_carried_forward	none	no	core_admission_carried_forward	core release provenance	core marked-sibling admission evidence carried forward from the audited core source layer
core::sra_v2_2::bigcodebench_127::wrong_resource_pointer	core_marked_sibling	L0_CORE_MARKED_SIBLING	bigcodebench	sra_v2_2::bigcodebench_127::wrong_resource_pointer	1	core_static_cue_clean_rebuilt	core_admission_carried_forward	none	no	core_admission_carried_forward	core release provenance	core marked-sibling admission evidence carried forward from the audited core source layer
core::sra_v2_2::bigcodebench_128::poisoned_procedure_clause	core_marked_sibling	L0_CORE_MARKED_SIBLING	bigcodebench	sra_v2_2::bigcodebench_128::poisoned_procedure_clause	1	core_static_cue_clean_rebuilt	core_admission_carried_forward	none	no	core_admission_carried_forward	core release provenance	core marked-sibling admission evidence carried forward from the audited core source layer
core::sra_v2_2::bigcodebench_129::wrong_resource_pointer	core_marked_sibling	L0_CORE_MARKED_SIBLING	bigcodebench	sra_v2_2::bigcodebench_129::wrong_resource_pointer	1	core_static_cue_clean_rebuilt	core_admission_carried_forward	none	no	core_admission_carried_forward	core release provenance	core marked-sibling admission evidence carried forward from the audited core source layer
core::sra_v2_2::bigcodebench_130::wrong_resource_pointer	core_marked_sibling	L0_CORE_MARKED_SIBLING	bigcodebench	sra_v2_2::bigcodebench_130::wrong_resource_pointer	1	core_static_cue_clean_rebuilt	core_admission_carried_forward	none	no	core_admission_carried_forward	core release provenance	core marked-sibling admission evidence carried forward from the audited core source layer
core::sra_v2_2::bigcodebench_131::wrong_resource_pointer	core_marked_sibling	L0_CORE_MARKED_SIBLING	bigcodebench	sra_v2_2::bigcodebench_131::wrong_resource_pointer	1	core_static_cue_clean_rebuilt	core_admission_carried_forward	none	no	core_admission_carried_forward	core release provenance	core marked-sibling admission evidence carried forward from the audited core source layer
core::sra_v2_2::bigcodebench_132::poisoned_procedure_clause	core_marked_sibling	L0_CORE_MARKED_SIBLING	bigcodebench	sra_v2_2::bigcodebench_132::poisoned_procedure_clause	1	core_static_cue_clean_rebuilt	core_admission_carried_forward	none	no	core_admission_carried_forward	core release provenance	core marked-sibling admission evidence carried forward from the audited core source layer
core::sra_v2_2::bigcodebench_133::wrong_resource_pointer	core_marked_sibling	L0_CORE_MARKED_SIBLING	bigcodebench	sra_v2_2::bigcodebench_133::wrong_resource_pointer	1	core_static_cue_clean_rebuilt	core_admission_carried_forward	none	no	core_admission_carried_forward	core release provenance	core marked-sibling admission evidence carried forward from the audited core source layer
core::sra_v2_2::bigcodebench_134::wrong_resource_pointer	core_marked_sibling	L0_CORE_MARKED_SIBLING	bigcodebench	sra_v2_2::bigcodebench_134::wrong_resource_pointer	1	core_static_cue_clean_rebuilt	core_admission_carried_forward	none	no	core_admission_carried_forward	core release provenance	core marked-sibling admission evidence carried forward from the audited core source layer
core::sra_v2_2::bigcodebench_135::wrong_resource_pointer	core_marked_sibling	L0_CORE_MARKED_SIBLING	bigcodebench	sra_v2_2::bigcodebench_135::wrong_resource_pointer	1	core_static_cue_clean_rebuilt	core_admission_carried_forward	none	no	core_admission_carried_forward	core release provenance	core marked-sibling admission evidence carried forward from the audited core source layer
core::sra_v2_2::bigcodebench_136::wrong_resource_pointer	core_marked_sibling	L0_CORE_MARKED_SIBLING	bigcodebench	sra_v2_2::bigcodebench_136::wrong_resource_pointer	1	core_static_cue_clean_rebuilt	core_admission_carried_forward	none	no	core_admission_carried_forward	core release provenance	core marked-sibling admission evidence carried forward from the audited core source layer
core::sra_v2_2::bigcodebench_137::wrong_resource_pointer	core_marked_sibling	L0_CORE_MARKED_SIBLING	bigcodebench	sra_v2_2::bigcodebench_137::wrong_resource_pointer	1	core_static_cue_clean_rebuilt	core_admission_carried_forward	none	no	core_admission_carried_forward	core release provenance	core marked-sibling admission evidence carried forward from the audited core source layer
core::sra_v2_2::bigcodebench_138::wrong_resource_pointer	core_marked_sibling	L0_CORE_MARKED_SIBLING	bigcodebench	sra_v2_2::bigcodebench_138::wrong_resource_pointer	1	core_static_cue_clean_rebuilt	core_admission_carried_forward	none	no	core_admission_carried_forward	core release provenance	core marked-sibling admission evidence carried forward from the audited core source layer
core::sra_v2_2::champ_000::wrong_precondition	core_marked_sibling	L0_CORE_MARKED_SIBLING	champ	sra_v2_2::champ_000::wrong_precondition	1	core_static_cue_clean_rebuilt	core_admission_carried_forward	none	no	core_admission_carried_forward	core release provenance	core marked-sibling admission evidence carried forward from the audited core source layer
core::sra_v2_2::champ_001::wrong_precondition	core_marked_sibling	L0_CORE_MARKED_SIBLING	champ	sra_v2_2::champ_001::wrong_precondition	1	core_static_cue_clean_rebuilt	core_admission_carried_forward	none	no	core_admission_carried_forward	core release provenance	core marked-sibling admission evidence carried forward from the audited core source layer
core::sra_v2_2::champ_002::wrong_precondition	core_marked_sibling	L0_CORE_MARKED_SIBLING	champ	sra_v2_2::champ_002::wrong_precondition	1	core_static_cue_clean_rebuilt	core_admission_carried_forward	none	no	core_admission_carried_forward	core release provenance	core marked-sibling admission evidence carried forward from the audited core source layer
core::sra_v2_2::champ_003::wrong_precondition	core_marked_sibling	L0_CORE_MARKED_SIBLING	champ	sra_v2_2::champ_003::wrong_precondition	1	core_static_cue_clean_rebuilt	core_admission_carried_forward	none	no	core_admission_carried_forward	core release provenance	core marked-sibling admission evidence carried forward from the audited core source layer
core::sra_v2_2::champ_004::wrong_precondition	core_marked_sibling	L0_CORE_MARKED_SIBLING	champ	sra_v2_2::champ_004::wrong_precondition	1	core_static_cue_clean_rebuilt	core_admission_carried_forward	none	no	core_admission_carried_forward	core release provenance	core marked-sibling admission evidence carried forward from the audited core source layer
core::sra_v2_2::champ_005::wrong_precondition	core_marked_sibling	L0_CORE_MARKED_SIBLING	champ	sra_v2_2::champ_005::wrong_precondition	1	core_static_cue_clean_rebuilt	core_admission_carried_forward	none	no	core_admission_carried_forward	core release provenance	core marked-sibling admission evidence carried forward from the audited core source layer
core::sra_v2_2::champ_006::wrong_precondition	core_marked_sibling	L0_CORE_MARKED_SIBLING	champ	sra_v2_2::champ_006::wrong_precondition	1	core_static_cue_clean_rebuilt	core_admission_carried_forward	none	no	core_admission_carried_forward	core release provenance	core marked-sibling admission evidence carried forward from the audited core source layer
core::sra_v2_2::champ_007::wrong_resource_pointer	core_marked_sibling	L0_CORE_MARKED_SIBLING	champ	sra_v2_2::champ_007::wrong_resource_pointer	1	core_static_cue_clean_rebuilt	core_admission_carried_forward	none	no	core_admission_carried_forward	core release provenance	core marked-sibling admission evidence carried forward from the audited core source layer
core::sra_v2_2::champ_008::wrong_precondition	core_marked_sibling	L0_CORE_MARKED_SIBLING	champ	sra_v2_2::champ_008::wrong_precondition	1	core_static_cue_clean_rebuilt	core_admission_carried_forward	none	no	core_admission_carried_forward	core release provenance	core marked-sibling admission evidence carried forward from the audited core source layer
core::sra_v2_2::champ_009::wrong_resource_pointer	core_marked_sibling	L0_CORE_MARKED_SIBLING	champ	sra_v2_2::champ_009::wrong_resource_pointer	1	core_static_cue_clean_rebuilt	core_admission_carried_forward	none	no	core_admission_carried_forward	core release provenance	core marked-sibling admission evidence carried forward from the audited core source layer
core::sra_v2_2::champ_010::wrong_precondition	core_marked_sibling	L0_CORE_MARKED_SIBLING	champ	sra_v2_2::champ_010::wrong_precondition	1	core_static_cue_clean_rebuilt	core_admission_carried_forward	none	no	core_admission_carried_forward	core release provenance	core marked-sibling admission evidence carried forward from the audited core source layer
core::sra_v2_2::champ_011::wrong_precondition	core_marked_sibling	L0_CORE_MARKED_SIBLING	champ	sra_v2_2::champ_011::wrong_precondition	1	core_static_cue_clean_rebuilt	core_admission_carried_forward	none	no	core_admission_carried_forward	core release provenance	core marked-sibling admission evidence carried forward from the audited core source layer
core::sra_v2_2::champ_012::wrong_resource_pointer	core_marked_sibling	L0_CORE_MARKED_SIBLING	champ	sra_v2_2::champ_012::wrong_resource_pointer	1	core_static_cue_clean_rebuilt	core_admission_carried_forward	none	no	core_admission_carried_forward	core release provenance	core marked-sibling admission evidence carried forward from the audited core source layer
core::sra_v2_2::champ_013::wrong_resource_pointer	core_marked_sibling	L0_CORE_MARKED_SIBLING	champ	sra_v2_2::champ_013::wrong_resource_pointer	1	core_static_cue_clean_rebuilt	core_admission_carried_forward	none	no	core_admission_carried_forward	core release provenance	core marked-sibling admission evidence carried forward from the audited core source layer
core::sra_v2_2::champ_014::wrong_resource_pointer	core_marked_sibling	L0_CORE_MARKED_SIBLING	champ	sra_v2_2::champ_014::wrong_resource_pointer	1	core_static_cue_clean_rebuilt	core_admission_carried_forward	none	no	core_admission_carried_forward	core release provenance	core marked-sibling admission evidence carried forward from the audited core source layer
core::sra_v2_2::champ_015::wrong_precondition	core_marked_sibling	L0_CORE_MARKED_SIBLING	champ	sra_v2_2::champ_015::wrong_precondition	1	core_static_cue_clean_rebuilt	core_admission_carried_forward	none	no	core_admission_carried_forward	core release provenance	core marked-sibling admission evidence carried forward from the audited core source layer
core::sra_v2_2::champ_016::wrong_precondition	core_marked_sibling	L0_CORE_MARKED_SIBLING	champ	sra_v2_2::champ_016::wrong_precondition	1	core_static_cue_clean_rebuilt	core_admission_carried_forward	none	no	core_admission_carried_forward	core release provenance	core marked-sibling admission evidence carried forward from the audited core source layer
core::sra_v2_2::champ_017::wrong_resource_pointer	core_marked_sibling	L0_CORE_MARKED_SIBLING	champ	sra_v2_2::champ_017::wrong_resource_pointer	1	core_static_cue_clean_rebuilt	core_admission_carried_forward	none	no	core_admission_carried_forward	core release provenance	core marked-sibling admission evidence carried forward from the audited core source layer
core::sra_v2_2::champ_018::wrong_precondition	core_marked_sibling	L0_CORE_MARKED_SIBLING	champ	sra_v2_2::champ_018::wrong_precondition	1	core_static_cue_clean_rebuilt	core_admission_carried_forward	none	no	core_admission_carried_forward	core release provenance	core marked-sibling admission evidence carried forward from the audited core source layer
core::sra_v2_2::champ_019::wrong_resource_pointer	core_marked_sibling	L0_CORE_MARKED_SIBLING	champ	sra_v2_2::champ_019::wrong_resource_pointer	1	core_static_cue_clean_rebuilt	core_admission_carried_forward	none	no	core_admission_carried_forward	core release provenance	core marked-sibling admission evidence carried forward from the audited core source layer
core::sra_v2_2::champ_020::wrong_precondition	core_marked_sibling	L0_CORE_MARKED_SIBLING	champ	sra_v2_2::champ_020::wrong_precondition	1	core_static_cue_clean_rebuilt	core_admission_carried_forward	none	no	core_admission_carried_forward	core release provenance	core marked-sibling admission evidence carried forward from the audited core source layer
core::sra_v2_2::champ_021::wrong_precondition	core_marked_sibling	L0_CORE_MARKED_SIBLING	champ	sra_v2_2::champ_021::wrong_precondition	1	core_static_cue_clean_rebuilt	core_admission_carried_forward	none	no	core_admission_carried_forward	core release provenance	core marked-sibling admission evidence carried forward from the audited core source layer
core::sra_v2_2::champ_022::wrong_precondition	core_marked_sibling	L0_CORE_MARKED_SIBLING	champ	sra_v2_2::champ_022::wrong_precondition	1	core_static_cue_clean_rebuilt	core_admission_carried_forward	none	no	core_admission_carried_forward	core release provenance	core marked-sibling admission evidence carried forward from the audited core source layer
core::sra_v2_2::champ_023::wrong_precondition	core_marked_sibling	L0_CORE_MARKED_SIBLING	champ	sra_v2_2::champ_023::wrong_precondition	1	core_static_cue_clean_rebuilt	core_admission_carried_forward	none	no	core_admission_carried_forward	core release provenance	core marked-sibling admission evidence carried forward from the audited core source layer
core::sra_v2_2::champ_024::wrong_precondition	core_marked_sibling	L0_CORE_MARKED_SIBLING	champ	sra_v2_2::champ_024::wrong_precondition	1	core_static_cue_clean_rebuilt	core_admission_carried_forward	none	no	core_admission_carried_forward	core release provenance	core marked-sibling admission evidence carried forward from the audited core source layer
core::sra_v2_2::champ_025::wrong_precondition	core_marked_sibling	L0_CORE_MARKED_SIBLING	champ	sra_v2_2::champ_025::wrong_precondition	1	core_static_cue_clean_rebuilt	core_admission_carried_forward	none	no	core_admission_carried_forward	core release provenance	core marked-sibling admission evidence carried forward from the audited core source layer
core::sra_v2_2::champ_026::wrong_precondition	core_marked_sibling	L0_CORE_MARKED_SIBLING	champ	sra_v2_2::champ_026::wrong_precondition	1	core_static_cue_clean_rebuilt	core_admission_carried_forward	none	no	core_admission_carried_forward	core release provenance	core marked-sibling admission evidence carried forward from the audited core source layer
core::sra_v2_2::champ_027::wrong_precondition	core_marked_sibling	L0_CORE_MARKED_SIBLING	champ	sra_v2_2::champ_027::wrong_precondition	1	core_static_cue_clean_rebuilt	core_admission_carried_forward	none	no	core_admission_carried_forward	core release provenance	core marked-sibling admission evidence carried forward from the audited core source layer
core::sra_v2_2::champ_028::wrong_precondition	core_marked_sibling	L0_CORE_MARKED_SIBLING	champ	sra_v2_2::champ_028::wrong_precondition	1	core_static_cue_clean_rebuilt	core_admission_carried_forward	none	no	core_admission_carried_forward	core release provenance	core marked-sibling admission evidence carried forward from the audited core source layer
core::sra_v2_2::champ_029::wrong_precondition	core_marked_sibling	L0_CORE_MARKED_SIBLING	champ	sra_v2_2::champ_029::wrong_precondition	1	core_static_cue_clean_rebuilt	core_admission_carried_forward	none	no	core_admission_carried_forward	core release provenance	core marked-sibling admission evidence carried forward from the audited core source layer
core::sra_v2_2::champ_030::wrong_precondition	core_marked_sibling	L0_CORE_MARKED_SIBLING	champ	sra_v2_2::champ_030::wrong_precondition	1	core_static_cue_clean_rebuilt	core_admission_carried_forward	none	no	core_admission_carried_forward	core release provenance	core marked-sibling admission evidence carried forward from the audited core source layer
core::sra_v2_2::champ_031::wrong_precondition	core_marked_sibling	L0_CORE_MARKED_SIBLING	champ	sra_v2_2::champ_031::wrong_precondition	1	core_static_cue_clean_rebuilt	core_admission_carried_forward	none	no	core_admission_carried_forward	core release provenance	core marked-sibling admission evidence carried forward from the audited core source layer
core::sra_v2_2::champ_032::wrong_precondition	core_marked_sibling	L0_CORE_MARKED_SIBLING	champ	sra_v2_2::champ_032::wrong_precondition	1	core_static_cue_clean_rebuilt	core_admission_carried_forward	none	no	core_admission_carried_forward	core release provenance	core marked-sibling admission evidence carried forward from the audited core source layer
core::sra_v2_2::champ_033::wrong_precondition	core_marked_sibling	L0_CORE_MARKED_SIBLING	champ	sra_v2_2::champ_033::wrong_precondition	1	core_static_cue_clean_rebuilt	core_admission_carried_forward	none	no	core_admission_carried_forward	core release provenance	core marked-sibling admission evidence carried forward from the audited core source layer
core::sra_v2_2::champ_034::wrong_precondition	core_marked_sibling	L0_CORE_MARKED_SIBLING	champ	sra_v2_2::champ_034::wrong_precondition	1	core_static_cue_clean_rebuilt	core_admission_carried_forward	none	no	core_admission_carried_forward	core release provenance	core marked-sibling admission evidence carried forward from the audited core source layer
core::sra_v2_2::champ_035::wrong_resource_pointer	core_marked_sibling	L0_CORE_MARKED_SIBLING	champ	sra_v2_2::champ_035::wrong_resource_pointer	1	core_static_cue_clean_rebuilt	core_admission_carried_forward	none	no	core_admission_carried_forward	core release provenance	core marked-sibling admission evidence carried forward from the audited core source layer
core::sra_v2_2::champ_036::wrong_precondition	core_marked_sibling	L0_CORE_MARKED_SIBLING	champ	sra_v2_2::champ_036::wrong_precondition	1	core_static_cue_clean_rebuilt	core_admission_carried_forward	none	no	core_admission_carried_forward	core release provenance	core marked-sibling admission evidence carried forward from the audited core source layer
core::sra_v2_2::champ_037::wrong_precondition	core_marked_sibling	L0_CORE_MARKED_SIBLING	champ	sra_v2_2::champ_037::wrong_precondition	1	core_static_cue_clean_rebuilt	core_admission_carried_forward	none	no	core_admission_carried_forward	core release provenance	core marked-sibling admission evidence carried forward from the audited core source layer
core::sra_v2_2::champ_038::wrong_precondition	core_marked_sibling	L0_CORE_MARKED_SIBLING	champ	sra_v2_2::champ_038::wrong_precondition	1	core_static_cue_clean_rebuilt	core_admission_carried_forward	none	no	core_admission_carried_forward	core release provenance	core marked-sibling admission evidence carried forward from the audited core source layer
core::sra_v2_2::champ_039::wrong_resource_pointer	core_marked_sibling	L0_CORE_MARKED_SIBLING	champ	sra_v2_2::champ_039::wrong_resource_pointer	1	core_static_cue_clean_rebuilt	core_admission_carried_forward	none	no	core_admission_carried_forward	core release provenance	core marked-sibling admission evidence carried forward from the audited core source layer
core::sra_v2_2::champ_040::wrong_precondition	core_marked_sibling	L0_CORE_MARKED_SIBLING	champ	sra_v2_2::champ_040::wrong_precondition	1	core_static_cue_clean_rebuilt	core_admission_carried_forward	none	no	core_admission_carried_forward	core release provenance	core marked-sibling admission evidence carried forward from the audited core source layer
core::sra_v2_2::champ_041::wrong_resource_pointer	core_marked_sibling	L0_CORE_MARKED_SIBLING	champ	sra_v2_2::champ_041::wrong_resource_pointer	1	core_static_cue_clean_rebuilt	core_admission_carried_forward	none	no	core_admission_carried_forward	core release provenance	core marked-sibling admission evidence carried forward from the audited core source layer
core::sra_v2_2::champ_042::wrong_precondition	core_marked_sibling	L0_CORE_MARKED_SIBLING	champ	sra_v2_2::champ_042::wrong_precondition	1	core_static_cue_clean_rebuilt	core_admission_carried_forward	none	no	core_admission_carried_forward	core release provenance	core marked-sibling admission evidence carried forward from the audited core source layer
core::sra_v2_2::champ_043::wrong_precondition	core_marked_sibling	L0_CORE_MARKED_SIBLING	champ	sra_v2_2::champ_043::wrong_precondition	1	core_static_cue_clean_rebuilt	core_admission_carried_forward	none	no	core_admission_carried_forward	core release provenance	core marked-sibling admission evidence carried forward from the audited core source layer
core::sra_v2_2::champ_044::wrong_precondition	core_marked_sibling	L0_CORE_MARKED_SIBLING	champ	sra_v2_2::champ_044::wrong_precondition	1	core_static_cue_clean_rebuilt	core_admission_carried_forward	none	no	core_admission_carried_forward	core release provenance	core marked-sibling admission evidence carried forward from the audited core source layer
core::sra_v2_2::champ_045::wrong_precondition	core_marked_sibling	L0_CORE_MARKED_SIBLING	champ	sra_v2_2::champ_045::wrong_precondition	1	core_static_cue_clean_rebuilt	core_admission_carried_forward	none	no	core_admission_carried_forward	core release provenance	core marked-sibling admission evidence carried forward from the audited core source layer
core::sra_v2_2::champ_046::wrong_precondition	core_marked_sibling	L0_CORE_MARKED_SIBLING	champ	sra_v2_2::champ_046::wrong_precondition	1	core_static_cue_clean_rebuilt	core_admission_carried_forward	none	no	core_admission_carried_forward	core release provenance	core marked-sibling admission evidence carried forward from the audited core source layer
core::sra_v2_2::champ_047::wrong_resource_pointer	core_marked_sibling	L0_CORE_MARKED_SIBLING	champ	sra_v2_2::champ_047::wrong_resource_pointer	1	core_static_cue_clean_rebuilt	core_admission_carried_forward	none	no	core_admission_carried_forward	core release provenance	core marked-sibling admission evidence carried forward from the audited core source layer
core::sra_v2_2::champ_048::wrong_precondition	core_marked_sibling	L0_CORE_MARKED_SIBLING	champ	sra_v2_2::champ_048::wrong_precondition	1	core_static_cue_clean_rebuilt	core_admission_carried_forward	none	no	core_admission_carried_forward	core release provenance	core marked-sibling admission evidence carried forward from the audited core source layer
core::sra_v2_2::champ_049::wrong_precondition	core_marked_sibling	L0_CORE_MARKED_SIBLING	champ	sra_v2_2::champ_049::wrong_precondition	1	core_static_cue_clean_rebuilt	core_admission_carried_forward	none	no	core_admission_carried_forward	core release provenance	core marked-sibling admission evidence carried forward from the audited core source layer
core::sra_v2_2::champ_050::wrong_precondition	core_marked_sibling	L0_CORE_MARKED_SIBLING	champ	sra_v2_2::champ_050::wrong_precondition	1	core_static_cue_clean_rebuilt	core_admission_carried_forward	none	no	core_admission_carried_forward	core release provenance	core marked-sibling admission evidence carried forward from the audited core source layer
core::sra_v2_2::champ_051::wrong_resource_pointer	core_marked_sibling	L0_CORE_MARKED_SIBLING	champ	sra_v2_2::champ_051::wrong_resource_pointer	1	core_static_cue_clean_rebuilt	core_admission_carried_forward	none	no	core_admission_carried_forward	core release provenance	core marked-sibling admission evidence carried forward from the audited core source layer
core::sra_v2_2::champ_052::wrong_resource_pointer	core_marked_sibling	L0_CORE_MARKED_SIBLING	champ	sra_v2_2::champ_052::wrong_resource_pointer	1	core_static_cue_clean_rebuilt	core_admission_carried_forward	none	no	core_admission_carried_forward	core release provenance	core marked-sibling admission evidence carried forward from the audited core source layer
core::sra_v2_2::champ_053::wrong_precondition	core_marked_sibling	L0_CORE_MARKED_SIBLING	champ	sra_v2_2::champ_053::wrong_precondition	1	core_static_cue_clean_rebuilt	core_admission_carried_forward	none	no	core_admission_carried_forward	core release provenance	core marked-sibling admission evidence carried forward from the audited core source layer
core::sra_v2_2::champ_054::wrong_resource_pointer	core_marked_sibling	L0_CORE_MARKED_SIBLING	champ	sra_v2_2::champ_054::wrong_resource_pointer	1	core_static_cue_clean_rebuilt	core_admission_carried_forward	none	no	core_admission_carried_forward	core release provenance	core marked-sibling admission evidence carried forward from the audited core source layer
core::sra_v2_2::champ_055::wrong_precondition	core_marked_sibling	L0_CORE_MARKED_SIBLING	champ	sra_v2_2::champ_055::wrong_precondition	1	core_static_cue_clean_rebuilt	core_admission_carried_forward	none	no	core_admission_carried_forward	core release provenance	core marked-sibling admission evidence carried forward from the audited core source layer
core::sra_v2_2::champ_056::wrong_precondition	core_marked_sibling	L0_CORE_MARKED_SIBLING	champ	sra_v2_2::champ_056::wrong_precondition	1	core_static_cue_clean_rebuilt	core_admission_carried_forward	none	no	core_admission_carried_forward	core release provenance	core marked-sibling admission evidence carried forward from the audited core source layer
core::sra_v2_2::champ_057::wrong_precondition	core_marked_sibling	L0_CORE_MARKED_SIBLING	champ	sra_v2_2::champ_057::wrong_precondition	1	core_static_cue_clean_rebuilt	core_admission_carried_forward	none	no	core_admission_carried_forward	core release provenance	core marked-sibling admission evidence carried forward from the audited core source layer
core::sra_v2_2::champ_058::wrong_precondition	core_marked_sibling	L0_CORE_MARKED_SIBLING	champ	sra_v2_2::champ_058::wrong_precondition	1	core_static_cue_clean_rebuilt	core_admission_carried_forward	none	no	core_admission_carried_forward	core release provenance	core marked-sibling admission evidence carried forward from the audited core source layer
core::sra_v2_2::champ_059::wrong_precondition	core_marked_sibling	L0_CORE_MARKED_SIBLING	champ	sra_v2_2::champ_059::wrong_precondition	1	core_static_cue_clean_rebuilt	core_admission_carried_forward	none	no	core_admission_carried_forward	core release provenance	core marked-sibling admission evidence carried forward from the audited core source layer
core::sra_v2_2::champ_060::wrong_resource_pointer	core_marked_sibling	L0_CORE_MARKED_SIBLING	champ	sra_v2_2::champ_060::wrong_resource_pointer	1	core_static_cue_clean_rebuilt	core_admission_carried_forward	none	no	core_admission_carried_forward	core release provenance	core marked-sibling admission evidence carried forward from the audited core source layer
core::sra_v2_2::champ_061::wrong_precondition	core_marked_sibling	L0_CORE_MARKED_SIBLING	champ	sra_v2_2::champ_061::wrong_precondition	1	core_static_cue_clean_rebuilt	core_admission_carried_forward	none	no	core_admission_carried_forward	core release provenance	core marked-sibling admission evidence carried forward from the audited core source layer
core::sra_v2_2::champ_062::wrong_precondition	core_marked_sibling	L0_CORE_MARKED_SIBLING	champ	sra_v2_2::champ_062::wrong_precondition	1	core_static_cue_clean_rebuilt	core_admission_carried_forward	none	no	core_admission_carried_forward	core release provenance	core marked-sibling admission evidence carried forward from the audited core source layer
core::sra_v2_2::champ_063::wrong_precondition	core_marked_sibling	L0_CORE_MARKED_SIBLING	champ	sra_v2_2::champ_063::wrong_precondition	1	core_static_cue_clean_rebuilt	core_admission_carried_forward	none	no	core_admission_carried_forward	core release provenance	core marked-sibling admission evidence carried forward from the audited core source layer
core::sra_v2_2::champ_064::wrong_resource_pointer	core_marked_sibling	L0_CORE_MARKED_SIBLING	champ	sra_v2_2::champ_064::wrong_resource_pointer	1	core_static_cue_clean_rebuilt	core_admission_carried_forward	none	no	core_admission_carried_forward	core release provenance	core marked-sibling admission evidence carried forward from the audited core source layer
core::sra_v2_2::champ_065::wrong_precondition	core_marked_sibling	L0_CORE_MARKED_SIBLING	champ	sra_v2_2::champ_065::wrong_precondition	1	core_static_cue_clean_rebuilt	core_admission_carried_forward	none	no	core_admission_carried_forward	core release provenance	core marked-sibling admission evidence carried forward from the audited core source layer
core::sra_v2_2::champ_066::wrong_resource_pointer	core_marked_sibling	L0_CORE_MARKED_SIBLING	champ	sra_v2_2::champ_066::wrong_resource_pointer	1	core_static_cue_clean_rebuilt	core_admission_carried_forward	none	no	core_admission_carried_forward	core release provenance	core marked-sibling admission evidence carried forward from the audited core source layer
core::sra_v2_2::champ_067::wrong_precondition	core_marked_sibling	L0_CORE_MARKED_SIBLING	champ	sra_v2_2::champ_067::wrong_precondition	1	core_static_cue_clean_rebuilt	core_admission_carried_forward	none	no	core_admission_carried_forward	core release provenance	core marked-sibling admission evidence carried forward from the audited core source layer
core::sra_v2_2::champ_068::wrong_precondition	core_marked_sibling	L0_CORE_MARKED_SIBLING	champ	sra_v2_2::champ_068::wrong_precondition	1	core_static_cue_clean_rebuilt	core_admission_carried_forward	none	no	core_admission_carried_forward	core release provenance	core marked-sibling admission evidence carried forward from the audited core source layer
core::sra_v2_2::champ_069::wrong_resource_pointer	core_marked_sibling	L0_CORE_MARKED_SIBLING	champ	sra_v2_2::champ_069::wrong_resource_pointer	1	core_static_cue_clean_rebuilt	core_admission_carried_forward	none	no	core_admission_carried_forward	core release provenance	core marked-sibling admission evidence carried forward from the audited core source layer
core::sra_v2_2::champ_070::wrong_precondition	core_marked_sibling	L0_CORE_MARKED_SIBLING	champ	sra_v2_2::champ_070::wrong_precondition	1	core_static_cue_clean_rebuilt	core_admission_carried_forward	none	no	core_admission_carried_forward	core release provenance	core marked-sibling admission evidence carried forward from the audited core source layer
core::sra_v2_2::champ_071::wrong_resource_pointer	core_marked_sibling	L0_CORE_MARKED_SIBLING	champ	sra_v2_2::champ_071::wrong_resource_pointer	1	core_static_cue_clean_rebuilt	core_admission_carried_forward	none	no	core_admission_carried_forward	core release provenance	core marked-sibling admission evidence carried forward from the audited core source layer
core::sra_v2_2::champ_072::wrong_resource_pointer	core_marked_sibling	L0_CORE_MARKED_SIBLING	champ	sra_v2_2::champ_072::wrong_resource_pointer	1	core_static_cue_clean_rebuilt	core_admission_carried_forward	none	no	core_admission_carried_forward	core release provenance	core marked-sibling admission evidence carried forward from the audited core source layer
core::sra_v2_2::champ_073::wrong_precondition	core_marked_sibling	L0_CORE_MARKED_SIBLING	champ	sra_v2_2::champ_073::wrong_precondition	1	core_static_cue_clean_rebuilt	core_admission_carried_forward	none	no	core_admission_carried_forward	core release provenance	core marked-sibling admission evidence carried forward from the audited core source layer
core::sra_v2_2::champ_074::wrong_precondition	core_marked_sibling	L0_CORE_MARKED_SIBLING	champ	sra_v2_2::champ_074::wrong_precondition	1	core_static_cue_clean_rebuilt	core_admission_carried_forward	none	no	core_admission_carried_forward	core release provenance	core marked-sibling admission evidence carried forward from the audited core source layer
core::sra_v2_2::champ_075::wrong_precondition	core_marked_sibling	L0_CORE_MARKED_SIBLING	champ	sra_v2_2::champ_075::wrong_precondition	1	core_static_cue_clean_rebuilt	core_admission_carried_forward	none	no	core_admission_carried_forward	core release provenance	core marked-sibling admission evidence carried forward from the audited core source layer
core::sra_v2_2::champ_076::wrong_resource_pointer	core_marked_sibling	L0_CORE_MARKED_SIBLING	champ	sra_v2_2::champ_076::wrong_resource_pointer	1	core_static_cue_clean_rebuilt	core_admission_carried_forward	none	no	core_admission_carried_forward	core release provenance	core marked-sibling admission evidence carried forward from the audited core source layer
core::sra_v2_2::champ_077::wrong_precondition	core_marked_sibling	L0_CORE_MARKED_SIBLING	champ	sra_v2_2::champ_077::wrong_precondition	1	core_static_cue_clean_rebuilt	core_admission_carried_forward	none	no	core_admission_carried_forward	core release provenance	core marked-sibling admission evidence carried forward from the audited core source layer
core::sra_v2_2::champ_078::wrong_resource_pointer	core_marked_sibling	L0_CORE_MARKED_SIBLING	champ	sra_v2_2::champ_078::wrong_resource_pointer	1	core_static_cue_clean_rebuilt	core_admission_carried_forward	none	no	core_admission_carried_forward	core release provenance	core marked-sibling admission evidence carried forward from the audited core source layer
core::sra_v2_2::champ_079::wrong_precondition	core_marked_sibling	L0_CORE_MARKED_SIBLING	champ	sra_v2_2::champ_079::wrong_precondition	1	core_static_cue_clean_rebuilt	core_admission_carried_forward	none	no	core_admission_carried_forward	core release provenance	core marked-sibling admission evidence carried forward from the audited core source layer
core::sra_v2_2::champ_080::wrong_precondition	core_marked_sibling	L0_CORE_MARKED_SIBLING	champ	sra_v2_2::champ_080::wrong_precondition	1	core_static_cue_clean_rebuilt	core_admission_carried_forward	none	no	core_admission_carried_forward	core release provenance	core marked-sibling admission evidence carried forward from the audited core source layer
core::sra_v2_2::champ_081::wrong_precondition	core_marked_sibling	L0_CORE_MARKED_SIBLING	champ	sra_v2_2::champ_081::wrong_precondition	1	core_static_cue_clean_rebuilt	core_admission_carried_forward	none	no	core_admission_carried_forward	core release provenance	core marked-sibling admission evidence carried forward from the audited core source layer
core::sra_v2_2::champ_082::wrong_precondition	core_marked_sibling	L0_CORE_MARKED_SIBLING	champ	sra_v2_2::champ_082::wrong_precondition	1	core_static_cue_clean_rebuilt	core_admission_carried_forward	none	no	core_admission_carried_forward	core release provenance	core marked-sibling admission evidence carried forward from the audited core source layer
core::sra_v2_2::champ_083::wrong_resource_pointer	core_marked_sibling	L0_CORE_MARKED_SIBLING	champ	sra_v2_2::champ_083::wrong_resource_pointer	1	core_static_cue_clean_rebuilt	core_admission_carried_forward	none	no	core_admission_carried_forward	core release provenance	core marked-sibling admission evidence carried forward from the audited core source layer
core::sra_v2_2::champ_084::wrong_precondition	core_marked_sibling	L0_CORE_MARKED_SIBLING	champ	sra_v2_2::champ_084::wrong_precondition	1	core_static_cue_clean_rebuilt	core_admission_carried_forward	none	no	core_admission_carried_forward	core release provenance	core marked-sibling admission evidence carried forward from the audited core source layer
core::sra_v2_2::champ_085::wrong_precondition	core_marked_sibling	L0_CORE_MARKED_SIBLING	champ	sra_v2_2::champ_085::wrong_precondition	1	core_static_cue_clean_rebuilt	core_admission_carried_forward	none	no	core_admission_carried_forward	core release provenance	core marked-sibling admission evidence carried forward from the audited core source layer
core::sra_v2_2::champ_086::wrong_precondition	core_marked_sibling	L0_CORE_MARKED_SIBLING	champ	sra_v2_2::champ_086::wrong_precondition	1	core_static_cue_clean_rebuilt	core_admission_carried_forward	none	no	core_admission_carried_forward	core release provenance	core marked-sibling admission evidence carried forward from the audited core source layer
core::sra_v2_2::champ_087::wrong_resource_pointer	core_marked_sibling	L0_CORE_MARKED_SIBLING	champ	sra_v2_2::champ_087::wrong_resource_pointer	1	core_static_cue_clean_rebuilt	core_admission_carried_forward	none	no	core_admission_carried_forward	core release provenance	core marked-sibling admission evidence carried forward from the audited core source layer
core::sra_v2_2::champ_088::wrong_precondition	core_marked_sibling	L0_CORE_MARKED_SIBLING	champ	sra_v2_2::champ_088::wrong_precondition	1	core_static_cue_clean_rebuilt	core_admission_carried_forward	none	no	core_admission_carried_forward	core release provenance	core marked-sibling admission evidence carried forward from the audited core source layer
core::sra_v2_2::logicbench_000::wrong_precondition	core_marked_sibling	L0_CORE_MARKED_SIBLING	logicbench	sra_v2_2::logicbench_000::wrong_precondition	1	core_static_cue_clean_rebuilt	core_admission_carried_forward	none	no	core_admission_carried_forward	core release provenance	core marked-sibling admission evidence carried forward from the audited core source layer
core::sra_v2_2::logicbench_001::wrong_precondition	core_marked_sibling	L0_CORE_MARKED_SIBLING	logicbench	sra_v2_2::logicbench_001::wrong_precondition	1	core_static_cue_clean_rebuilt	core_admission_carried_forward	none	no	core_admission_carried_forward	core release provenance	core marked-sibling admission evidence carried forward from the audited core source layer
core::sra_v2_2::logicbench_002::wrong_precondition	core_marked_sibling	L0_CORE_MARKED_SIBLING	logicbench	sra_v2_2::logicbench_002::wrong_precondition	1	core_static_cue_clean_rebuilt	core_admission_carried_forward	none	no	core_admission_carried_forward	core release provenance	core marked-sibling admission evidence carried forward from the audited core source layer
core::sra_v2_2::logicbench_003::wrong_precondition	core_marked_sibling	L0_CORE_MARKED_SIBLING	logicbench	sra_v2_2::logicbench_003::wrong_precondition	1	core_static_cue_clean_rebuilt	core_admission_carried_forward	none	no	core_admission_carried_forward	core release provenance	core marked-sibling admission evidence carried forward from the audited core source layer
core::sra_v2_2::logicbench_004::wrong_resource_pointer	core_marked_sibling	L0_CORE_MARKED_SIBLING	logicbench	sra_v2_2::logicbench_004::wrong_resource_pointer	1	core_static_cue_clean_rebuilt	core_admission_carried_forward	none	no	core_admission_carried_forward	core release provenance	core marked-sibling admission evidence carried forward from the audited core source layer
core::sra_v2_2::logicbench_005::wrong_resource_pointer	core_marked_sibling	L0_CORE_MARKED_SIBLING	logicbench	sra_v2_2::logicbench_005::wrong_resource_pointer	1	core_static_cue_clean_rebuilt	core_admission_carried_forward	none	no	core_admission_carried_forward	core release provenance	core marked-sibling admission evidence carried forward from the audited core source layer
core::sra_v2_2::logicbench_006::wrong_resource_pointer	core_marked_sibling	L0_CORE_MARKED_SIBLING	logicbench	sra_v2_2::logicbench_006::wrong_resource_pointer	1	core_static_cue_clean_rebuilt	core_admission_carried_forward	none	no	core_admission_carried_forward	core release provenance	core marked-sibling admission evidence carried forward from the audited core source layer
core::sra_v2_2::logicbench_007::wrong_precondition	core_marked_sibling	L0_CORE_MARKED_SIBLING	logicbench	sra_v2_2::logicbench_007::wrong_precondition	1	core_static_cue_clean_rebuilt	core_admission_carried_forward	none	no	core_admission_carried_forward	core release provenance	core marked-sibling admission evidence carried forward from the audited core source layer
core::sra_v2_2::logicbench_008::wrong_resource_pointer	core_marked_sibling	L0_CORE_MARKED_SIBLING	logicbench	sra_v2_2::logicbench_008::wrong_resource_pointer	1	core_static_cue_clean_rebuilt	core_admission_carried_forward	none	no	core_admission_carried_forward	core release provenance	core marked-sibling admission evidence carried forward from the audited core source layer
core::sra_v2_2::logicbench_009::wrong_precondition	core_marked_sibling	L0_CORE_MARKED_SIBLING	logicbench	sra_v2_2::logicbench_009::wrong_precondition	1	core_static_cue_clean_rebuilt	core_admission_carried_forward	none	no	core_admission_carried_forward	core release provenance	core marked-sibling admission evidence carried forward from the audited core source layer
core::sra_v2_2::logicbench_010::wrong_precondition	core_marked_sibling	L0_CORE_MARKED_SIBLING	logicbench	sra_v2_2::logicbench_010::wrong_precondition	1	core_static_cue_clean_rebuilt	core_admission_carried_forward	none	no	core_admission_carried_forward	core release provenance	core marked-sibling admission evidence carried forward from the audited core source layer
core::sra_v2_2::logicbench_011::wrong_precondition	core_marked_sibling	L0_CORE_MARKED_SIBLING	logicbench	sra_v2_2::logicbench_011::wrong_precondition	1	core_static_cue_clean_rebuilt	core_admission_carried_forward	none	no	core_admission_carried_forward	core release provenance	core marked-sibling admission evidence carried forward from the audited core source layer
core::sra_v2_2::logicbench_012::wrong_precondition	core_marked_sibling	L0_CORE_MARKED_SIBLING	logicbench	sra_v2_2::logicbench_012::wrong_precondition	1	core_static_cue_clean_rebuilt	core_admission_carried_forward	none	no	core_admission_carried_forward	core release provenance	core marked-sibling admission evidence carried forward from the audited core source layer
core::sra_v2_2::logicbench_013::wrong_resource_pointer	core_marked_sibling	L0_CORE_MARKED_SIBLING	logicbench	sra_v2_2::logicbench_013::wrong_resource_pointer	1	core_static_cue_clean_rebuilt	core_admission_carried_forward	none	no	core_admission_carried_forward	core release provenance	core marked-sibling admission evidence carried forward from the audited core source layer
core::sra_v2_2::logicbench_014::wrong_precondition	core_marked_sibling	L0_CORE_MARKED_SIBLING	logicbench	sra_v2_2::logicbench_014::wrong_precondition	1	core_static_cue_clean_rebuilt	core_admission_carried_forward	none	no	core_admission_carried_forward	core release provenance	core marked-sibling admission evidence carried forward from the audited core source layer
core::sra_v2_2::logicbench_015::wrong_precondition	core_marked_sibling	L0_CORE_MARKED_SIBLING	logicbench	sra_v2_2::logicbench_015::wrong_precondition	1	core_static_cue_clean_rebuilt	core_admission_carried_forward	none	no	core_admission_carried_forward	core release provenance	core marked-sibling admission evidence carried forward from the audited core source layer
core::sra_v2_2::logicbench_016::wrong_precondition	core_marked_sibling	L0_CORE_MARKED_SIBLING	logicbench	sra_v2_2::logicbench_016::wrong_precondition	1	core_static_cue_clean_rebuilt	core_admission_carried_forward	none	no	core_admission_carried_forward	core release provenance	core marked-sibling admission evidence carried forward from the audited core source layer
core::sra_v2_2::logicbench_017::wrong_precondition	core_marked_sibling	L0_CORE_MARKED_SIBLING	logicbench	sra_v2_2::logicbench_017::wrong_precondition	1	core_static_cue_clean_rebuilt	core_admission_carried_forward	none	no	core_admission_carried_forward	core release provenance	core marked-sibling admission evidence carried forward from the audited core source layer
core::sra_v2_2::logicbench_018::wrong_precondition	core_marked_sibling	L0_CORE_MARKED_SIBLING	logicbench	sra_v2_2::logicbench_018::wrong_precondition	1	core_static_cue_clean_rebuilt	core_admission_carried_forward	none	no	core_admission_carried_forward	core release provenance	core marked-sibling admission evidence carried forward from the audited core source layer
core::sra_v2_2::medcalcbench_000::wrong_resource_pointer	core_marked_sibling	L0_CORE_MARKED_SIBLING	medcalcbench	sra_v2_2::medcalcbench_000::wrong_resource_pointer	1	core_static_cue_clean_rebuilt	core_admission_carried_forward	none	no	core_admission_carried_forward	core release provenance	core marked-sibling admission evidence carried forward from the audited core source layer
core::sra_v2_2::medcalcbench_001::wrong_resource_pointer	core_marked_sibling	L0_CORE_MARKED_SIBLING	medcalcbench	sra_v2_2::medcalcbench_001::wrong_resource_pointer	1	core_static_cue_clean_rebuilt	core_admission_carried_forward	none	no	core_admission_carried_forward	core release provenance	core marked-sibling admission evidence carried forward from the audited core source layer
core::sra_v2_2::medcalcbench_002::wrong_resource_pointer	core_marked_sibling	L0_CORE_MARKED_SIBLING	medcalcbench	sra_v2_2::medcalcbench_002::wrong_resource_pointer	1	core_static_cue_clean_rebuilt	core_admission_carried_forward	none	no	core_admission_carried_forward	core release provenance	core marked-sibling admission evidence carried forward from the audited core source layer
core::sra_v2_2::medcalcbench_003::wrong_resource_pointer	core_marked_sibling	L0_CORE_MARKED_SIBLING	medcalcbench	sra_v2_2::medcalcbench_003::wrong_resource_pointer	1	core_static_cue_clean_rebuilt	core_admission_carried_forward	none	no	core_admission_carried_forward	core release provenance	core marked-sibling admission evidence carried forward from the audited core source layer
core::sra_v2_2::medcalcbench_004::wrong_resource_pointer	core_marked_sibling	L0_CORE_MARKED_SIBLING	medcalcbench	sra_v2_2::medcalcbench_004::wrong_resource_pointer	1	core_static_cue_clean_rebuilt	core_admission_carried_forward	none	no	core_admission_carried_forward	core release provenance	core marked-sibling admission evidence carried forward from the audited core source layer
core::sra_v2_2::medcalcbench_005::wrong_resource_pointer	core_marked_sibling	L0_CORE_MARKED_SIBLING	medcalcbench	sra_v2_2::medcalcbench_005::wrong_resource_pointer	1	core_static_cue_clean_rebuilt	core_admission_carried_forward	none	no	core_admission_carried_forward	core release provenance	core marked-sibling admission evidence carried forward from the audited core source layer
core::sra_v2_2::medcalcbench_006::wrong_resource_pointer	core_marked_sibling	L0_CORE_MARKED_SIBLING	medcalcbench	sra_v2_2::medcalcbench_006::wrong_resource_pointer	1	core_static_cue_clean_rebuilt	core_admission_carried_forward	none	no	core_admission_carried_forward	core release provenance	core marked-sibling admission evidence carried forward from the audited core source layer
core::sra_v2_2::medcalcbench_007::poisoned_procedure_clause	core_marked_sibling	L0_CORE_MARKED_SIBLING	medcalcbench	sra_v2_2::medcalcbench_007::poisoned_procedure_clause	1	core_static_cue_clean_rebuilt	core_admission_carried_forward	none	no	core_admission_carried_forward	core release provenance	core marked-sibling admission evidence carried forward from the audited core source layer
core::sra_v2_2::medcalcbench_008::wrong_resource_pointer	core_marked_sibling	L0_CORE_MARKED_SIBLING	medcalcbench	sra_v2_2::medcalcbench_008::wrong_resource_pointer	1	core_static_cue_clean_rebuilt	core_admission_carried_forward	none	no	core_admission_carried_forward	core release provenance	core marked-sibling admission evidence carried forward from the audited core source layer
core::sra_v2_2::medcalcbench_009::wrong_resource_pointer	core_marked_sibling	L0_CORE_MARKED_SIBLING	medcalcbench	sra_v2_2::medcalcbench_009::wrong_resource_pointer	1	core_static_cue_clean_rebuilt	core_admission_carried_forward	none	no	core_admission_carried_forward	core release provenance	core marked-sibling admission evidence carried forward from the audited core source layer
core::sra_v2_2::medcalcbench_010::wrong_resource_pointer	core_marked_sibling	L0_CORE_MARKED_SIBLING	medcalcbench	sra_v2_2::medcalcbench_010::wrong_resource_pointer	1	core_static_cue_clean_rebuilt	core_admission_carried_forward	none	no	core_admission_carried_forward	core release provenance	core marked-sibling admission evidence carried forward from the audited core source layer
core::sra_v2_2::medcalcbench_011::wrong_resource_pointer	core_marked_sibling	L0_CORE_MARKED_SIBLING	medcalcbench	sra_v2_2::medcalcbench_011::wrong_resource_pointer	1	core_static_cue_clean_rebuilt	core_admission_carried_forward	none	no	core_admission_carried_forward	core release provenance	core marked-sibling admission evidence carried forward from the audited core source layer
core::sra_v2_2::medcalcbench_012::wrong_resource_pointer	core_marked_sibling	L0_CORE_MARKED_SIBLING	medcalcbench	sra_v2_2::medcalcbench_012::wrong_resource_pointer	1	core_static_cue_clean_rebuilt	core_admission_carried_forward	none	no	core_admission_carried_forward	core release provenance	core marked-sibling admission evidence carried forward from the audited core source layer
core::sra_v2_2::medcalcbench_013::wrong_resource_pointer	core_marked_sibling	L0_CORE_MARKED_SIBLING	medcalcbench	sra_v2_2::medcalcbench_013::wrong_resource_pointer	1	core_static_cue_clean_rebuilt	core_admission_carried_forward	none	no	core_admission_carried_forward	core release provenance	core marked-sibling admission evidence carried forward from the audited core source layer
core::sra_v2_2::medcalcbench_014::poisoned_procedure_clause	core_marked_sibling	L0_CORE_MARKED_SIBLING	medcalcbench	sra_v2_2::medcalcbench_014::poisoned_procedure_clause	1	core_static_cue_clean_rebuilt	core_admission_carried_forward	none	no	core_admission_carried_forward	core release provenance	core marked-sibling admission evidence carried forward from the audited core source layer
core::sra_v2_2::medcalcbench_015::poisoned_procedure_clause	core_marked_sibling	L0_CORE_MARKED_SIBLING	medcalcbench	sra_v2_2::medcalcbench_015::poisoned_procedure_clause	1	core_static_cue_clean_rebuilt	core_admission_carried_forward	none	no	core_admission_carried_forward	core release provenance	core marked-sibling admission evidence carried forward from the audited core source layer
core::sra_v2_2::medcalcbench_016::poisoned_procedure_clause	core_marked_sibling	L0_CORE_MARKED_SIBLING	medcalcbench	sra_v2_2::medcalcbench_016::poisoned_procedure_clause	1	core_static_cue_clean_rebuilt	core_admission_carried_forward	none	no	core_admission_carried_forward	core release provenance	core marked-sibling admission evidence carried forward from the audited core source layer
core::sra_v2_2::medcalcbench_017::wrong_resource_pointer	core_marked_sibling	L0_CORE_MARKED_SIBLING	medcalcbench	sra_v2_2::medcalcbench_017::wrong_resource_pointer	1	core_static_cue_clean_rebuilt	core_admission_carried_forward	none	no	core_admission_carried_forward	core release provenance	core marked-sibling admission evidence carried forward from the audited core source layer
core::sra_v2_2::medcalcbench_018::poisoned_procedure_clause	core_marked_sibling	L0_CORE_MARKED_SIBLING	medcalcbench	sra_v2_2::medcalcbench_018::poisoned_procedure_clause	1	core_static_cue_clean_rebuilt	core_admission_carried_forward	none	no	core_admission_carried_forward	core release provenance	core marked-sibling admission evidence carried forward from the audited core source layer
core::sra_v2_2::medcalcbench_019::poisoned_procedure_clause	core_marked_sibling	L0_CORE_MARKED_SIBLING	medcalcbench	sra_v2_2::medcalcbench_019::poisoned_procedure_clause	1	core_static_cue_clean_rebuilt	core_admission_carried_forward	none	no	core_admission_carried_forward	core release provenance	core marked-sibling admission evidence carried forward from the audited core source layer
core::sra_v2_2::medcalcbench_020::wrong_resource_pointer	core_marked_sibling	L0_CORE_MARKED_SIBLING	medcalcbench	sra_v2_2::medcalcbench_020::wrong_resource_pointer	1	core_static_cue_clean_rebuilt	core_admission_carried_forward	none	no	core_admission_carried_forward	core release provenance	core marked-sibling admission evidence carried forward from the audited core source layer
core::sra_v2_2::medcalcbench_021::wrong_resource_pointer	core_marked_sibling	L0_CORE_MARKED_SIBLING	medcalcbench	sra_v2_2::medcalcbench_021::wrong_resource_pointer	1	core_static_cue_clean_rebuilt	core_admission_carried_forward	none	no	core_admission_carried_forward	core release provenance	core marked-sibling admission evidence carried forward from the audited core source layer
core::sra_v2_2::medcalcbench_022::wrong_resource_pointer	core_marked_sibling	L0_CORE_MARKED_SIBLING	medcalcbench	sra_v2_2::medcalcbench_022::wrong_resource_pointer	1	core_static_cue_clean_rebuilt	core_admission_carried_forward	none	no	core_admission_carried_forward	core release provenance	core marked-sibling admission evidence carried forward from the audited core source layer
core::sra_v2_2::medcalcbench_023::wrong_resource_pointer	core_marked_sibling	L0_CORE_MARKED_SIBLING	medcalcbench	sra_v2_2::medcalcbench_023::wrong_resource_pointer	1	core_static_cue_clean_rebuilt	core_admission_carried_forward	none	no	core_admission_carried_forward	core release provenance	core marked-sibling admission evidence carried forward from the audited core source layer
core::sra_v2_2::medcalcbench_024::wrong_resource_pointer	core_marked_sibling	L0_CORE_MARKED_SIBLING	medcalcbench	sra_v2_2::medcalcbench_024::wrong_resource_pointer	1	core_static_cue_clean_rebuilt	core_admission_carried_forward	none	no	core_admission_carried_forward	core release provenance	core marked-sibling admission evidence carried forward from the audited core source layer
core::sra_v2_2::medcalcbench_025::wrong_resource_pointer	core_marked_sibling	L0_CORE_MARKED_SIBLING	medcalcbench	sra_v2_2::medcalcbench_025::wrong_resource_pointer	1	core_static_cue_clean_rebuilt	core_admission_carried_forward	none	no	core_admission_carried_forward	core release provenance	core marked-sibling admission evidence carried forward from the audited core source layer
core::sra_v2_2::medcalcbench_026::wrong_resource_pointer	core_marked_sibling	L0_CORE_MARKED_SIBLING	medcalcbench	sra_v2_2::medcalcbench_026::wrong_resource_pointer	1	core_static_cue_clean_rebuilt	core_admission_carried_forward	none	no	core_admission_carried_forward	core release provenance	core marked-sibling admission evidence carried forward from the audited core source layer
core::sra_v2_2::medcalcbench_027::wrong_resource_pointer	core_marked_sibling	L0_CORE_MARKED_SIBLING	medcalcbench	sra_v2_2::medcalcbench_027::wrong_resource_pointer	1	core_static_cue_clean_rebuilt	core_admission_carried_forward	none	no	core_admission_carried_forward	core release provenance	core marked-sibling admission evidence carried forward from the audited core source layer
core::sra_v2_2::medcalcbench_028::wrong_resource_pointer	core_marked_sibling	L0_CORE_MARKED_SIBLING	medcalcbench	sra_v2_2::medcalcbench_028::wrong_resource_pointer	1	core_static_cue_clean_rebuilt	core_admission_carried_forward	none	no	core_admission_carried_forward	core release provenance	core marked-sibling admission evidence carried forward from the audited core source layer
core::sra_v2_2::medcalcbench_029::wrong_resource_pointer	core_marked_sibling	L0_CORE_MARKED_SIBLING	medcalcbench	sra_v2_2::medcalcbench_029::wrong_resource_pointer	1	core_static_cue_clean_rebuilt	core_admission_carried_forward	none	no	core_admission_carried_forward	core release provenance	core marked-sibling admission evidence carried forward from the audited core source layer
core::sra_v2_2::medcalcbench_030::wrong_resource_pointer	core_marked_sibling	L0_CORE_MARKED_SIBLING	medcalcbench	sra_v2_2::medcalcbench_030::wrong_resource_pointer	1	core_static_cue_clean_rebuilt	core_admission_carried_forward	none	no	core_admission_carried_forward	core release provenance	core marked-sibling admission evidence carried forward from the audited core source layer
core::sra_v2_2::medcalcbench_031::wrong_resource_pointer	core_marked_sibling	L0_CORE_MARKED_SIBLING	medcalcbench	sra_v2_2::medcalcbench_031::wrong_resource_pointer	1	core_static_cue_clean_rebuilt	core_admission_carried_forward	none	no	core_admission_carried_forward	core release provenance	core marked-sibling admission evidence carried forward from the audited core source layer
core::sra_v2_2::medcalcbench_032::wrong_resource_pointer	core_marked_sibling	L0_CORE_MARKED_SIBLING	medcalcbench	sra_v2_2::medcalcbench_032::wrong_resource_pointer	1	core_static_cue_clean_rebuilt	core_admission_carried_forward	none	no	core_admission_carried_forward	core release provenance	core marked-sibling admission evidence carried forward from the audited core source layer
core::sra_v2_2::medcalcbench_033::wrong_resource_pointer	core_marked_sibling	L0_CORE_MARKED_SIBLING	medcalcbench	sra_v2_2::medcalcbench_033::wrong_resource_pointer	1	core_static_cue_clean_rebuilt	core_admission_carried_forward	none	no	core_admission_carried_forward	core release provenance	core marked-sibling admission evidence carried forward from the audited core source layer
core::sra_v2_2::medcalcbench_034::wrong_resource_pointer	core_marked_sibling	L0_CORE_MARKED_SIBLING	medcalcbench	sra_v2_2::medcalcbench_034::wrong_resource_pointer	1	core_static_cue_clean_rebuilt	core_admission_carried_forward	none	no	core_admission_carried_forward	core release provenance	core marked-sibling admission evidence carried forward from the audited core source layer
core::sra_v2_2::medcalcbench_035::wrong_resource_pointer	core_marked_sibling	L0_CORE_MARKED_SIBLING	medcalcbench	sra_v2_2::medcalcbench_035::wrong_resource_pointer	1	core_static_cue_clean_rebuilt	core_admission_carried_forward	none	no	core_admission_carried_forward	core release provenance	core marked-sibling admission evidence carried forward from the audited core source layer
core::sra_v2_2::medcalcbench_036::wrong_resource_pointer	core_marked_sibling	L0_CORE_MARKED_SIBLING	medcalcbench	sra_v2_2::medcalcbench_036::wrong_resource_pointer	1	core_static_cue_clean_rebuilt	core_admission_carried_forward	none	no	core_admission_carried_forward	core release provenance	core marked-sibling admission evidence carried forward from the audited core source layer
core::sra_v2_2::medcalcbench_037::wrong_resource_pointer	core_marked_sibling	L0_CORE_MARKED_SIBLING	medcalcbench	sra_v2_2::medcalcbench_037::wrong_resource_pointer	1	core_static_cue_clean_rebuilt	core_admission_carried_forward	none	no	core_admission_carried_forward	core release provenance	core marked-sibling admission evidence carried forward from the audited core source layer
core::sra_v2_2::medcalcbench_038::wrong_resource_pointer	core_marked_sibling	L0_CORE_MARKED_SIBLING	medcalcbench	sra_v2_2::medcalcbench_038::wrong_resource_pointer	1	core_static_cue_clean_rebuilt	core_admission_carried_forward	none	no	core_admission_carried_forward	core release provenance	core marked-sibling admission evidence carried forward from the audited core source layer
core::sra_v2_2::medcalcbench_039::poisoned_procedure_clause	core_marked_sibling	L0_CORE_MARKED_SIBLING	medcalcbench	sra_v2_2::medcalcbench_039::poisoned_procedure_clause	1	core_static_cue_clean_rebuilt	core_admission_carried_forward	none	no	core_admission_carried_forward	core release provenance	core marked-sibling admission evidence carried forward from the audited core source layer
core::sra_v2_2::medcalcbench_040::wrong_resource_pointer	core_marked_sibling	L0_CORE_MARKED_SIBLING	medcalcbench	sra_v2_2::medcalcbench_040::wrong_resource_pointer	1	core_static_cue_clean_rebuilt	core_admission_carried_forward	none	no	core_admission_carried_forward	core release provenance	core marked-sibling admission evidence carried forward from the audited core source layer
core::sra_v2_2::medcalcbench_041::wrong_resource_pointer	core_marked_sibling	L0_CORE_MARKED_SIBLING	medcalcbench	sra_v2_2::medcalcbench_041::wrong_resource_pointer	1	core_static_cue_clean_rebuilt	core_admission_carried_forward	none	no	core_admission_carried_forward	core release provenance	core marked-sibling admission evidence carried forward from the audited core source layer
core::sra_v2_2::medcalcbench_042::wrong_resource_pointer	core_marked_sibling	L0_CORE_MARKED_SIBLING	medcalcbench	sra_v2_2::medcalcbench_042::wrong_resource_pointer	1	core_static_cue_clean_rebuilt	core_admission_carried_forward	none	no	core_admission_carried_forward	core release provenance	core marked-sibling admission evidence carried forward from the audited core source layer
core::sra_v2_2::medcalcbench_043::wrong_resource_pointer	core_marked_sibling	L0_CORE_MARKED_SIBLING	medcalcbench	sra_v2_2::medcalcbench_043::wrong_resource_pointer	1	core_static_cue_clean_rebuilt	core_admission_carried_forward	none	no	core_admission_carried_forward	core release provenance	core marked-sibling admission evidence carried forward from the audited core source layer
core::sra_v2_2::medcalcbench_044::wrong_resource_pointer	core_marked_sibling	L0_CORE_MARKED_SIBLING	medcalcbench	sra_v2_2::medcalcbench_044::wrong_resource_pointer	1	core_static_cue_clean_rebuilt	core_admission_carried_forward	none	no	core_admission_carried_forward	core release provenance	core marked-sibling admission evidence carried forward from the audited core source layer
core::sra_v2_2::medcalcbench_045::wrong_resource_pointer	core_marked_sibling	L0_CORE_MARKED_SIBLING	medcalcbench	sra_v2_2::medcalcbench_045::wrong_resource_pointer	1	core_static_cue_clean_rebuilt	core_admission_carried_forward	none	no	core_admission_carried_forward	core release provenance	core marked-sibling admission evidence carried forward from the audited core source layer
core::sra_v2_2::medcalcbench_046::wrong_resource_pointer	core_marked_sibling	L0_CORE_MARKED_SIBLING	medcalcbench	sra_v2_2::medcalcbench_046::wrong_resource_pointer	1	core_static_cue_clean_rebuilt	core_admission_carried_forward	none	no	core_admission_carried_forward	core release provenance	core marked-sibling admission evidence carried forward from the audited core source layer
core::sra_v2_2::medcalcbench_047::wrong_resource_pointer	core_marked_sibling	L0_CORE_MARKED_SIBLING	medcalcbench	sra_v2_2::medcalcbench_047::wrong_resource_pointer	1	core_static_cue_clean_rebuilt	core_admission_carried_forward	none	no	core_admission_carried_forward	core release provenance	core marked-sibling admission evidence carried forward from the audited core source layer
core::sra_v2_2::medcalcbench_048::wrong_resource_pointer	core_marked_sibling	L0_CORE_MARKED_SIBLING	medcalcbench	sra_v2_2::medcalcbench_048::wrong_resource_pointer	1	core_static_cue_clean_rebuilt	core_admission_carried_forward	none	no	core_admission_carried_forward	core release provenance	core marked-sibling admission evidence carried forward from the audited core source layer
core::sra_v2_2::medcalcbench_049::wrong_resource_pointer	core_marked_sibling	L0_CORE_MARKED_SIBLING	medcalcbench	sra_v2_2::medcalcbench_049::wrong_resource_pointer	1	core_static_cue_clean_rebuilt	core_admission_carried_forward	none	no	core_admission_carried_forward	core release provenance	core marked-sibling admission evidence carried forward from the audited core source layer
core::sra_v2_2::medcalcbench_050::wrong_resource_pointer	core_marked_sibling	L0_CORE_MARKED_SIBLING	medcalcbench	sra_v2_2::medcalcbench_050::wrong_resource_pointer	1	core_static_cue_clean_rebuilt	core_admission_carried_forward	none	no	core_admission_carried_forward	core release provenance	core marked-sibling admission evidence carried forward from the audited core source layer
core::sra_v2_2::medcalcbench_051::wrong_resource_pointer	core_marked_sibling	L0_CORE_MARKED_SIBLING	medcalcbench	sra_v2_2::medcalcbench_051::wrong_resource_pointer	1	core_static_cue_clean_rebuilt	core_admission_carried_forward	none	no	core_admission_carried_forward	core release provenance	core marked-sibling admission evidence carried forward from the audited core source layer
core::sra_v2_2::medcalcbench_052::wrong_resource_pointer	core_marked_sibling	L0_CORE_MARKED_SIBLING	medcalcbench	sra_v2_2::medcalcbench_052::wrong_resource_pointer	1	core_static_cue_clean_rebuilt	core_admission_carried_forward	none	no	core_admission_carried_forward	core release provenance	core marked-sibling admission evidence carried forward from the audited core source layer
core::sra_v2_2::medcalcbench_053::wrong_resource_pointer	core_marked_sibling	L0_CORE_MARKED_SIBLING	medcalcbench	sra_v2_2::medcalcbench_053::wrong_resource_pointer	1	core_static_cue_clean_rebuilt	core_admission_carried_forward	none	no	core_admission_carried_forward	core release provenance	core marked-sibling admission evidence carried forward from the audited core source layer
core::sra_v2_2::medcalcbench_054::wrong_resource_pointer	core_marked_sibling	L0_CORE_MARKED_SIBLING	medcalcbench	sra_v2_2::medcalcbench_054::wrong_resource_pointer	1	core_static_cue_clean_rebuilt	core_admission_carried_forward	none	no	core_admission_carried_forward	core release provenance	core marked-sibling admission evidence carried forward from the audited core source layer
core::sra_v2_2::theoremqa_000::wrong_precondition	core_marked_sibling	L0_CORE_MARKED_SIBLING	theoremqa	sra_v2_2::theoremqa_000::wrong_precondition	1	core_static_cue_clean_rebuilt	core_admission_carried_forward	none	no	core_admission_carried_forward	core release provenance	core marked-sibling admission evidence carried forward from the audited core source layer
core::sra_v2_2::theoremqa_001::wrong_precondition	core_marked_sibling	L0_CORE_MARKED_SIBLING	theoremqa	sra_v2_2::theoremqa_001::wrong_precondition	1	core_static_cue_clean_rebuilt	core_admission_carried_forward	none	no	core_admission_carried_forward	core release provenance	core marked-sibling admission evidence carried forward from the audited core source layer
core::sra_v2_2::theoremqa_002::wrong_precondition	core_marked_sibling	L0_CORE_MARKED_SIBLING	theoremqa	sra_v2_2::theoremqa_002::wrong_precondition	1	core_static_cue_clean_rebuilt	core_admission_carried_forward	none	no	core_admission_carried_forward	core release provenance	core marked-sibling admission evidence carried forward from the audited core source layer
core::sra_v2_2::theoremqa_003::wrong_precondition	core_marked_sibling	L0_CORE_MARKED_SIBLING	theoremqa	sra_v2_2::theoremqa_003::wrong_precondition	1	core_static_cue_clean_rebuilt	core_admission_carried_forward	none	no	core_admission_carried_forward	core release provenance	core marked-sibling admission evidence carried forward from the audited core source layer
core::sra_v2_2::theoremqa_004::poisoned_procedure_clause	core_marked_sibling	L0_CORE_MARKED_SIBLING	theoremqa	sra_v2_2::theoremqa_004::poisoned_procedure_clause	1	core_static_cue_clean_rebuilt	core_admission_carried_forward	none	no	core_admission_carried_forward	core release provenance	core marked-sibling admission evidence carried forward from the audited core source layer
core::sra_v2_2::theoremqa_005::poisoned_procedure_clause	core_marked_sibling	L0_CORE_MARKED_SIBLING	theoremqa	sra_v2_2::theoremqa_005::poisoned_procedure_clause	1	core_static_cue_clean_rebuilt	core_admission_carried_forward	none	no	core_admission_carried_forward	core release provenance	core marked-sibling admission evidence carried forward from the audited core source layer
core::sra_v2_2::theoremqa_006::wrong_precondition	core_marked_sibling	L0_CORE_MARKED_SIBLING	theoremqa	sra_v2_2::theoremqa_006::wrong_precondition	1	core_static_cue_clean_rebuilt	core_admission_carried_forward	none	no	core_admission_carried_forward	core release provenance	core marked-sibling admission evidence carried forward from the audited core source layer
core::sra_v2_2::theoremqa_007::poisoned_procedure_clause	core_marked_sibling	L0_CORE_MARKED_SIBLING	theoremqa	sra_v2_2::theoremqa_007::poisoned_procedure_clause	1	core_static_cue_clean_rebuilt	core_admission_carried_forward	none	no	core_admission_carried_forward	core release provenance	core marked-sibling admission evidence carried forward from the audited core source layer
core::sra_v2_2::theoremqa_008::wrong_resource_pointer	core_marked_sibling	L0_CORE_MARKED_SIBLING	theoremqa	sra_v2_2::theoremqa_008::wrong_resource_pointer	1	core_static_cue_clean_rebuilt	core_admission_carried_forward	none	no	core_admission_carried_forward	core release provenance	core marked-sibling admission evidence carried forward from the audited core source layer
core::sra_v2_2::theoremqa_009::wrong_precondition	core_marked_sibling	L0_CORE_MARKED_SIBLING	theoremqa	sra_v2_2::theoremqa_009::wrong_precondition	1	core_static_cue_clean_rebuilt	core_admission_carried_forward	none	no	core_admission_carried_forward	core release provenance	core marked-sibling admission evidence carried forward from the audited core source layer
core::sra_v2_2::theoremqa_010::poisoned_procedure_clause	core_marked_sibling	L0_CORE_MARKED_SIBLING	theoremqa	sra_v2_2::theoremqa_010::poisoned_procedure_clause	1	core_static_cue_clean_rebuilt	core_admission_carried_forward	none	no	core_admission_carried_forward	core release provenance	core marked-sibling admission evidence carried forward from the audited core source layer
core::sra_v2_2::theoremqa_011::wrong_resource_pointer	core_marked_sibling	L0_CORE_MARKED_SIBLING	theoremqa	sra_v2_2::theoremqa_011::wrong_resource_pointer	1	core_static_cue_clean_rebuilt	core_admission_carried_forward	none	no	core_admission_carried_forward	core release provenance	core marked-sibling admission evidence carried forward from the audited core source layer
core::sra_v2_2::theoremqa_012::wrong_precondition	core_marked_sibling	L0_CORE_MARKED_SIBLING	theoremqa	sra_v2_2::theoremqa_012::wrong_precondition	1	core_static_cue_clean_rebuilt	core_admission_carried_forward	none	no	core_admission_carried_forward	core release provenance	core marked-sibling admission evidence carried forward from the audited core source layer
core::sra_v2_2::theoremqa_013::wrong_precondition	core_marked_sibling	L0_CORE_MARKED_SIBLING	theoremqa	sra_v2_2::theoremqa_013::wrong_precondition	1	core_static_cue_clean_rebuilt	core_admission_carried_forward	none	no	core_admission_carried_forward	core release provenance	core marked-sibling admission evidence carried forward from the audited core source layer
core::sra_v2_2::theoremqa_014::wrong_resource_pointer	core_marked_sibling	L0_CORE_MARKED_SIBLING	theoremqa	sra_v2_2::theoremqa_014::wrong_resource_pointer	1	core_static_cue_clean_rebuilt	core_admission_carried_forward	none	no	core_admission_carried_forward	core release provenance	core marked-sibling admission evidence carried forward from the audited core source layer
core::sra_v2_2::theoremqa_015::wrong_precondition	core_marked_sibling	L0_CORE_MARKED_SIBLING	theoremqa	sra_v2_2::theoremqa_015::wrong_precondition	1	core_static_cue_clean_rebuilt	core_admission_carried_forward	none	no	core_admission_carried_forward	core release provenance	core marked-sibling admission evidence carried forward from the audited core source layer
core::sra_v2_2::theoremqa_016::wrong_precondition	core_marked_sibling	L0_CORE_MARKED_SIBLING	theoremqa	sra_v2_2::theoremqa_016::wrong_precondition	1	core_static_cue_clean_rebuilt	core_admission_carried_forward	none	no	core_admission_carried_forward	core release provenance	core marked-sibling admission evidence carried forward from the audited core source layer
core::sra_v2_2::theoremqa_017::wrong_resource_pointer	core_marked_sibling	L0_CORE_MARKED_SIBLING	theoremqa	sra_v2_2::theoremqa_017::wrong_resource_pointer	1	core_static_cue_clean_rebuilt	core_admission_carried_forward	none	no	core_admission_carried_forward	core release provenance	core marked-sibling admission evidence carried forward from the audited core source layer
core::sra_v2_2::theoremqa_018::wrong_precondition	core_marked_sibling	L0_CORE_MARKED_SIBLING	theoremqa	sra_v2_2::theoremqa_018::wrong_precondition	1	core_static_cue_clean_rebuilt	core_admission_carried_forward	none	no	core_admission_carried_forward	core release provenance	core marked-sibling admission evidence carried forward from the audited core source layer
core::sra_v2_2::theoremqa_019::wrong_precondition	core_marked_sibling	L0_CORE_MARKED_SIBLING	theoremqa	sra_v2_2::theoremqa_019::wrong_precondition	1	core_static_cue_clean_rebuilt	core_admission_carried_forward	none	no	core_admission_carried_forward	core release provenance	core marked-sibling admission evidence carried forward from the audited core source layer
core::sra_v2_2::theoremqa_020::wrong_precondition	core_marked_sibling	L0_CORE_MARKED_SIBLING	theoremqa	sra_v2_2::theoremqa_020::wrong_precondition	1	core_static_cue_clean_rebuilt	core_admission_carried_forward	none	no	core_admission_carried_forward	core release provenance	core marked-sibling admission evidence carried forward from the audited core source layer
core::sra_v2_2::theoremqa_021::wrong_resource_pointer	core_marked_sibling	L0_CORE_MARKED_SIBLING	theoremqa	sra_v2_2::theoremqa_021::wrong_resource_pointer	1	core_static_cue_clean_rebuilt	core_admission_carried_forward	none	no	core_admission_carried_forward	core release provenance	core marked-sibling admission evidence carried forward from the audited core source layer
core::sra_v2_2::theoremqa_022::wrong_precondition	core_marked_sibling	L0_CORE_MARKED_SIBLING	theoremqa	sra_v2_2::theoremqa_022::wrong_precondition	1	core_static_cue_clean_rebuilt	core_admission_carried_forward	none	no	core_admission_carried_forward	core release provenance	core marked-sibling admission evidence carried forward from the audited core source layer
core::sra_v2_2::theoremqa_023::wrong_precondition	core_marked_sibling	L0_CORE_MARKED_SIBLING	theoremqa	sra_v2_2::theoremqa_023::wrong_precondition	1	core_static_cue_clean_rebuilt	core_admission_carried_forward	none	no	core_admission_carried_forward	core release provenance	core marked-sibling admission evidence carried forward from the audited core source layer
core::sra_v2_2::theoremqa_024::poisoned_procedure_clause	core_marked_sibling	L0_CORE_MARKED_SIBLING	theoremqa	sra_v2_2::theoremqa_024::poisoned_procedure_clause	1	core_static_cue_clean_rebuilt	core_admission_carried_forward	none	no	core_admission_carried_forward	core release provenance	core marked-sibling admission evidence carried forward from the audited core source layer
core::sra_v2_2::theoremqa_025::wrong_precondition	core_marked_sibling	L0_CORE_MARKED_SIBLING	theoremqa	sra_v2_2::theoremqa_025::wrong_precondition	1	core_static_cue_clean_rebuilt	core_admission_carried_forward	none	no	core_admission_carried_forward	core release provenance	core marked-sibling admission evidence carried forward from the audited core source layer
core::sra_v2_2::theoremqa_026::wrong_resource_pointer	core_marked_sibling	L0_CORE_MARKED_SIBLING	theoremqa	sra_v2_2::theoremqa_026::wrong_resource_pointer	1	core_static_cue_clean_rebuilt	core_admission_carried_forward	none	no	core_admission_carried_forward	core release provenance	core marked-sibling admission evidence carried forward from the audited core source layer
core::sra_v2_2::theoremqa_027::wrong_resource_pointer	core_marked_sibling	L0_CORE_MARKED_SIBLING	theoremqa	sra_v2_2::theoremqa_027::wrong_resource_pointer	1	core_static_cue_clean_rebuilt	core_admission_carried_forward	none	no	core_admission_carried_forward	core release provenance	core marked-sibling admission evidence carried forward from the audited core source layer
core::sra_v2_2::theoremqa_028::wrong_precondition	core_marked_sibling	L0_CORE_MARKED_SIBLING	theoremqa	sra_v2_2::theoremqa_028::wrong_precondition	1	core_static_cue_clean_rebuilt	core_admission_carried_forward	none	no	core_admission_carried_forward	core release provenance	core marked-sibling admission evidence carried forward from the audited core source layer
core::sra_v2_2::theoremqa_029::wrong_precondition	core_marked_sibling	L0_CORE_MARKED_SIBLING	theoremqa	sra_v2_2::theoremqa_029::wrong_precondition	1	core_static_cue_clean_rebuilt	core_admission_carried_forward	none	no	core_admission_carried_forward	core release provenance	core marked-sibling admission evidence carried forward from the audited core source layer
core::sra_v2_2::theoremqa_030::wrong_precondition	core_marked_sibling	L0_CORE_MARKED_SIBLING	theoremqa	sra_v2_2::theoremqa_030::wrong_precondition	1	core_static_cue_clean_rebuilt	core_admission_carried_forward	none	no	core_admission_carried_forward	core release provenance	core marked-sibling admission evidence carried forward from the audited core source layer
core::sra_v2_2::theoremqa_031::wrong_precondition	core_marked_sibling	L0_CORE_MARKED_SIBLING	theoremqa	sra_v2_2::theoremqa_031::wrong_precondition	1	core_static_cue_clean_rebuilt	core_admission_carried_forward	none	no	core_admission_carried_forward	core release provenance	core marked-sibling admission evidence carried forward from the audited core source layer
core::sra_v2_2::theoremqa_032::wrong_precondition	core_marked_sibling	L0_CORE_MARKED_SIBLING	theoremqa	sra_v2_2::theoremqa_032::wrong_precondition	1	core_static_cue_clean_rebuilt	core_admission_carried_forward	none	no	core_admission_carried_forward	core release provenance	core marked-sibling admission evidence carried forward from the audited core source layer
core::sra_v2_2::theoremqa_033::wrong_resource_pointer	core_marked_sibling	L0_CORE_MARKED_SIBLING	theoremqa	sra_v2_2::theoremqa_033::wrong_resource_pointer	1	core_static_cue_clean_rebuilt	core_admission_carried_forward	none	no	core_admission_carried_forward	core release provenance	core marked-sibling admission evidence carried forward from the audited core source layer
core::sra_v2_2::theoremqa_034::wrong_precondition	core_marked_sibling	L0_CORE_MARKED_SIBLING	theoremqa	sra_v2_2::theoremqa_034::wrong_precondition	1	core_static_cue_clean_rebuilt	core_admission_carried_forward	none	no	core_admission_carried_forward	core release provenance	core marked-sibling admission evidence carried forward from the audited core source layer
core::sra_v2_2::theoremqa_035::wrong_resource_pointer	core_marked_sibling	L0_CORE_MARKED_SIBLING	theoremqa	sra_v2_2::theoremqa_035::wrong_resource_pointer	1	core_static_cue_clean_rebuilt	core_admission_carried_forward	none	no	core_admission_carried_forward	core release provenance	core marked-sibling admission evidence carried forward from the audited core source layer
core::sra_v2_2::theoremqa_036::wrong_precondition	core_marked_sibling	L0_CORE_MARKED_SIBLING	theoremqa	sra_v2_2::theoremqa_036::wrong_precondition	1	core_static_cue_clean_rebuilt	core_admission_carried_forward	none	no	core_admission_carried_forward	core release provenance	core marked-sibling admission evidence carried forward from the audited core source layer
core::sra_v2_2::theoremqa_037::wrong_resource_pointer	core_marked_sibling	L0_CORE_MARKED_SIBLING	theoremqa	sra_v2_2::theoremqa_037::wrong_resource_pointer	1	core_static_cue_clean_rebuilt	core_admission_carried_forward	none	no	core_admission_carried_forward	core release provenance	core marked-sibling admission evidence carried forward from the audited core source layer
core::sra_v2_2::theoremqa_038::wrong_precondition	core_marked_sibling	L0_CORE_MARKED_SIBLING	theoremqa	sra_v2_2::theoremqa_038::wrong_precondition	1	core_static_cue_clean_rebuilt	core_admission_carried_forward	none	no	core_admission_carried_forward	core release provenance	core marked-sibling admission evidence carried forward from the audited core source layer
core::sra_v2_2::theoremqa_039::wrong_precondition	core_marked_sibling	L0_CORE_MARKED_SIBLING	theoremqa	sra_v2_2::theoremqa_039::wrong_precondition	1	core_static_cue_clean_rebuilt	core_admission_carried_forward	none	no	core_admission_carried_forward	core release provenance	core marked-sibling admission evidence carried forward from the audited core source layer
core::sra_v2_2::theoremqa_040::wrong_precondition	core_marked_sibling	L0_CORE_MARKED_SIBLING	theoremqa	sra_v2_2::theoremqa_040::wrong_precondition	1	core_static_cue_clean_rebuilt	core_admission_carried_forward	none	no	core_admission_carried_forward	core release provenance	core marked-sibling admission evidence carried forward from the audited core source layer
core::sra_v2_2::theoremqa_041::wrong_precondition	core_marked_sibling	L0_CORE_MARKED_SIBLING	theoremqa	sra_v2_2::theoremqa_041::wrong_precondition	1	core_static_cue_clean_rebuilt	core_admission_carried_forward	none	no	core_admission_carried_forward	core release provenance	core marked-sibling admission evidence carried forward from the audited core source layer
core::sra_v2_2::theoremqa_042::wrong_resource_pointer	core_marked_sibling	L0_CORE_MARKED_SIBLING	theoremqa	sra_v2_2::theoremqa_042::wrong_resource_pointer	1	core_static_cue_clean_rebuilt	core_admission_carried_forward	none	no	core_admission_carried_forward	core release provenance	core marked-sibling admission evidence carried forward from the audited core source layer
core::sra_v2_2::theoremqa_043::wrong_resource_pointer	core_marked_sibling	L0_CORE_MARKED_SIBLING	theoremqa	sra_v2_2::theoremqa_043::wrong_resource_pointer	1	core_static_cue_clean_rebuilt	core_admission_carried_forward	none	no	core_admission_carried_forward	core release provenance	core marked-sibling admission evidence carried forward from the audited core source layer
core::sra_v2_2::theoremqa_044::wrong_resource_pointer	core_marked_sibling	L0_CORE_MARKED_SIBLING	theoremqa	sra_v2_2::theoremqa_044::wrong_resource_pointer	1	core_static_cue_clean_rebuilt	core_admission_carried_forward	none	no	core_admission_carried_forward	core release provenance	core marked-sibling admission evidence carried forward from the audited core source layer
core::sra_v2_2::theoremqa_045::wrong_precondition	core_marked_sibling	L0_CORE_MARKED_SIBLING	theoremqa	sra_v2_2::theoremqa_045::wrong_precondition	1	core_static_cue_clean_rebuilt	core_admission_carried_forward	none	no	core_admission_carried_forward	core release provenance	core marked-sibling admission evidence carried forward from the audited core source layer
core::sra_v2_2::theoremqa_046::wrong_precondition	core_marked_sibling	L0_CORE_MARKED_SIBLING	theoremqa	sra_v2_2::theoremqa_046::wrong_precondition	1	core_static_cue_clean_rebuilt	core_admission_carried_forward	none	no	core_admission_carried_forward	core release provenance	core marked-sibling admission evidence carried forward from the audited core source layer
core::sra_v2_2::theoremqa_047::wrong_resource_pointer	core_marked_sibling	L0_CORE_MARKED_SIBLING	theoremqa	sra_v2_2::theoremqa_047::wrong_resource_pointer	1	core_static_cue_clean_rebuilt	core_admission_carried_forward	none	no	core_admission_carried_forward	core release provenance	core marked-sibling admission evidence carried forward from the audited core source layer
core::sra_v2_2::theoremqa_048::wrong_resource_pointer	core_marked_sibling	L0_CORE_MARKED_SIBLING	theoremqa	sra_v2_2::theoremqa_048::wrong_resource_pointer	1	core_static_cue_clean_rebuilt	core_admission_carried_forward	none	no	core_admission_carried_forward	core release provenance	core marked-sibling admission evidence carried forward from the audited core source layer
core::sra_v2_2::theoremqa_049::wrong_precondition	core_marked_sibling	L0_CORE_MARKED_SIBLING	theoremqa	sra_v2_2::theoremqa_049::wrong_precondition	1	core_static_cue_clean_rebuilt	core_admission_carried_forward	none	no	core_admission_carried_forward	core release provenance	core marked-sibling admission evidence carried forward from the audited core source layer
core::sra_v2_2::theoremqa_050::wrong_precondition	core_marked_sibling	L0_CORE_MARKED_SIBLING	theoremqa	sra_v2_2::theoremqa_050::wrong_precondition	1	core_static_cue_clean_rebuilt	core_admission_carried_forward	none	no	core_admission_carried_forward	core release provenance	core marked-sibling admission evidence carried forward from the audited core source layer
core::sra_v2_2::theoremqa_051::wrong_resource_pointer	core_marked_sibling	L0_CORE_MARKED_SIBLING	theoremqa	sra_v2_2::theoremqa_051::wrong_resource_pointer	1	core_static_cue_clean_rebuilt	core_admission_carried_forward	none	no	core_admission_carried_forward	core release provenance	core marked-sibling admission evidence carried forward from the audited core source layer
core::sra_v2_2::theoremqa_052::wrong_precondition	core_marked_sibling	L0_CORE_MARKED_SIBLING	theoremqa	sra_v2_2::theoremqa_052::wrong_precondition	1	core_static_cue_clean_rebuilt	core_admission_carried_forward	none	no	core_admission_carried_forward	core release provenance	core marked-sibling admission evidence carried forward from the audited core source layer
core::sra_v2_2::theoremqa_053::wrong_resource_pointer	core_marked_sibling	L0_CORE_MARKED_SIBLING	theoremqa	sra_v2_2::theoremqa_053::wrong_resource_pointer	1	core_static_cue_clean_rebuilt	core_admission_carried_forward	none	no	core_admission_carried_forward	core release provenance	core marked-sibling admission evidence carried forward from the audited core source layer
core::sra_v2_2::theoremqa_054::wrong_resource_pointer	core_marked_sibling	L0_CORE_MARKED_SIBLING	theoremqa	sra_v2_2::theoremqa_054::wrong_resource_pointer	1	core_static_cue_clean_rebuilt	core_admission_carried_forward	none	no	core_admission_carried_forward	core release provenance	core marked-sibling admission evidence carried forward from the audited core source layer
core::sra_v2_2::theoremqa_055::wrong_precondition	core_marked_sibling	L0_CORE_MARKED_SIBLING	theoremqa	sra_v2_2::theoremqa_055::wrong_precondition	1	core_static_cue_clean_rebuilt	core_admission_carried_forward	none	no	core_admission_carried_forward	core release provenance	core marked-sibling admission evidence carried forward from the audited core source layer
core::sra_v2_2::theoremqa_056::wrong_precondition	core_marked_sibling	L0_CORE_MARKED_SIBLING	theoremqa	sra_v2_2::theoremqa_056::wrong_precondition	1	core_static_cue_clean_rebuilt	core_admission_carried_forward	none	no	core_admission_carried_forward	core release provenance	core marked-sibling admission evidence carried forward from the audited core source layer
core::sra_v2_2::theoremqa_057::wrong_precondition	core_marked_sibling	L0_CORE_MARKED_SIBLING	theoremqa	sra_v2_2::theoremqa_057::wrong_precondition	1	core_static_cue_clean_rebuilt	core_admission_carried_forward	none	no	core_admission_carried_forward	core release provenance	core marked-sibling admission evidence carried forward from the audited core source layer
core::sra_v2_2::theoremqa_058::wrong_precondition	core_marked_sibling	L0_CORE_MARKED_SIBLING	theoremqa	sra_v2_2::theoremqa_058::wrong_precondition	1	core_static_cue_clean_rebuilt	core_admission_carried_forward	none	no	core_admission_carried_forward	core release provenance	core marked-sibling admission evidence carried forward from the audited core source layer
core::sra_v2_2::theoremqa_059::wrong_precondition	core_marked_sibling	L0_CORE_MARKED_SIBLING	theoremqa	sra_v2_2::theoremqa_059::wrong_precondition	1	core_static_cue_clean_rebuilt	core_admission_carried_forward	none	no	core_admission_carried_forward	core release provenance	core marked-sibling admission evidence carried forward from the audited core source layer
core::sra_v2_2::theoremqa_060::wrong_resource_pointer	core_marked_sibling	L0_CORE_MARKED_SIBLING	theoremqa	sra_v2_2::theoremqa_060::wrong_resource_pointer	1	core_static_cue_clean_rebuilt	core_admission_carried_forward	none	no	core_admission_carried_forward	core release provenance	core marked-sibling admission evidence carried forward from the audited core source layer
core::sra_v2_2::theoremqa_061::wrong_resource_pointer	core_marked_sibling	L0_CORE_MARKED_SIBLING	theoremqa	sra_v2_2::theoremqa_061::wrong_resource_pointer	1	core_static_cue_clean_rebuilt	core_admission_carried_forward	none	no	core_admission_carried_forward	core release provenance	core marked-sibling admission evidence carried forward from the audited core source layer
core::sra_v2_2::theoremqa_062::wrong_resource_pointer	core_marked_sibling	L0_CORE_MARKED_SIBLING	theoremqa	sra_v2_2::theoremqa_062::wrong_resource_pointer	1	core_static_cue_clean_rebuilt	core_admission_carried_forward	none	no	core_admission_carried_forward	core release provenance	core marked-sibling admission evidence carried forward from the audited core source layer
core::sra_v2_2::theoremqa_063::wrong_resource_pointer	core_marked_sibling	L0_CORE_MARKED_SIBLING	theoremqa	sra_v2_2::theoremqa_063::wrong_resource_pointer	1	core_static_cue_clean_rebuilt	core_admission_carried_forward	none	no	core_admission_carried_forward	core release provenance	core marked-sibling admission evidence carried forward from the audited core source layer
core::sra_v2_2::theoremqa_064::wrong_precondition	core_marked_sibling	L0_CORE_MARKED_SIBLING	theoremqa	sra_v2_2::theoremqa_064::wrong_precondition	1	core_static_cue_clean_rebuilt	core_admission_carried_forward	none	no	core_admission_carried_forward	core release provenance	core marked-sibling admission evidence carried forward from the audited core source layer
core::sra_v2_2::theoremqa_065::wrong_resource_pointer	core_marked_sibling	L0_CORE_MARKED_SIBLING	theoremqa	sra_v2_2::theoremqa_065::wrong_resource_pointer	1	core_static_cue_clean_rebuilt	core_admission_carried_forward	none	no	core_admission_carried_forward	core release provenance	core marked-sibling admission evidence carried forward from the audited core source layer
core::sra_v2_2::theoremqa_066::wrong_resource_pointer	core_marked_sibling	L0_CORE_MARKED_SIBLING	theoremqa	sra_v2_2::theoremqa_066::wrong_resource_pointer	1	core_static_cue_clean_rebuilt	core_admission_carried_forward	none	no	core_admission_carried_forward	core release provenance	core marked-sibling admission evidence carried forward from the audited core source layer
core::sra_v2_2::theoremqa_067::wrong_precondition	core_marked_sibling	L0_CORE_MARKED_SIBLING	theoremqa	sra_v2_2::theoremqa_067::wrong_precondition	1	core_static_cue_clean_rebuilt	core_admission_carried_forward	none	no	core_admission_carried_forward	core release provenance	core marked-sibling admission evidence carried forward from the audited core source layer
core::sra_v2_2::theoremqa_068::wrong_resource_pointer	core_marked_sibling	L0_CORE_MARKED_SIBLING	theoremqa	sra_v2_2::theoremqa_068::wrong_resource_pointer	1	core_static_cue_clean_rebuilt	core_admission_carried_forward	none	no	core_admission_carried_forward	core release provenance	core marked-sibling admission evidence carried forward from the audited core source layer
core::sra_v2_2::theoremqa_069::wrong_resource_pointer	core_marked_sibling	L0_CORE_MARKED_SIBLING	theoremqa	sra_v2_2::theoremqa_069::wrong_resource_pointer	1	core_static_cue_clean_rebuilt	core_admission_carried_forward	none	no	core_admission_carried_forward	core release provenance	core marked-sibling admission evidence carried forward from the audited core source layer
core::sra_v2_2::theoremqa_070::wrong_precondition	core_marked_sibling	L0_CORE_MARKED_SIBLING	theoremqa	sra_v2_2::theoremqa_070::wrong_precondition	1	core_static_cue_clean_rebuilt	core_admission_carried_forward	none	no	core_admission_carried_forward	core release provenance	core marked-sibling admission evidence carried forward from the audited core source layer
core::sra_v2_2::theoremqa_071::poisoned_procedure_clause	core_marked_sibling	L0_CORE_MARKED_SIBLING	theoremqa	sra_v2_2::theoremqa_071::poisoned_procedure_clause	1	core_static_cue_clean_rebuilt	core_admission_carried_forward	none	no	core_admission_carried_forward	core release provenance	core marked-sibling admission evidence carried forward from the audited core source layer
core::sra_v2_2::theoremqa_072::wrong_resource_pointer	core_marked_sibling	L0_CORE_MARKED_SIBLING	theoremqa	sra_v2_2::theoremqa_072::wrong_resource_pointer	1	core_static_cue_clean_rebuilt	core_admission_carried_forward	none	no	core_admission_carried_forward	core release provenance	core marked-sibling admission evidence carried forward from the audited core source layer
core::sra_v2_2::theoremqa_073::poisoned_procedure_clause	core_marked_sibling	L0_CORE_MARKED_SIBLING	theoremqa	sra_v2_2::theoremqa_073::poisoned_procedure_clause	1	core_static_cue_clean_rebuilt	core_admission_carried_forward	none	no	core_admission_carried_forward	core release provenance	core marked-sibling admission evidence carried forward from the audited core source layer
core::sra_v2_2::theoremqa_074::wrong_resource_pointer	core_marked_sibling	L0_CORE_MARKED_SIBLING	theoremqa	sra_v2_2::theoremqa_074::wrong_resource_pointer	1	core_static_cue_clean_rebuilt	core_admission_carried_forward	none	no	core_admission_carried_forward	core release provenance	core marked-sibling admission evidence carried forward from the audited core source layer
core::sra_v2_2::theoremqa_075::wrong_precondition	core_marked_sibling	L0_CORE_MARKED_SIBLING	theoremqa	sra_v2_2::theoremqa_075::wrong_precondition	1	core_static_cue_clean_rebuilt	core_admission_carried_forward	none	no	core_admission_carried_forward	core release provenance	core marked-sibling admission evidence carried forward from the audited core source layer
core::sra_v2_2::theoremqa_076::wrong_resource_pointer	core_marked_sibling	L0_CORE_MARKED_SIBLING	theoremqa	sra_v2_2::theoremqa_076::wrong_resource_pointer	1	core_static_cue_clean_rebuilt	core_admission_carried_forward	none	no	core_admission_carried_forward	core release provenance	core marked-sibling admission evidence carried forward from the audited core source layer
core::sra_v2_2::theoremqa_077::wrong_precondition	core_marked_sibling	L0_CORE_MARKED_SIBLING	theoremqa	sra_v2_2::theoremqa_077::wrong_precondition	1	core_static_cue_clean_rebuilt	core_admission_carried_forward	none	no	core_admission_carried_forward	core release provenance	core marked-sibling admission evidence carried forward from the audited core source layer
core::sra_v2_2::theoremqa_078::wrong_precondition	core_marked_sibling	L0_CORE_MARKED_SIBLING	theoremqa	sra_v2_2::theoremqa_078::wrong_precondition	1	core_static_cue_clean_rebuilt	core_admission_carried_forward	none	no	core_admission_carried_forward	core release provenance	core marked-sibling admission evidence carried forward from the audited core source layer
core::sra_v2_2::theoremqa_079::wrong_resource_pointer	core_marked_sibling	L0_CORE_MARKED_SIBLING	theoremqa	sra_v2_2::theoremqa_079::wrong_resource_pointer	1	core_static_cue_clean_rebuilt	core_admission_carried_forward	none	no	core_admission_carried_forward	core release provenance	core marked-sibling admission evidence carried forward from the audited core source layer
core::sra_v2_2::theoremqa_080::wrong_resource_pointer	core_marked_sibling	L0_CORE_MARKED_SIBLING	theoremqa	sra_v2_2::theoremqa_080::wrong_resource_pointer	1	core_static_cue_clean_rebuilt	core_admission_carried_forward	none	no	core_admission_carried_forward	core release provenance	core marked-sibling admission evidence carried forward from the audited core source layer
core::sra_v2_2::theoremqa_081::wrong_resource_pointer	core_marked_sibling	L0_CORE_MARKED_SIBLING	theoremqa	sra_v2_2::theoremqa_081::wrong_resource_pointer	1	core_static_cue_clean_rebuilt	core_admission_carried_forward	none	no	core_admission_carried_forward	core release provenance	core marked-sibling admission evidence carried forward from the audited core source layer
core::sra_v2_2::theoremqa_082::wrong_precondition	core_marked_sibling	L0_CORE_MARKED_SIBLING	theoremqa	sra_v2_2::theoremqa_082::wrong_precondition	1	core_static_cue_clean_rebuilt	core_admission_carried_forward	none	no	core_admission_carried_forward	core release provenance	core marked-sibling admission evidence carried forward from the audited core source layer
core::sra_v2_2::theoremqa_083::wrong_precondition	core_marked_sibling	L0_CORE_MARKED_SIBLING	theoremqa	sra_v2_2::theoremqa_083::wrong_precondition	1	core_static_cue_clean_rebuilt	core_admission_carried_forward	none	no	core_admission_carried_forward	core release provenance	core marked-sibling admission evidence carried forward from the audited core source layer
core::sra_v2_2::theoremqa_084::wrong_resource_pointer	core_marked_sibling	L0_CORE_MARKED_SIBLING	theoremqa	sra_v2_2::theoremqa_084::wrong_resource_pointer	1	core_static_cue_clean_rebuilt	core_admission_carried_forward	none	no	core_admission_carried_forward	core release provenance	core marked-sibling admission evidence carried forward from the audited core source layer
core::sra_v2_2::theoremqa_085::wrong_resource_pointer	core_marked_sibling	L0_CORE_MARKED_SIBLING	theoremqa	sra_v2_2::theoremqa_085::wrong_resource_pointer	1	core_static_cue_clean_rebuilt	core_admission_carried_forward	none	no	core_admission_carried_forward	core release provenance	core marked-sibling admission evidence carried forward from the audited core source layer
core::sra_v2_2::theoremqa_086::wrong_precondition	core_marked_sibling	L0_CORE_MARKED_SIBLING	theoremqa	sra_v2_2::theoremqa_086::wrong_precondition	1	core_static_cue_clean_rebuilt	core_admission_carried_forward	none	no	core_admission_carried_forward	core release provenance	core marked-sibling admission evidence carried forward from the audited core source layer
core::sra_v2_2::theoremqa_087::wrong_resource_pointer	core_marked_sibling	L0_CORE_MARKED_SIBLING	theoremqa	sra_v2_2::theoremqa_087::wrong_resource_pointer	1	core_static_cue_clean_rebuilt	core_admission_carried_forward	none	no	core_admission_carried_forward	core release provenance	core marked-sibling admission evidence carried forward from the audited core source layer
core::sra_v2_2::theoremqa_088::wrong_resource_pointer	core_marked_sibling	L0_CORE_MARKED_SIBLING	theoremqa	sra_v2_2::theoremqa_088::wrong_resource_pointer	1	core_static_cue_clean_rebuilt	core_admission_carried_forward	none	no	core_admission_carried_forward	core release provenance	core marked-sibling admission evidence carried forward from the audited core source layer
core::sra_v2_2::theoremqa_089::wrong_precondition	core_marked_sibling	L0_CORE_MARKED_SIBLING	theoremqa	sra_v2_2::theoremqa_089::wrong_precondition	1	core_static_cue_clean_rebuilt	core_admission_carried_forward	none	no	core_admission_carried_forward	core release provenance	core marked-sibling admission evidence carried forward from the audited core source layer
core::sra_v2_2::theoremqa_090::wrong_precondition	core_marked_sibling	L0_CORE_MARKED_SIBLING	theoremqa	sra_v2_2::theoremqa_090::wrong_precondition	1	core_static_cue_clean_rebuilt	core_admission_carried_forward	none	no	core_admission_carried_forward	core release provenance	core marked-sibling admission evidence carried forward from the audited core source layer
core::sra_v2_2::theoremqa_091::wrong_resource_pointer	core_marked_sibling	L0_CORE_MARKED_SIBLING	theoremqa	sra_v2_2::theoremqa_091::wrong_resource_pointer	1	core_static_cue_clean_rebuilt	core_admission_carried_forward	none	no	core_admission_carried_forward	core release provenance	core marked-sibling admission evidence carried forward from the audited core source layer
core::sra_v2_2::theoremqa_092::wrong_precondition	core_marked_sibling	L0_CORE_MARKED_SIBLING	theoremqa	sra_v2_2::theoremqa_092::wrong_precondition	1	core_static_cue_clean_rebuilt	core_admission_carried_forward	none	no	core_admission_carried_forward	core release provenance	core marked-sibling admission evidence carried forward from the audited core source layer
core::sra_v2_2::theoremqa_093::wrong_resource_pointer	core_marked_sibling	L0_CORE_MARKED_SIBLING	theoremqa	sra_v2_2::theoremqa_093::wrong_resource_pointer	1	core_static_cue_clean_rebuilt	core_admission_carried_forward	none	no	core_admission_carried_forward	core release provenance	core marked-sibling admission evidence carried forward from the audited core source layer
core::sra_v2_2::theoremqa_094::wrong_precondition	core_marked_sibling	L0_CORE_MARKED_SIBLING	theoremqa	sra_v2_2::theoremqa_094::wrong_precondition	1	core_static_cue_clean_rebuilt	core_admission_carried_forward	none	no	core_admission_carried_forward	core release provenance	core marked-sibling admission evidence carried forward from the audited core source layer
core::sra_v2_2::theoremqa_095::wrong_resource_pointer	core_marked_sibling	L0_CORE_MARKED_SIBLING	theoremqa	sra_v2_2::theoremqa_095::wrong_resource_pointer	1	core_static_cue_clean_rebuilt	core_admission_carried_forward	none	no	core_admission_carried_forward	core release provenance	core marked-sibling admission evidence carried forward from the audited core source layer
core::sra_v2_2::theoremqa_096::wrong_precondition	core_marked_sibling	L0_CORE_MARKED_SIBLING	theoremqa	sra_v2_2::theoremqa_096::wrong_precondition	1	core_static_cue_clean_rebuilt	core_admission_carried_forward	none	no	core_admission_carried_forward	core release provenance	core marked-sibling admission evidence carried forward from the audited core source layer
core::sra_v2_2::theoremqa_097::wrong_resource_pointer	core_marked_sibling	L0_CORE_MARKED_SIBLING	theoremqa	sra_v2_2::theoremqa_097::wrong_resource_pointer	1	core_static_cue_clean_rebuilt	core_admission_carried_forward	none	no	core_admission_carried_forward	core release provenance	core marked-sibling admission evidence carried forward from the audited core source layer
core::sra_v2_2::theoremqa_098::wrong_resource_pointer	core_marked_sibling	L0_CORE_MARKED_SIBLING	theoremqa	sra_v2_2::theoremqa_098::wrong_resource_pointer	1	core_static_cue_clean_rebuilt	core_admission_carried_forward	none	no	core_admission_carried_forward	core release provenance	core marked-sibling admission evidence carried forward from the audited core source layer
core::sra_v2_2::theoremqa_099::wrong_resource_pointer	core_marked_sibling	L0_CORE_MARKED_SIBLING	theoremqa	sra_v2_2::theoremqa_099::wrong_resource_pointer	1	core_static_cue_clean_rebuilt	core_admission_carried_forward	none	no	core_admission_carried_forward	core release provenance	core marked-sibling admission evidence carried forward from the audited core source layer
core::sra_v2_2::theoremqa_100::wrong_precondition	core_marked_sibling	L0_CORE_MARKED_SIBLING	theoremqa	sra_v2_2::theoremqa_100::wrong_precondition	1	core_static_cue_clean_rebuilt	core_admission_carried_forward	none	no	core_admission_carried_forward	core release provenance	core marked-sibling admission evidence carried forward from the audited core source layer
core::sra_v2_2::theoremqa_101::wrong_precondition	core_marked_sibling	L0_CORE_MARKED_SIBLING	theoremqa	sra_v2_2::theoremqa_101::wrong_precondition	1	core_static_cue_clean_rebuilt	core_admission_carried_forward	none	no	core_admission_carried_forward	core release provenance	core marked-sibling admission evidence carried forward from the audited core source layer
core::sra_v2_2::theoremqa_102::wrong_resource_pointer	core_marked_sibling	L0_CORE_MARKED_SIBLING	theoremqa	sra_v2_2::theoremqa_102::wrong_resource_pointer	1	core_static_cue_clean_rebuilt	core_admission_carried_forward	none	no	core_admission_carried_forward	core release provenance	core marked-sibling admission evidence carried forward from the audited core source layer
core::sra_v2_2::theoremqa_103::wrong_resource_pointer	core_marked_sibling	L0_CORE_MARKED_SIBLING	theoremqa	sra_v2_2::theoremqa_103::wrong_resource_pointer	1	core_static_cue_clean_rebuilt	core_admission_carried_forward	none	no	core_admission_carried_forward	core release provenance	core marked-sibling admission evidence carried forward from the audited core source layer
core::sra_v2_2::theoremqa_104::wrong_precondition	core_marked_sibling	L0_CORE_MARKED_SIBLING	theoremqa	sra_v2_2::theoremqa_104::wrong_precondition	1	core_static_cue_clean_rebuilt	core_admission_carried_forward	none	no	core_admission_carried_forward	core release provenance	core marked-sibling admission evidence carried forward from the audited core source layer
core::sra_v2_2::theoremqa_105::wrong_resource_pointer	core_marked_sibling	L0_CORE_MARKED_SIBLING	theoremqa	sra_v2_2::theoremqa_105::wrong_resource_pointer	1	core_static_cue_clean_rebuilt	core_admission_carried_forward	none	no	core_admission_carried_forward	core release provenance	core marked-sibling admission evidence carried forward from the audited core source layer
core::sra_v2_2::theoremqa_106::wrong_precondition	core_marked_sibling	L0_CORE_MARKED_SIBLING	theoremqa	sra_v2_2::theoremqa_106::wrong_precondition	1	core_static_cue_clean_rebuilt	core_admission_carried_forward	none	no	core_admission_carried_forward	core release provenance	core marked-sibling admission evidence carried forward from the audited core source layer
core::sra_v2_2::theoremqa_107::wrong_precondition	core_marked_sibling	L0_CORE_MARKED_SIBLING	theoremqa	sra_v2_2::theoremqa_107::wrong_precondition	1	core_static_cue_clean_rebuilt	core_admission_carried_forward	none	no	core_admission_carried_forward	core release provenance	core marked-sibling admission evidence carried forward from the audited core source layer
core::sra_v2_2::theoremqa_108::wrong_resource_pointer	core_marked_sibling	L0_CORE_MARKED_SIBLING	theoremqa	sra_v2_2::theoremqa_108::wrong_resource_pointer	1	core_static_cue_clean_rebuilt	core_admission_carried_forward	none	no	core_admission_carried_forward	core release provenance	core marked-sibling admission evidence carried forward from the audited core source layer
core::sra_v2_2::theoremqa_109::wrong_precondition	core_marked_sibling	L0_CORE_MARKED_SIBLING	theoremqa	sra_v2_2::theoremqa_109::wrong_precondition	1	core_static_cue_clean_rebuilt	core_admission_carried_forward	none	no	core_admission_carried_forward	core release provenance	core marked-sibling admission evidence carried forward from the audited core source layer
core::sra_v2_2::theoremqa_110::wrong_precondition	core_marked_sibling	L0_CORE_MARKED_SIBLING	theoremqa	sra_v2_2::theoremqa_110::wrong_precondition	1	core_static_cue_clean_rebuilt	core_admission_carried_forward	none	no	core_admission_carried_forward	core release provenance	core marked-sibling admission evidence carried forward from the audited core source layer
core::sra_v2_2::theoremqa_111::wrong_resource_pointer	core_marked_sibling	L0_CORE_MARKED_SIBLING	theoremqa	sra_v2_2::theoremqa_111::wrong_resource_pointer	1	core_static_cue_clean_rebuilt	core_admission_carried_forward	none	no	core_admission_carried_forward	core release provenance	core marked-sibling admission evidence carried forward from the audited core source layer
core::sra_v2_2::theoremqa_112::wrong_resource_pointer	core_marked_sibling	L0_CORE_MARKED_SIBLING	theoremqa	sra_v2_2::theoremqa_112::wrong_resource_pointer	1	core_static_cue_clean_rebuilt	core_admission_carried_forward	none	no	core_admission_carried_forward	core release provenance	core marked-sibling admission evidence carried forward from the audited core source layer
core::sra_v2_2::theoremqa_113::wrong_precondition	core_marked_sibling	L0_CORE_MARKED_SIBLING	theoremqa	sra_v2_2::theoremqa_113::wrong_precondition	1	core_static_cue_clean_rebuilt	core_admission_carried_forward	none	no	core_admission_carried_forward	core release provenance	core marked-sibling admission evidence carried forward from the audited core source layer
core::sra_v2_2::theoremqa_114::wrong_resource_pointer	core_marked_sibling	L0_CORE_MARKED_SIBLING	theoremqa	sra_v2_2::theoremqa_114::wrong_resource_pointer	1	core_static_cue_clean_rebuilt	core_admission_carried_forward	none	no	core_admission_carried_forward	core release provenance	core marked-sibling admission evidence carried forward from the audited core source layer
core::sra_v2_2::theoremqa_115::wrong_precondition	core_marked_sibling	L0_CORE_MARKED_SIBLING	theoremqa	sra_v2_2::theoremqa_115::wrong_precondition	1	core_static_cue_clean_rebuilt	core_admission_carried_forward	none	no	core_admission_carried_forward	core release provenance	core marked-sibling admission evidence carried forward from the audited core source layer
core::sra_v2_2::theoremqa_116::wrong_resource_pointer	core_marked_sibling	L0_CORE_MARKED_SIBLING	theoremqa	sra_v2_2::theoremqa_116::wrong_resource_pointer	1	core_static_cue_clean_rebuilt	core_admission_carried_forward	none	no	core_admission_carried_forward	core release provenance	core marked-sibling admission evidence carried forward from the audited core source layer
core::sra_v2_2::theoremqa_117::wrong_precondition	core_marked_sibling	L0_CORE_MARKED_SIBLING	theoremqa	sra_v2_2::theoremqa_117::wrong_precondition	1	core_static_cue_clean_rebuilt	core_admission_carried_forward	none	no	core_admission_carried_forward	core release provenance	core marked-sibling admission evidence carried forward from the audited core source layer
core::sra_v2_2::theoremqa_118::wrong_resource_pointer	core_marked_sibling	L0_CORE_MARKED_SIBLING	theoremqa	sra_v2_2::theoremqa_118::wrong_resource_pointer	1	core_static_cue_clean_rebuilt	core_admission_carried_forward	none	no	core_admission_carried_forward	core release provenance	core marked-sibling admission evidence carried forward from the audited core source layer
core::sra_v2_2::theoremqa_119::wrong_precondition	core_marked_sibling	L0_CORE_MARKED_SIBLING	theoremqa	sra_v2_2::theoremqa_119::wrong_precondition	1	core_static_cue_clean_rebuilt	core_admission_carried_forward	none	no	core_admission_carried_forward	core release provenance	core marked-sibling admission evidence carried forward from the audited core source layer
core::sra_v2_2::theoremqa_120::wrong_resource_pointer	core_marked_sibling	L0_CORE_MARKED_SIBLING	theoremqa	sra_v2_2::theoremqa_120::wrong_resource_pointer	1	core_static_cue_clean_rebuilt	core_admission_carried_forward	none	no	core_admission_carried_forward	core release provenance	core marked-sibling admission evidence carried forward from the audited core source layer
core::sra_v2_2::theoremqa_121::wrong_resource_pointer	core_marked_sibling	L0_CORE_MARKED_SIBLING	theoremqa	sra_v2_2::theoremqa_121::wrong_resource_pointer	1	core_static_cue_clean_rebuilt	core_admission_carried_forward	none	no	core_admission_carried_forward	core release provenance	core marked-sibling admission evidence carried forward from the audited core source layer
core::sra_v2_2::theoremqa_122::wrong_resource_pointer	core_marked_sibling	L0_CORE_MARKED_SIBLING	theoremqa	sra_v2_2::theoremqa_122::wrong_resource_pointer	1	core_static_cue_clean_rebuilt	core_admission_carried_forward	none	no	core_admission_carried_forward	core release provenance	core marked-sibling admission evidence carried forward from the audited core source layer
core::sra_v2_2::theoremqa_123::wrong_resource_pointer	core_marked_sibling	L0_CORE_MARKED_SIBLING	theoremqa	sra_v2_2::theoremqa_123::wrong_resource_pointer	1	core_static_cue_clean_rebuilt	core_admission_carried_forward	none	no	core_admission_carried_forward	core release provenance	core marked-sibling admission evidence carried forward from the audited core source layer
core::sra_v2_2::theoremqa_124::wrong_resource_pointer	core_marked_sibling	L0_CORE_MARKED_SIBLING	theoremqa	sra_v2_2::theoremqa_124::wrong_resource_pointer	1	core_static_cue_clean_rebuilt	core_admission_carried_forward	none	no	core_admission_carried_forward	core release provenance	core marked-sibling admission evidence carried forward from the audited core source layer
core::sra_v2_2::theoremqa_125::wrong_resource_pointer	core_marked_sibling	L0_CORE_MARKED_SIBLING	theoremqa	sra_v2_2::theoremqa_125::wrong_resource_pointer	1	core_static_cue_clean_rebuilt	core_admission_carried_forward	none	no	core_admission_carried_forward	core release provenance	core marked-sibling admission evidence carried forward from the audited core source layer
core::sra_v2_2::theoremqa_126::wrong_precondition	core_marked_sibling	L0_CORE_MARKED_SIBLING	theoremqa	sra_v2_2::theoremqa_126::wrong_precondition	1	core_static_cue_clean_rebuilt	core_admission_carried_forward	none	no	core_admission_carried_forward	core release provenance	core marked-sibling admission evidence carried forward from the audited core source layer
core::sra_v2_2::theoremqa_127::wrong_resource_pointer	core_marked_sibling	L0_CORE_MARKED_SIBLING	theoremqa	sra_v2_2::theoremqa_127::wrong_resource_pointer	1	core_static_cue_clean_rebuilt	core_admission_carried_forward	none	no	core_admission_carried_forward	core release provenance	core marked-sibling admission evidence carried forward from the audited core source layer
core::sra_v2_2::theoremqa_128::wrong_resource_pointer	core_marked_sibling	L0_CORE_MARKED_SIBLING	theoremqa	sra_v2_2::theoremqa_128::wrong_resource_pointer	1	core_static_cue_clean_rebuilt	core_admission_carried_forward	none	no	core_admission_carried_forward	core release provenance	core marked-sibling admission evidence carried forward from the audited core source layer
core::sra_v2_2::theoremqa_129::wrong_resource_pointer	core_marked_sibling	L0_CORE_MARKED_SIBLING	theoremqa	sra_v2_2::theoremqa_129::wrong_resource_pointer	1	core_static_cue_clean_rebuilt	core_admission_carried_forward	none	no	core_admission_carried_forward	core release provenance	core marked-sibling admission evidence carried forward from the audited core source layer
core::sra_v2_2::theoremqa_130::wrong_precondition	core_marked_sibling	L0_CORE_MARKED_SIBLING	theoremqa	sra_v2_2::theoremqa_130::wrong_precondition	1	core_static_cue_clean_rebuilt	core_admission_carried_forward	none	no	core_admission_carried_forward	core release provenance	core marked-sibling admission evidence carried forward from the audited core source layer
core::sra_v2_2::theoremqa_131::wrong_resource_pointer	core_marked_sibling	L0_CORE_MARKED_SIBLING	theoremqa	sra_v2_2::theoremqa_131::wrong_resource_pointer	1	core_static_cue_clean_rebuilt	core_admission_carried_forward	none	no	core_admission_carried_forward	core release provenance	core marked-sibling admission evidence carried forward from the audited core source layer
core::sra_v2_2::theoremqa_132::wrong_resource_pointer	core_marked_sibling	L0_CORE_MARKED_SIBLING	theoremqa	sra_v2_2::theoremqa_132::wrong_resource_pointer	1	core_static_cue_clean_rebuilt	core_admission_carried_forward	none	no	core_admission_carried_forward	core release provenance	core marked-sibling admission evidence carried forward from the audited core source layer
core::sra_v2_2::theoremqa_133::wrong_precondition	core_marked_sibling	L0_CORE_MARKED_SIBLING	theoremqa	sra_v2_2::theoremqa_133::wrong_precondition	1	core_static_cue_clean_rebuilt	core_admission_carried_forward	none	no	core_admission_carried_forward	core release provenance	core marked-sibling admission evidence carried forward from the audited core source layer
core::sra_v2_2::theoremqa_134::wrong_resource_pointer	core_marked_sibling	L0_CORE_MARKED_SIBLING	theoremqa	sra_v2_2::theoremqa_134::wrong_resource_pointer	1	core_static_cue_clean_rebuilt	core_admission_carried_forward	none	no	core_admission_carried_forward	core release provenance	core marked-sibling admission evidence carried forward from the audited core source layer
core::sra_v2_2::theoremqa_135::wrong_precondition	core_marked_sibling	L0_CORE_MARKED_SIBLING	theoremqa	sra_v2_2::theoremqa_135::wrong_precondition	1	core_static_cue_clean_rebuilt	core_admission_carried_forward	none	no	core_admission_carried_forward	core release provenance	core marked-sibling admission evidence carried forward from the audited core source layer
core::sra_v2_2::theoremqa_136::wrong_resource_pointer	core_marked_sibling	L0_CORE_MARKED_SIBLING	theoremqa	sra_v2_2::theoremqa_136::wrong_resource_pointer	1	core_static_cue_clean_rebuilt	core_admission_carried_forward	none	no	core_admission_carried_forward	core release provenance	core marked-sibling admission evidence carried forward from the audited core source layer
core::sra_v2_2::theoremqa_137::wrong_precondition	core_marked_sibling	L0_CORE_MARKED_SIBLING	theoremqa	sra_v2_2::theoremqa_137::wrong_precondition	1	core_static_cue_clean_rebuilt	core_admission_carried_forward	none	no	core_admission_carried_forward	core release provenance	core marked-sibling admission evidence carried forward from the audited core source layer
core::sra_v2_2::theoremqa_138::wrong_resource_pointer	core_marked_sibling	L0_CORE_MARKED_SIBLING	theoremqa	sra_v2_2::theoremqa_138::wrong_resource_pointer	1	core_static_cue_clean_rebuilt	core_admission_carried_forward	none	no	core_admission_carried_forward	core release provenance	core marked-sibling admission evidence carried forward from the audited core source layer
core::sra_v2_2::theoremqa_139::wrong_resource_pointer	core_marked_sibling	L0_CORE_MARKED_SIBLING	theoremqa	sra_v2_2::theoremqa_139::wrong_resource_pointer	1	core_static_cue_clean_rebuilt	core_admission_carried_forward	none	no	core_admission_carried_forward	core release provenance	core marked-sibling admission evidence carried forward from the audited core source layer
core::sra_v2_2::theoremqa_140::wrong_precondition	core_marked_sibling	L0_CORE_MARKED_SIBLING	theoremqa	sra_v2_2::theoremqa_140::wrong_precondition	1	core_static_cue_clean_rebuilt	core_admission_carried_forward	none	no	core_admission_carried_forward	core release provenance	core marked-sibling admission evidence carried forward from the audited core source layer
core::sra_v2_2::theoremqa_141::wrong_precondition	core_marked_sibling	L0_CORE_MARKED_SIBLING	theoremqa	sra_v2_2::theoremqa_141::wrong_precondition	1	core_static_cue_clean_rebuilt	core_admission_carried_forward	none	no	core_admission_carried_forward	core release provenance	core marked-sibling admission evidence carried forward from the audited core source layer
core::sra_v2_2::theoremqa_142::wrong_resource_pointer	core_marked_sibling	L0_CORE_MARKED_SIBLING	theoremqa	sra_v2_2::theoremqa_142::wrong_resource_pointer	1	core_static_cue_clean_rebuilt	core_admission_carried_forward	none	no	core_admission_carried_forward	core release provenance	core marked-sibling admission evidence carried forward from the audited core source layer
core::sra_v2_2::theoremqa_143::wrong_precondition	core_marked_sibling	L0_CORE_MARKED_SIBLING	theoremqa	sra_v2_2::theoremqa_143::wrong_precondition	1	core_static_cue_clean_rebuilt	core_admission_carried_forward	none	no	core_admission_carried_forward	core release provenance	core marked-sibling admission evidence carried forward from the audited core source layer
core::sra_v2_2::theoremqa_144::wrong_precondition	core_marked_sibling	L0_CORE_MARKED_SIBLING	theoremqa	sra_v2_2::theoremqa_144::wrong_precondition	1	core_static_cue_clean_rebuilt	core_admission_carried_forward	none	no	core_admission_carried_forward	core release provenance	core marked-sibling admission evidence carried forward from the audited core source layer
core::sra_v2_2::theoremqa_145::poisoned_procedure_clause	core_marked_sibling	L0_CORE_MARKED_SIBLING	theoremqa	sra_v2_2::theoremqa_145::poisoned_procedure_clause	1	core_static_cue_clean_rebuilt	core_admission_carried_forward	none	no	core_admission_carried_forward	core release provenance	core marked-sibling admission evidence carried forward from the audited core source layer
core::sra_v2_2::theoremqa_146::wrong_precondition	core_marked_sibling	L0_CORE_MARKED_SIBLING	theoremqa	sra_v2_2::theoremqa_146::wrong_precondition	1	core_static_cue_clean_rebuilt	core_admission_carried_forward	none	no	core_admission_carried_forward	core release provenance	core marked-sibling admission evidence carried forward from the audited core source layer
core::sra_v2_2::theoremqa_147::wrong_precondition	core_marked_sibling	L0_CORE_MARKED_SIBLING	theoremqa	sra_v2_2::theoremqa_147::wrong_precondition	1	core_static_cue_clean_rebuilt	core_admission_carried_forward	none	no	core_admission_carried_forward	core release provenance	core marked-sibling admission evidence carried forward from the audited core source layer
core::sra_v2_2::theoremqa_148::wrong_resource_pointer	core_marked_sibling	L0_CORE_MARKED_SIBLING	theoremqa	sra_v2_2::theoremqa_148::wrong_resource_pointer	1	core_static_cue_clean_rebuilt	core_admission_carried_forward	none	no	core_admission_carried_forward	core release provenance	core marked-sibling admission evidence carried forward from the audited core source layer
core::sra_v2_2::theoremqa_150::wrong_resource_pointer	core_marked_sibling	L0_CORE_MARKED_SIBLING	theoremqa	sra_v2_2::theoremqa_150::wrong_resource_pointer	1	core_static_cue_clean_rebuilt	core_admission_carried_forward	none	no	core_admission_carried_forward	core release provenance	core marked-sibling admission evidence carried forward from the audited core source layer
core::sra_v2_2::theoremqa_151::wrong_precondition	core_marked_sibling	L0_CORE_MARKED_SIBLING	theoremqa	sra_v2_2::theoremqa_151::wrong_precondition	1	core_static_cue_clean_rebuilt	core_admission_carried_forward	none	no	core_admission_carried_forward	core release provenance	core marked-sibling admission evidence carried forward from the audited core source layer
core::sra_v2_2::theoremqa_152::wrong_resource_pointer	core_marked_sibling	L0_CORE_MARKED_SIBLING	theoremqa	sra_v2_2::theoremqa_152::wrong_resource_pointer	1	core_static_cue_clean_rebuilt	core_admission_carried_forward	none	no	core_admission_carried_forward	core release provenance	core marked-sibling admission evidence carried forward from the audited core source layer
core::sra_v2_2::theoremqa_153::wrong_precondition	core_marked_sibling	L0_CORE_MARKED_SIBLING	theoremqa	sra_v2_2::theoremqa_153::wrong_precondition	1	core_static_cue_clean_rebuilt	core_admission_carried_forward	none	no	core_admission_carried_forward	core release provenance	core marked-sibling admission evidence carried forward from the audited core source layer
core::sra_v2_2::theoremqa_154::wrong_precondition	core_marked_sibling	L0_CORE_MARKED_SIBLING	theoremqa	sra_v2_2::theoremqa_154::wrong_precondition	1	core_static_cue_clean_rebuilt	core_admission_carried_forward	none	no	core_admission_carried_forward	core release provenance	core marked-sibling admission evidence carried forward from the audited core source layer
core::sra_v2_2::theoremqa_155::wrong_resource_pointer	core_marked_sibling	L0_CORE_MARKED_SIBLING	theoremqa	sra_v2_2::theoremqa_155::wrong_resource_pointer	1	core_static_cue_clean_rebuilt	core_admission_carried_forward	none	no	core_admission_carried_forward	core release provenance	core marked-sibling admission evidence carried forward from the audited core source layer
core::sra_v2_2::theoremqa_156::wrong_resource_pointer	core_marked_sibling	L0_CORE_MARKED_SIBLING	theoremqa	sra_v2_2::theoremqa_156::wrong_resource_pointer	1	core_static_cue_clean_rebuilt	core_admission_carried_forward	none	no	core_admission_carried_forward	core release provenance	core marked-sibling admission evidence carried forward from the audited core source layer
core::sra_v2_2::theoremqa_157::wrong_resource_pointer	core_marked_sibling	L0_CORE_MARKED_SIBLING	theoremqa	sra_v2_2::theoremqa_157::wrong_resource_pointer	1	core_static_cue_clean_rebuilt	core_admission_carried_forward	none	no	core_admission_carried_forward	core release provenance	core marked-sibling admission evidence carried forward from the audited core source layer
core::sra_v2_2::theoremqa_158::wrong_resource_pointer	core_marked_sibling	L0_CORE_MARKED_SIBLING	theoremqa	sra_v2_2::theoremqa_158::wrong_resource_pointer	1	core_static_cue_clean_rebuilt	core_admission_carried_forward	none	no	core_admission_carried_forward	core release provenance	core marked-sibling admission evidence carried forward from the audited core source layer
core::sra_v2_2::theoremqa_159::wrong_resource_pointer	core_marked_sibling	L0_CORE_MARKED_SIBLING	theoremqa	sra_v2_2::theoremqa_159::wrong_resource_pointer	1	core_static_cue_clean_rebuilt	core_admission_carried_forward	none	no	core_admission_carried_forward	core release provenance	core marked-sibling admission evidence carried forward from the audited core source layer
core::sra_v2_2::theoremqa_160::wrong_precondition	core_marked_sibling	L0_CORE_MARKED_SIBLING	theoremqa	sra_v2_2::theoremqa_160::wrong_precondition	1	core_static_cue_clean_rebuilt	core_admission_carried_forward	none	no	core_admission_carried_forward	core release provenance	core marked-sibling admission evidence carried forward from the audited core source layer
core::sra_v2_2::theoremqa_161::wrong_resource_pointer	core_marked_sibling	L0_CORE_MARKED_SIBLING	theoremqa	sra_v2_2::theoremqa_161::wrong_resource_pointer	1	core_static_cue_clean_rebuilt	core_admission_carried_forward	none	no	core_admission_carried_forward	core release provenance	core marked-sibling admission evidence carried forward from the audited core source layer
core::sra_v2_2::theoremqa_162::wrong_resource_pointer	core_marked_sibling	L0_CORE_MARKED_SIBLING	theoremqa	sra_v2_2::theoremqa_162::wrong_resource_pointer	1	core_static_cue_clean_rebuilt	core_admission_carried_forward	none	no	core_admission_carried_forward	core release provenance	core marked-sibling admission evidence carried forward from the audited core source layer
core::sra_v2_2::theoremqa_163::wrong_precondition	core_marked_sibling	L0_CORE_MARKED_SIBLING	theoremqa	sra_v2_2::theoremqa_163::wrong_precondition	1	core_static_cue_clean_rebuilt	core_admission_carried_forward	none	no	core_admission_carried_forward	core release provenance	core marked-sibling admission evidence carried forward from the audited core source layer
core::sra_v2_2::theoremqa_164::wrong_precondition	core_marked_sibling	L0_CORE_MARKED_SIBLING	theoremqa	sra_v2_2::theoremqa_164::wrong_precondition	1	core_static_cue_clean_rebuilt	core_admission_carried_forward	none	no	core_admission_carried_forward	core release provenance	core marked-sibling admission evidence carried forward from the audited core source layer
core::sra_v2_2::theoremqa_165::wrong_resource_pointer	core_marked_sibling	L0_CORE_MARKED_SIBLING	theoremqa	sra_v2_2::theoremqa_165::wrong_resource_pointer	1	core_static_cue_clean_rebuilt	core_admission_carried_forward	none	no	core_admission_carried_forward	core release provenance	core marked-sibling admission evidence carried forward from the audited core source layer
core::sra_v2_2::theoremqa_166::wrong_precondition	core_marked_sibling	L0_CORE_MARKED_SIBLING	theoremqa	sra_v2_2::theoremqa_166::wrong_precondition	1	core_static_cue_clean_rebuilt	core_admission_carried_forward	none	no	core_admission_carried_forward	core release provenance	core marked-sibling admission evidence carried forward from the audited core source layer
core::sra_v2_2::theoremqa_167::wrong_precondition	core_marked_sibling	L0_CORE_MARKED_SIBLING	theoremqa	sra_v2_2::theoremqa_167::wrong_precondition	1	core_static_cue_clean_rebuilt	core_admission_carried_forward	none	no	core_admission_carried_forward	core release provenance	core marked-sibling admission evidence carried forward from the audited core source layer
core::sra_v2_2::theoremqa_168::wrong_resource_pointer	core_marked_sibling	L0_CORE_MARKED_SIBLING	theoremqa	sra_v2_2::theoremqa_168::wrong_resource_pointer	1	core_static_cue_clean_rebuilt	core_admission_carried_forward	none	no	core_admission_carried_forward	core release provenance	core marked-sibling admission evidence carried forward from the audited core source layer
core::sra_v2_2::theoremqa_169::wrong_precondition	core_marked_sibling	L0_CORE_MARKED_SIBLING	theoremqa	sra_v2_2::theoremqa_169::wrong_precondition	1	core_static_cue_clean_rebuilt	core_admission_carried_forward	none	no	core_admission_carried_forward	core release provenance	core marked-sibling admission evidence carried forward from the audited core source layer
core::sra_v2_2::theoremqa_170::wrong_precondition	core_marked_sibling	L0_CORE_MARKED_SIBLING	theoremqa	sra_v2_2::theoremqa_170::wrong_precondition	1	core_static_cue_clean_rebuilt	core_admission_carried_forward	none	no	core_admission_carried_forward	core release provenance	core marked-sibling admission evidence carried forward from the audited core source layer
core::sra_v2_2::theoremqa_171::wrong_resource_pointer	core_marked_sibling	L0_CORE_MARKED_SIBLING	theoremqa	sra_v2_2::theoremqa_171::wrong_resource_pointer	1	core_static_cue_clean_rebuilt	core_admission_carried_forward	none	no	core_admission_carried_forward	core release provenance	core marked-sibling admission evidence carried forward from the audited core source layer
core::sra_v2_2::theoremqa_172::wrong_resource_pointer	core_marked_sibling	L0_CORE_MARKED_SIBLING	theoremqa	sra_v2_2::theoremqa_172::wrong_resource_pointer	1	core_static_cue_clean_rebuilt	core_admission_carried_forward	none	no	core_admission_carried_forward	core release provenance	core marked-sibling admission evidence carried forward from the audited core source layer
core::sra_v2_2::theoremqa_173::wrong_precondition	core_marked_sibling	L0_CORE_MARKED_SIBLING	theoremqa	sra_v2_2::theoremqa_173::wrong_precondition	1	core_static_cue_clean_rebuilt	core_admission_carried_forward	none	no	core_admission_carried_forward	core release provenance	core marked-sibling admission evidence carried forward from the audited core source layer
core::sra_v2_2::theoremqa_174::wrong_precondition	core_marked_sibling	L0_CORE_MARKED_SIBLING	theoremqa	sra_v2_2::theoremqa_174::wrong_precondition	1	core_static_cue_clean_rebuilt	core_admission_carried_forward	none	no	core_admission_carried_forward	core release provenance	core marked-sibling admission evidence carried forward from the audited core source layer
core::sra_v2_2::theoremqa_175::wrong_resource_pointer	core_marked_sibling	L0_CORE_MARKED_SIBLING	theoremqa	sra_v2_2::theoremqa_175::wrong_resource_pointer	1	core_static_cue_clean_rebuilt	core_admission_carried_forward	none	no	core_admission_carried_forward	core release provenance	core marked-sibling admission evidence carried forward from the audited core source layer
core::sra_v2_2::theoremqa_176::wrong_resource_pointer	core_marked_sibling	L0_CORE_MARKED_SIBLING	theoremqa	sra_v2_2::theoremqa_176::wrong_resource_pointer	1	core_static_cue_clean_rebuilt	core_admission_carried_forward	none	no	core_admission_carried_forward	core release provenance	core marked-sibling admission evidence carried forward from the audited core source layer
core::sra_v2_2::theoremqa_177::wrong_resource_pointer	core_marked_sibling	L0_CORE_MARKED_SIBLING	theoremqa	sra_v2_2::theoremqa_177::wrong_resource_pointer	1	core_static_cue_clean_rebuilt	core_admission_carried_forward	none	no	core_admission_carried_forward	core release provenance	core marked-sibling admission evidence carried forward from the audited core source layer
core::sra_v2_2::theoremqa_178::wrong_resource_pointer	core_marked_sibling	L0_CORE_MARKED_SIBLING	theoremqa	sra_v2_2::theoremqa_178::wrong_resource_pointer	1	core_static_cue_clean_rebuilt	core_admission_carried_forward	none	no	core_admission_carried_forward	core release provenance	core marked-sibling admission evidence carried forward from the audited core source layer
core::sra_v2_2::theoremqa_179::wrong_precondition	core_marked_sibling	L0_CORE_MARKED_SIBLING	theoremqa	sra_v2_2::theoremqa_179::wrong_precondition	1	core_static_cue_clean_rebuilt	core_admission_carried_forward	none	no	core_admission_carried_forward	core release provenance	core marked-sibling admission evidence carried forward from the audited core source layer
core::sra_v2_2::theoremqa_180::wrong_resource_pointer	core_marked_sibling	L0_CORE_MARKED_SIBLING	theoremqa	sra_v2_2::theoremqa_180::wrong_resource_pointer	1	core_static_cue_clean_rebuilt	core_admission_carried_forward	none	no	core_admission_carried_forward	core release provenance	core marked-sibling admission evidence carried forward from the audited core source layer
core::sra_v2_2::theoremqa_181::wrong_precondition	core_marked_sibling	L0_CORE_MARKED_SIBLING	theoremqa	sra_v2_2::theoremqa_181::wrong_precondition	1	core_static_cue_clean_rebuilt	core_admission_carried_forward	none	no	core_admission_carried_forward	core release provenance	core marked-sibling admission evidence carried forward from the audited core source layer
core::sra_v2_2::theoremqa_182::wrong_resource_pointer	core_marked_sibling	L0_CORE_MARKED_SIBLING	theoremqa	sra_v2_2::theoremqa_182::wrong_resource_pointer	1	core_static_cue_clean_rebuilt	core_admission_carried_forward	none	no	core_admission_carried_forward	core release provenance	core marked-sibling admission evidence carried forward from the audited core source layer
core::sra_v2_2::theoremqa_183::wrong_precondition	core_marked_sibling	L0_CORE_MARKED_SIBLING	theoremqa	sra_v2_2::theoremqa_183::wrong_precondition	1	core_static_cue_clean_rebuilt	core_admission_carried_forward	none	no	core_admission_carried_forward	core release provenance	core marked-sibling admission evidence carried forward from the audited core source layer
core::sra_v2_2::theoremqa_184::wrong_resource_pointer	core_marked_sibling	L0_CORE_MARKED_SIBLING	theoremqa	sra_v2_2::theoremqa_184::wrong_resource_pointer	1	core_static_cue_clean_rebuilt	core_admission_carried_forward	none	no	core_admission_carried_forward	core release provenance	core marked-sibling admission evidence carried forward from the audited core source layer
core::sra_v2_2::theoremqa_185::wrong_resource_pointer	core_marked_sibling	L0_CORE_MARKED_SIBLING	theoremqa	sra_v2_2::theoremqa_185::wrong_resource_pointer	1	core_static_cue_clean_rebuilt	core_admission_carried_forward	none	no	core_admission_carried_forward	core release provenance	core marked-sibling admission evidence carried forward from the audited core source layer
core::sra_v2_2::theoremqa_186::wrong_precondition	core_marked_sibling	L0_CORE_MARKED_SIBLING	theoremqa	sra_v2_2::theoremqa_186::wrong_precondition	1	core_static_cue_clean_rebuilt	core_admission_carried_forward	none	no	core_admission_carried_forward	core release provenance	core marked-sibling admission evidence carried forward from the audited core source layer
core::sra_v2_2::theoremqa_187::wrong_precondition	core_marked_sibling	L0_CORE_MARKED_SIBLING	theoremqa	sra_v2_2::theoremqa_187::wrong_precondition	1	core_static_cue_clean_rebuilt	core_admission_carried_forward	none	no	core_admission_carried_forward	core release provenance	core marked-sibling admission evidence carried forward from the audited core source layer
core::sra_v2_2::theoremqa_188::poisoned_procedure_clause	core_marked_sibling	L0_CORE_MARKED_SIBLING	theoremqa	sra_v2_2::theoremqa_188::poisoned_procedure_clause	1	core_static_cue_clean_rebuilt	core_admission_carried_forward	none	no	core_admission_carried_forward	core release provenance	core marked-sibling admission evidence carried forward from the audited core source layer
core::sra_v2_2::theoremqa_189::wrong_resource_pointer	core_marked_sibling	L0_CORE_MARKED_SIBLING	theoremqa	sra_v2_2::theoremqa_189::wrong_resource_pointer	1	core_static_cue_clean_rebuilt	core_admission_carried_forward	none	no	core_admission_carried_forward	core release provenance	core marked-sibling admission evidence carried forward from the audited core source layer
core::sra_v2_2::theoremqa_190::wrong_precondition	core_marked_sibling	L0_CORE_MARKED_SIBLING	theoremqa	sra_v2_2::theoremqa_190::wrong_precondition	1	core_static_cue_clean_rebuilt	core_admission_carried_forward	none	no	core_admission_carried_forward	core release provenance	core marked-sibling admission evidence carried forward from the audited core source layer
core::sra_v2_2::theoremqa_191::wrong_resource_pointer	core_marked_sibling	L0_CORE_MARKED_SIBLING	theoremqa	sra_v2_2::theoremqa_191::wrong_resource_pointer	1	core_static_cue_clean_rebuilt	core_admission_carried_forward	none	no	core_admission_carried_forward	core release provenance	core marked-sibling admission evidence carried forward from the audited core source layer
core::sra_v2_2::theoremqa_192::wrong_resource_pointer	core_marked_sibling	L0_CORE_MARKED_SIBLING	theoremqa	sra_v2_2::theoremqa_192::wrong_resource_pointer	1	core_static_cue_clean_rebuilt	core_admission_carried_forward	none	no	core_admission_carried_forward	core release provenance	core marked-sibling admission evidence carried forward from the audited core source layer
core::sra_v2_2::theoremqa_193::wrong_precondition	core_marked_sibling	L0_CORE_MARKED_SIBLING	theoremqa	sra_v2_2::theoremqa_193::wrong_precondition	1	core_static_cue_clean_rebuilt	core_admission_carried_forward	none	no	core_admission_carried_forward	core release provenance	core marked-sibling admission evidence carried forward from the audited core source layer
core::sra_v2_2::theoremqa_194::wrong_resource_pointer	core_marked_sibling	L0_CORE_MARKED_SIBLING	theoremqa	sra_v2_2::theoremqa_194::wrong_resource_pointer	1	core_static_cue_clean_rebuilt	core_admission_carried_forward	none	no	core_admission_carried_forward	core release provenance	core marked-sibling admission evidence carried forward from the audited core source layer
core::sra_v2_2::theoremqa_195::wrong_resource_pointer	core_marked_sibling	L0_CORE_MARKED_SIBLING	theoremqa	sra_v2_2::theoremqa_195::wrong_resource_pointer	1	core_static_cue_clean_rebuilt	core_admission_carried_forward	none	no	core_admission_carried_forward	core release provenance	core marked-sibling admission evidence carried forward from the audited core source layer
core::sra_v2_2::theoremqa_196::wrong_resource_pointer	core_marked_sibling	L0_CORE_MARKED_SIBLING	theoremqa	sra_v2_2::theoremqa_196::wrong_resource_pointer	1	core_static_cue_clean_rebuilt	core_admission_carried_forward	none	no	core_admission_carried_forward	core release provenance	core marked-sibling admission evidence carried forward from the audited core source layer
core::sra_v2_2::theoremqa_197::wrong_resource_pointer	core_marked_sibling	L0_CORE_MARKED_SIBLING	theoremqa	sra_v2_2::theoremqa_197::wrong_resource_pointer	1	core_static_cue_clean_rebuilt	core_admission_carried_forward	none	no	core_admission_carried_forward	core release provenance	core marked-sibling admission evidence carried forward from the audited core source layer
core::sra_v2_2::theoremqa_198::wrong_resource_pointer	core_marked_sibling	L0_CORE_MARKED_SIBLING	theoremqa	sra_v2_2::theoremqa_198::wrong_resource_pointer	1	core_static_cue_clean_rebuilt	core_admission_carried_forward	none	no	core_admission_carried_forward	core release provenance	core marked-sibling admission evidence carried forward from the audited core source layer
core::sra_v2_2::theoremqa_199::poisoned_procedure_clause	core_marked_sibling	L0_CORE_MARKED_SIBLING	theoremqa	sra_v2_2::theoremqa_199::poisoned_procedure_clause	1	core_static_cue_clean_rebuilt	core_admission_carried_forward	none	no	core_admission_carried_forward	core release provenance	core marked-sibling admission evidence carried forward from the audited core source layer
core::sra_v2_2::theoremqa_200::wrong_precondition	core_marked_sibling	L0_CORE_MARKED_SIBLING	theoremqa	sra_v2_2::theoremqa_200::wrong_precondition	1	core_static_cue_clean_rebuilt	core_admission_carried_forward	none	no	core_admission_carried_forward	core release provenance	core marked-sibling admission evidence carried forward from the audited core source layer
core::sra_v2_2::theoremqa_201::wrong_resource_pointer	core_marked_sibling	L0_CORE_MARKED_SIBLING	theoremqa	sra_v2_2::theoremqa_201::wrong_resource_pointer	1	core_static_cue_clean_rebuilt	core_admission_carried_forward	none	no	core_admission_carried_forward	core release provenance	core marked-sibling admission evidence carried forward from the audited core source layer
core::sra_v2_2::theoremqa_202::wrong_precondition	core_marked_sibling	L0_CORE_MARKED_SIBLING	theoremqa	sra_v2_2::theoremqa_202::wrong_precondition	1	core_static_cue_clean_rebuilt	core_admission_carried_forward	none	no	core_admission_carried_forward	core release provenance	core marked-sibling admission evidence carried forward from the audited core source layer
core::sra_v2_2::theoremqa_203::wrong_resource_pointer	core_marked_sibling	L0_CORE_MARKED_SIBLING	theoremqa	sra_v2_2::theoremqa_203::wrong_resource_pointer	1	core_static_cue_clean_rebuilt	core_admission_carried_forward	none	no	core_admission_carried_forward	core release provenance	core marked-sibling admission evidence carried forward from the audited core source layer
core::sra_v2_2::theoremqa_204::wrong_resource_pointer	core_marked_sibling	L0_CORE_MARKED_SIBLING	theoremqa	sra_v2_2::theoremqa_204::wrong_resource_pointer	1	core_static_cue_clean_rebuilt	core_admission_carried_forward	none	no	core_admission_carried_forward	core release provenance	core marked-sibling admission evidence carried forward from the audited core source layer
core::sra_v2_2::theoremqa_205::wrong_resource_pointer	core_marked_sibling	L0_CORE_MARKED_SIBLING	theoremqa	sra_v2_2::theoremqa_205::wrong_resource_pointer	1	core_static_cue_clean_rebuilt	core_admission_carried_forward	none	no	core_admission_carried_forward	core release provenance	core marked-sibling admission evidence carried forward from the audited core source layer
core::sra_v2_2::theoremqa_206::wrong_resource_pointer	core_marked_sibling	L0_CORE_MARKED_SIBLING	theoremqa	sra_v2_2::theoremqa_206::wrong_resource_pointer	1	core_static_cue_clean_rebuilt	core_admission_carried_forward	none	no	core_admission_carried_forward	core release provenance	core marked-sibling admission evidence carried forward from the audited core source layer
core::sra_v2_2::theoremqa_207::wrong_precondition	core_marked_sibling	L0_CORE_MARKED_SIBLING	theoremqa	sra_v2_2::theoremqa_207::wrong_precondition	1	core_static_cue_clean_rebuilt	core_admission_carried_forward	none	no	core_admission_carried_forward	core release provenance	core marked-sibling admission evidence carried forward from the audited core source layer
core::sra_v2_2::theoremqa_208::wrong_resource_pointer	core_marked_sibling	L0_CORE_MARKED_SIBLING	theoremqa	sra_v2_2::theoremqa_208::wrong_resource_pointer	1	core_static_cue_clean_rebuilt	core_admission_carried_forward	none	no	core_admission_carried_forward	core release provenance	core marked-sibling admission evidence carried forward from the audited core source layer
core::sra_v2_2::theoremqa_209::wrong_resource_pointer	core_marked_sibling	L0_CORE_MARKED_SIBLING	theoremqa	sra_v2_2::theoremqa_209::wrong_resource_pointer	1	core_static_cue_clean_rebuilt	core_admission_carried_forward	none	no	core_admission_carried_forward	core release provenance	core marked-sibling admission evidence carried forward from the audited core source layer
core::sra_v2_2::theoremqa_210::wrong_resource_pointer	core_marked_sibling	L0_CORE_MARKED_SIBLING	theoremqa	sra_v2_2::theoremqa_210::wrong_resource_pointer	1	core_static_cue_clean_rebuilt	core_admission_carried_forward	none	no	core_admission_carried_forward	core release provenance	core marked-sibling admission evidence carried forward from the audited core source layer
core::sra_v2_2::theoremqa_211::wrong_resource_pointer	core_marked_sibling	L0_CORE_MARKED_SIBLING	theoremqa	sra_v2_2::theoremqa_211::wrong_resource_pointer	1	core_static_cue_clean_rebuilt	core_admission_carried_forward	none	no	core_admission_carried_forward	core release provenance	core marked-sibling admission evidence carried forward from the audited core source layer
core::sra_v2_2::theoremqa_212::wrong_precondition	core_marked_sibling	L0_CORE_MARKED_SIBLING	theoremqa	sra_v2_2::theoremqa_212::wrong_precondition	1	core_static_cue_clean_rebuilt	core_admission_carried_forward	none	no	core_admission_carried_forward	core release provenance	core marked-sibling admission evidence carried forward from the audited core source layer
core::sra_v2_2::theoremqa_213::wrong_resource_pointer	core_marked_sibling	L0_CORE_MARKED_SIBLING	theoremqa	sra_v2_2::theoremqa_213::wrong_resource_pointer	1	core_static_cue_clean_rebuilt	core_admission_carried_forward	none	no	core_admission_carried_forward	core release provenance	core marked-sibling admission evidence carried forward from the audited core source layer
core::sra_v2_2::theoremqa_214::wrong_resource_pointer	core_marked_sibling	L0_CORE_MARKED_SIBLING	theoremqa	sra_v2_2::theoremqa_214::wrong_resource_pointer	1	core_static_cue_clean_rebuilt	core_admission_carried_forward	none	no	core_admission_carried_forward	core release provenance	core marked-sibling admission evidence carried forward from the audited core source layer
core::sra_v2_2::theoremqa_215::wrong_resource_pointer	core_marked_sibling	L0_CORE_MARKED_SIBLING	theoremqa	sra_v2_2::theoremqa_215::wrong_resource_pointer	1	core_static_cue_clean_rebuilt	core_admission_carried_forward	none	no	core_admission_carried_forward	core release provenance	core marked-sibling admission evidence carried forward from the audited core source layer
core::sra_v2_2::theoremqa_216::wrong_resource_pointer	core_marked_sibling	L0_CORE_MARKED_SIBLING	theoremqa	sra_v2_2::theoremqa_216::wrong_resource_pointer	1	core_static_cue_clean_rebuilt	core_admission_carried_forward	none	no	core_admission_carried_forward	core release provenance	core marked-sibling admission evidence carried forward from the audited core source layer
core::sra_v2_2::theoremqa_217::wrong_precondition	core_marked_sibling	L0_CORE_MARKED_SIBLING	theoremqa	sra_v2_2::theoremqa_217::wrong_precondition	1	core_static_cue_clean_rebuilt	core_admission_carried_forward	none	no	core_admission_carried_forward	core release provenance	core marked-sibling admission evidence carried forward from the audited core source layer
core::sra_v2_2::theoremqa_218::wrong_resource_pointer	core_marked_sibling	L0_CORE_MARKED_SIBLING	theoremqa	sra_v2_2::theoremqa_218::wrong_resource_pointer	1	core_static_cue_clean_rebuilt	core_admission_carried_forward	none	no	core_admission_carried_forward	core release provenance	core marked-sibling admission evidence carried forward from the audited core source layer
core::sra_v2_2::theoremqa_219::wrong_resource_pointer	core_marked_sibling	L0_CORE_MARKED_SIBLING	theoremqa	sra_v2_2::theoremqa_219::wrong_resource_pointer	1	core_static_cue_clean_rebuilt	core_admission_carried_forward	none	no	core_admission_carried_forward	core release provenance	core marked-sibling admission evidence carried forward from the audited core source layer
core::sra_v2_2::theoremqa_220::wrong_resource_pointer	core_marked_sibling	L0_CORE_MARKED_SIBLING	theoremqa	sra_v2_2::theoremqa_220::wrong_resource_pointer	1	core_static_cue_clean_rebuilt	core_admission_carried_forward	none	no	core_admission_carried_forward	core release provenance	core marked-sibling admission evidence carried forward from the audited core source layer
core::sra_v2_2::theoremqa_221::wrong_precondition	core_marked_sibling	L0_CORE_MARKED_SIBLING	theoremqa	sra_v2_2::theoremqa_221::wrong_precondition	1	core_static_cue_clean_rebuilt	core_admission_carried_forward	none	no	core_admission_carried_forward	core release provenance	core marked-sibling admission evidence carried forward from the audited core source layer
core::sra_v2_2::theoremqa_222::wrong_resource_pointer	core_marked_sibling	L0_CORE_MARKED_SIBLING	theoremqa	sra_v2_2::theoremqa_222::wrong_resource_pointer	1	core_static_cue_clean_rebuilt	core_admission_carried_forward	none	no	core_admission_carried_forward	core release provenance	core marked-sibling admission evidence carried forward from the audited core source layer
core::sra_v2_2::theoremqa_223::wrong_precondition	core_marked_sibling	L0_CORE_MARKED_SIBLING	theoremqa	sra_v2_2::theoremqa_223::wrong_precondition	1	core_static_cue_clean_rebuilt	core_admission_carried_forward	none	no	core_admission_carried_forward	core release provenance	core marked-sibling admission evidence carried forward from the audited core source layer
core::sra_v2_2::theoremqa_224::poisoned_procedure_clause	core_marked_sibling	L0_CORE_MARKED_SIBLING	theoremqa	sra_v2_2::theoremqa_224::poisoned_procedure_clause	1	core_static_cue_clean_rebuilt	core_admission_carried_forward	none	no	core_admission_carried_forward	core release provenance	core marked-sibling admission evidence carried forward from the audited core source layer
core::sra_v2_2::theoremqa_225::wrong_precondition	core_marked_sibling	L0_CORE_MARKED_SIBLING	theoremqa	sra_v2_2::theoremqa_225::wrong_precondition	1	core_static_cue_clean_rebuilt	core_admission_carried_forward	none	no	core_admission_carried_forward	core release provenance	core marked-sibling admission evidence carried forward from the audited core source layer
core::sra_v2_2::theoremqa_226::wrong_precondition	core_marked_sibling	L0_CORE_MARKED_SIBLING	theoremqa	sra_v2_2::theoremqa_226::wrong_precondition	1	core_static_cue_clean_rebuilt	core_admission_carried_forward	none	no	core_admission_carried_forward	core release provenance	core marked-sibling admission evidence carried forward from the audited core source layer
core::sra_v2_2::theoremqa_227::wrong_resource_pointer	core_marked_sibling	L0_CORE_MARKED_SIBLING	theoremqa	sra_v2_2::theoremqa_227::wrong_resource_pointer	1	core_static_cue_clean_rebuilt	core_admission_carried_forward	none	no	core_admission_carried_forward	core release provenance	core marked-sibling admission evidence carried forward from the audited core source layer
core::sra_v2_2::theoremqa_228::wrong_resource_pointer	core_marked_sibling	L0_CORE_MARKED_SIBLING	theoremqa	sra_v2_2::theoremqa_228::wrong_resource_pointer	1	core_static_cue_clean_rebuilt	core_admission_carried_forward	none	no	core_admission_carried_forward	core release provenance	core marked-sibling admission evidence carried forward from the audited core source layer
core::sra_v2_2::theoremqa_229::wrong_precondition	core_marked_sibling	L0_CORE_MARKED_SIBLING	theoremqa	sra_v2_2::theoremqa_229::wrong_precondition	1	core_static_cue_clean_rebuilt	core_admission_carried_forward	none	no	core_admission_carried_forward	core release provenance	core marked-sibling admission evidence carried forward from the audited core source layer
core::sra_v2_2::theoremqa_230::wrong_resource_pointer	core_marked_sibling	L0_CORE_MARKED_SIBLING	theoremqa	sra_v2_2::theoremqa_230::wrong_resource_pointer	1	core_static_cue_clean_rebuilt	core_admission_carried_forward	none	no	core_admission_carried_forward	core release provenance	core marked-sibling admission evidence carried forward from the audited core source layer
core::sra_v2_2::theoremqa_231::poisoned_procedure_clause	core_marked_sibling	L0_CORE_MARKED_SIBLING	theoremqa	sra_v2_2::theoremqa_231::poisoned_procedure_clause	1	core_static_cue_clean_rebuilt	core_admission_carried_forward	none	no	core_admission_carried_forward	core release provenance	core marked-sibling admission evidence carried forward from the audited core source layer
core::sra_v2_2::theoremqa_232::wrong_precondition	core_marked_sibling	L0_CORE_MARKED_SIBLING	theoremqa	sra_v2_2::theoremqa_232::wrong_precondition	1	core_static_cue_clean_rebuilt	core_admission_carried_forward	none	no	core_admission_carried_forward	core release provenance	core marked-sibling admission evidence carried forward from the audited core source layer
core::sra_v2_2::theoremqa_233::wrong_precondition	core_marked_sibling	L0_CORE_MARKED_SIBLING	theoremqa	sra_v2_2::theoremqa_233::wrong_precondition	1	core_static_cue_clean_rebuilt	core_admission_carried_forward	none	no	core_admission_carried_forward	core release provenance	core marked-sibling admission evidence carried forward from the audited core source layer
core::sra_v2_2::theoremqa_234::misleading_example	core_marked_sibling	L0_CORE_MARKED_SIBLING	theoremqa	sra_v2_2::theoremqa_234::misleading_example	1	core_static_cue_clean_rebuilt	core_admission_carried_forward	none	no	core_admission_carried_forward	core release provenance	core marked-sibling admission evidence carried forward from the audited core source layer
core::sra_v2_2::theoremqa_235::wrong_precondition	core_marked_sibling	L0_CORE_MARKED_SIBLING	theoremqa	sra_v2_2::theoremqa_235::wrong_precondition	1	core_static_cue_clean_rebuilt	core_admission_carried_forward	none	no	core_admission_carried_forward	core release provenance	core marked-sibling admission evidence carried forward from the audited core source layer
core::sra_v2_2::theoremqa_236::wrong_resource_pointer	core_marked_sibling	L0_CORE_MARKED_SIBLING	theoremqa	sra_v2_2::theoremqa_236::wrong_resource_pointer	1	core_static_cue_clean_rebuilt	core_admission_carried_forward	none	no	core_admission_carried_forward	core release provenance	core marked-sibling admission evidence carried forward from the audited core source layer
core::sra_v2_2::theoremqa_237::wrong_resource_pointer	core_marked_sibling	L0_CORE_MARKED_SIBLING	theoremqa	sra_v2_2::theoremqa_237::wrong_resource_pointer	1	core_static_cue_clean_rebuilt	core_admission_carried_forward	none	no	core_admission_carried_forward	core release provenance	core marked-sibling admission evidence carried forward from the audited core source layer
core::sra_v2_2::theoremqa_238::wrong_resource_pointer	core_marked_sibling	L0_CORE_MARKED_SIBLING	theoremqa	sra_v2_2::theoremqa_238::wrong_resource_pointer	1	core_static_cue_clean_rebuilt	core_admission_carried_forward	none	no	core_admission_carried_forward	core release provenance	core marked-sibling admission evidence carried forward from the audited core source layer
core::sra_v2_2::theoremqa_239::wrong_resource_pointer	core_marked_sibling	L0_CORE_MARKED_SIBLING	theoremqa	sra_v2_2::theoremqa_239::wrong_resource_pointer	1	core_static_cue_clean_rebuilt	core_admission_carried_forward	none	no	core_admission_carried_forward	core release provenance	core marked-sibling admission evidence carried forward from the audited core source layer
core::sra_v2_2::theoremqa_240::wrong_resource_pointer	core_marked_sibling	L0_CORE_MARKED_SIBLING	theoremqa	sra_v2_2::theoremqa_240::wrong_resource_pointer	1	core_static_cue_clean_rebuilt	core_admission_carried_forward	none	no	core_admission_carried_forward	core release provenance	core marked-sibling admission evidence carried forward from the audited core source layer
core::sra_v2_2::theoremqa_241::wrong_resource_pointer	core_marked_sibling	L0_CORE_MARKED_SIBLING	theoremqa	sra_v2_2::theoremqa_241::wrong_resource_pointer	1	core_static_cue_clean_rebuilt	core_admission_carried_forward	none	no	core_admission_carried_forward	core release provenance	core marked-sibling admission evidence carried forward from the audited core source layer
core::sra_v2_2::theoremqa_242::wrong_resource_pointer	core_marked_sibling	L0_CORE_MARKED_SIBLING	theoremqa	sra_v2_2::theoremqa_242::wrong_resource_pointer	1	core_static_cue_clean_rebuilt	core_admission_carried_forward	none	no	core_admission_carried_forward	core release provenance	core marked-sibling admission evidence carried forward from the audited core source layer
core::sra_v2_2::theoremqa_243::wrong_resource_pointer	core_marked_sibling	L0_CORE_MARKED_SIBLING	theoremqa	sra_v2_2::theoremqa_243::wrong_resource_pointer	1	core_static_cue_clean_rebuilt	core_admission_carried_forward	none	no	core_admission_carried_forward	core release provenance	core marked-sibling admission evidence carried forward from the audited core source layer
core::sra_v2_2::theoremqa_244::wrong_precondition	core_marked_sibling	L0_CORE_MARKED_SIBLING	theoremqa	sra_v2_2::theoremqa_244::wrong_precondition	1	core_static_cue_clean_rebuilt	core_admission_carried_forward	none	no	core_admission_carried_forward	core release provenance	core marked-sibling admission evidence carried forward from the audited core source layer
core::sra_v2_2::theoremqa_245::wrong_resource_pointer	core_marked_sibling	L0_CORE_MARKED_SIBLING	theoremqa	sra_v2_2::theoremqa_245::wrong_resource_pointer	1	core_static_cue_clean_rebuilt	core_admission_carried_forward	none	no	core_admission_carried_forward	core release provenance	core marked-sibling admission evidence carried forward from the audited core source layer
core::sra_v2_2::theoremqa_246::wrong_resource_pointer	core_marked_sibling	L0_CORE_MARKED_SIBLING	theoremqa	sra_v2_2::theoremqa_246::wrong_resource_pointer	1	core_static_cue_clean_rebuilt	core_admission_carried_forward	none	no	core_admission_carried_forward	core release provenance	core marked-sibling admission evidence carried forward from the audited core source layer
core::sra_v2_2::theoremqa_247::wrong_precondition	core_marked_sibling	L0_CORE_MARKED_SIBLING	theoremqa	sra_v2_2::theoremqa_247::wrong_precondition	1	core_static_cue_clean_rebuilt	core_admission_carried_forward	none	no	core_admission_carried_forward	core release provenance	core marked-sibling admission evidence carried forward from the audited core source layer
core::sra_v2_2::theoremqa_248::wrong_resource_pointer	core_marked_sibling	L0_CORE_MARKED_SIBLING	theoremqa	sra_v2_2::theoremqa_248::wrong_resource_pointer	1	core_static_cue_clean_rebuilt	core_admission_carried_forward	none	no	core_admission_carried_forward	core release provenance	core marked-sibling admission evidence carried forward from the audited core source layer
core::sra_v2_2::theoremqa_249::wrong_precondition	core_marked_sibling	L0_CORE_MARKED_SIBLING	theoremqa	sra_v2_2::theoremqa_249::wrong_precondition	1	core_static_cue_clean_rebuilt	core_admission_carried_forward	none	no	core_admission_carried_forward	core release provenance	core marked-sibling admission evidence carried forward from the audited core source layer
core::sra_v2_2::theoremqa_250::wrong_precondition	core_marked_sibling	L0_CORE_MARKED_SIBLING	theoremqa	sra_v2_2::theoremqa_250::wrong_precondition	1	core_static_cue_clean_rebuilt	core_admission_carried_forward	none	no	core_admission_carried_forward	core release provenance	core marked-sibling admission evidence carried forward from the audited core source layer
core::sra_v2_2::theoremqa_251::wrong_precondition	core_marked_sibling	L0_CORE_MARKED_SIBLING	theoremqa	sra_v2_2::theoremqa_251::wrong_precondition	1	core_static_cue_clean_rebuilt	core_admission_carried_forward	none	no	core_admission_carried_forward	core release provenance	core marked-sibling admission evidence carried forward from the audited core source layer
core::sra_v2_2::theoremqa_252::poisoned_procedure_clause	core_marked_sibling	L0_CORE_MARKED_SIBLING	theoremqa	sra_v2_2::theoremqa_252::poisoned_procedure_clause	1	core_static_cue_clean_rebuilt	core_admission_carried_forward	none	no	core_admission_carried_forward	core release provenance	core marked-sibling admission evidence carried forward from the audited core source layer
core::sra_v2_2::theoremqa_253::wrong_precondition	core_marked_sibling	L0_CORE_MARKED_SIBLING	theoremqa	sra_v2_2::theoremqa_253::wrong_precondition	1	core_static_cue_clean_rebuilt	core_admission_carried_forward	none	no	core_admission_carried_forward	core release provenance	core marked-sibling admission evidence carried forward from the audited core source layer
core::sra_v2_2::theoremqa_254::wrong_resource_pointer	core_marked_sibling	L0_CORE_MARKED_SIBLING	theoremqa	sra_v2_2::theoremqa_254::wrong_resource_pointer	1	core_static_cue_clean_rebuilt	core_admission_carried_forward	none	no	core_admission_carried_forward	core release provenance	core marked-sibling admission evidence carried forward from the audited core source layer
core::sra_v2_2::theoremqa_255::wrong_precondition	core_marked_sibling	L0_CORE_MARKED_SIBLING	theoremqa	sra_v2_2::theoremqa_255::wrong_precondition	1	core_static_cue_clean_rebuilt	core_admission_carried_forward	none	no	core_admission_carried_forward	core release provenance	core marked-sibling admission evidence carried forward from the audited core source layer
core::sra_v2_2::theoremqa_256::wrong_precondition	core_marked_sibling	L0_CORE_MARKED_SIBLING	theoremqa	sra_v2_2::theoremqa_256::wrong_precondition	1	core_static_cue_clean_rebuilt	core_admission_carried_forward	none	no	core_admission_carried_forward	core release provenance	core marked-sibling admission evidence carried forward from the audited core source layer
core::sra_v2_2::theoremqa_257::wrong_resource_pointer	core_marked_sibling	L0_CORE_MARKED_SIBLING	theoremqa	sra_v2_2::theoremqa_257::wrong_resource_pointer	1	core_static_cue_clean_rebuilt	core_admission_carried_forward	none	no	core_admission_carried_forward	core release provenance	core marked-sibling admission evidence carried forward from the audited core source layer
core::sra_v2_2::theoremqa_258::poisoned_procedure_clause	core_marked_sibling	L0_CORE_MARKED_SIBLING	theoremqa	sra_v2_2::theoremqa_258::poisoned_procedure_clause	1	core_static_cue_clean_rebuilt	core_admission_carried_forward	none	no	core_admission_carried_forward	core release provenance	core marked-sibling admission evidence carried forward from the audited core source layer
core::sra_v2_2::theoremqa_259::wrong_precondition	core_marked_sibling	L0_CORE_MARKED_SIBLING	theoremqa	sra_v2_2::theoremqa_259::wrong_precondition	1	core_static_cue_clean_rebuilt	core_admission_carried_forward	none	no	core_admission_carried_forward	core release provenance	core marked-sibling admission evidence carried forward from the audited core source layer
core::sra_v2_2::theoremqa_260::wrong_precondition	core_marked_sibling	L0_CORE_MARKED_SIBLING	theoremqa	sra_v2_2::theoremqa_260::wrong_precondition	1	core_static_cue_clean_rebuilt	core_admission_carried_forward	none	no	core_admission_carried_forward	core release provenance	core marked-sibling admission evidence carried forward from the audited core source layer
core::sra_v2_2::theoremqa_261::wrong_precondition	core_marked_sibling	L0_CORE_MARKED_SIBLING	theoremqa	sra_v2_2::theoremqa_261::wrong_precondition	1	core_static_cue_clean_rebuilt	core_admission_carried_forward	none	no	core_admission_carried_forward	core release provenance	core marked-sibling admission evidence carried forward from the audited core source layer
core::sra_v2_2::theoremqa_262::wrong_precondition	core_marked_sibling	L0_CORE_MARKED_SIBLING	theoremqa	sra_v2_2::theoremqa_262::wrong_precondition	1	core_static_cue_clean_rebuilt	core_admission_carried_forward	none	no	core_admission_carried_forward	core release provenance	core marked-sibling admission evidence carried forward from the audited core source layer
core::sra_v2_2::theoremqa_263::wrong_resource_pointer	core_marked_sibling	L0_CORE_MARKED_SIBLING	theoremqa	sra_v2_2::theoremqa_263::wrong_resource_pointer	1	core_static_cue_clean_rebuilt	core_admission_carried_forward	none	no	core_admission_carried_forward	core release provenance	core marked-sibling admission evidence carried forward from the audited core source layer
core::sra_v2_2::theoremqa_264::wrong_resource_pointer	core_marked_sibling	L0_CORE_MARKED_SIBLING	theoremqa	sra_v2_2::theoremqa_264::wrong_resource_pointer	1	core_static_cue_clean_rebuilt	core_admission_carried_forward	none	no	core_admission_carried_forward	core release provenance	core marked-sibling admission evidence carried forward from the audited core source layer
core::sra_v2_2::theoremqa_265::wrong_resource_pointer	core_marked_sibling	L0_CORE_MARKED_SIBLING	theoremqa	sra_v2_2::theoremqa_265::wrong_resource_pointer	1	core_static_cue_clean_rebuilt	core_admission_carried_forward	none	no	core_admission_carried_forward	core release provenance	core marked-sibling admission evidence carried forward from the audited core source layer
core::sra_v2_2::theoremqa_266::wrong_precondition	core_marked_sibling	L0_CORE_MARKED_SIBLING	theoremqa	sra_v2_2::theoremqa_266::wrong_precondition	1	core_static_cue_clean_rebuilt	core_admission_carried_forward	none	no	core_admission_carried_forward	core release provenance	core marked-sibling admission evidence carried forward from the audited core source layer
core::sra_v2_2::theoremqa_267::wrong_precondition	core_marked_sibling	L0_CORE_MARKED_SIBLING	theoremqa	sra_v2_2::theoremqa_267::wrong_precondition	1	core_static_cue_clean_rebuilt	core_admission_carried_forward	none	no	core_admission_carried_forward	core release provenance	core marked-sibling admission evidence carried forward from the audited core source layer
core::sra_v2_2::theoremqa_268::wrong_resource_pointer	core_marked_sibling	L0_CORE_MARKED_SIBLING	theoremqa	sra_v2_2::theoremqa_268::wrong_resource_pointer	1	core_static_cue_clean_rebuilt	core_admission_carried_forward	none	no	core_admission_carried_forward	core release provenance	core marked-sibling admission evidence carried forward from the audited core source layer
core::sra_v2_2::theoremqa_270::wrong_precondition	core_marked_sibling	L0_CORE_MARKED_SIBLING	theoremqa	sra_v2_2::theoremqa_270::wrong_precondition	1	core_static_cue_clean_rebuilt	core_admission_carried_forward	none	no	core_admission_carried_forward	core release provenance	core marked-sibling admission evidence carried forward from the audited core source layer
core::sra_v2_2::theoremqa_271::wrong_precondition	core_marked_sibling	L0_CORE_MARKED_SIBLING	theoremqa	sra_v2_2::theoremqa_271::wrong_precondition	1	core_static_cue_clean_rebuilt	core_admission_carried_forward	none	no	core_admission_carried_forward	core release provenance	core marked-sibling admission evidence carried forward from the audited core source layer
core::sra_v2_2::theoremqa_272::wrong_precondition	core_marked_sibling	L0_CORE_MARKED_SIBLING	theoremqa	sra_v2_2::theoremqa_272::wrong_precondition	1	core_static_cue_clean_rebuilt	core_admission_carried_forward	none	no	core_admission_carried_forward	core release provenance	core marked-sibling admission evidence carried forward from the audited core source layer
core::sra_v2_2::theoremqa_273::wrong_precondition	core_marked_sibling	L0_CORE_MARKED_SIBLING	theoremqa	sra_v2_2::theoremqa_273::wrong_precondition	1	core_static_cue_clean_rebuilt	core_admission_carried_forward	none	no	core_admission_carried_forward	core release provenance	core marked-sibling admission evidence carried forward from the audited core source layer
core::sra_v2_2::theoremqa_274::wrong_precondition	core_marked_sibling	L0_CORE_MARKED_SIBLING	theoremqa	sra_v2_2::theoremqa_274::wrong_precondition	1	core_static_cue_clean_rebuilt	core_admission_carried_forward	none	no	core_admission_carried_forward	core release provenance	core marked-sibling admission evidence carried forward from the audited core source layer
core::sra_v2_2::theoremqa_275::wrong_resource_pointer	core_marked_sibling	L0_CORE_MARKED_SIBLING	theoremqa	sra_v2_2::theoremqa_275::wrong_resource_pointer	1	core_static_cue_clean_rebuilt	core_admission_carried_forward	none	no	core_admission_carried_forward	core release provenance	core marked-sibling admission evidence carried forward from the audited core source layer
core::sra_v2_2::theoremqa_276::poisoned_procedure_clause	core_marked_sibling	L0_CORE_MARKED_SIBLING	theoremqa	sra_v2_2::theoremqa_276::poisoned_procedure_clause	1	core_static_cue_clean_rebuilt	core_admission_carried_forward	none	no	core_admission_carried_forward	core release provenance	core marked-sibling admission evidence carried forward from the audited core source layer
core::sra_v2_2::theoremqa_277::wrong_resource_pointer	core_marked_sibling	L0_CORE_MARKED_SIBLING	theoremqa	sra_v2_2::theoremqa_277::wrong_resource_pointer	1	core_static_cue_clean_rebuilt	core_admission_carried_forward	none	no	core_admission_carried_forward	core release provenance	core marked-sibling admission evidence carried forward from the audited core source layer
core::sra_v2_2::theoremqa_278::wrong_resource_pointer	core_marked_sibling	L0_CORE_MARKED_SIBLING	theoremqa	sra_v2_2::theoremqa_278::wrong_resource_pointer	1	core_static_cue_clean_rebuilt	core_admission_carried_forward	none	no	core_admission_carried_forward	core release provenance	core marked-sibling admission evidence carried forward from the audited core source layer
core::sra_v2_2::theoremqa_279::wrong_resource_pointer	core_marked_sibling	L0_CORE_MARKED_SIBLING	theoremqa	sra_v2_2::theoremqa_279::wrong_resource_pointer	1	core_static_cue_clean_rebuilt	core_admission_carried_forward	none	no	core_admission_carried_forward	core release provenance	core marked-sibling admission evidence carried forward from the audited core source layer
core::sra_v2_2::theoremqa_280::wrong_precondition	core_marked_sibling	L0_CORE_MARKED_SIBLING	theoremqa	sra_v2_2::theoremqa_280::wrong_precondition	1	core_static_cue_clean_rebuilt	core_admission_carried_forward	none	no	core_admission_carried_forward	core release provenance	core marked-sibling admission evidence carried forward from the audited core source layer
core::sra_v2_2::theoremqa_281::wrong_resource_pointer	core_marked_sibling	L0_CORE_MARKED_SIBLING	theoremqa	sra_v2_2::theoremqa_281::wrong_resource_pointer	1	core_static_cue_clean_rebuilt	core_admission_carried_forward	none	no	core_admission_carried_forward	core release provenance	core marked-sibling admission evidence carried forward from the audited core source layer
core::sra_v2_2::theoremqa_282::wrong_resource_pointer	core_marked_sibling	L0_CORE_MARKED_SIBLING	theoremqa	sra_v2_2::theoremqa_282::wrong_resource_pointer	1	core_static_cue_clean_rebuilt	core_admission_carried_forward	none	no	core_admission_carried_forward	core release provenance	core marked-sibling admission evidence carried forward from the audited core source layer
core::sra_v2_2::theoremqa_283::wrong_resource_pointer	core_marked_sibling	L0_CORE_MARKED_SIBLING	theoremqa	sra_v2_2::theoremqa_283::wrong_resource_pointer	1	core_static_cue_clean_rebuilt	core_admission_carried_forward	none	no	core_admission_carried_forward	core release provenance	core marked-sibling admission evidence carried forward from the audited core source layer
core::sra_v2_2::theoremqa_284::wrong_resource_pointer	core_marked_sibling	L0_CORE_MARKED_SIBLING	theoremqa	sra_v2_2::theoremqa_284::wrong_resource_pointer	1	core_static_cue_clean_rebuilt	core_admission_carried_forward	none	no	core_admission_carried_forward	core release provenance	core marked-sibling admission evidence carried forward from the audited core source layer
core::sra_v2_2::theoremqa_285::wrong_resource_pointer	core_marked_sibling	L0_CORE_MARKED_SIBLING	theoremqa	sra_v2_2::theoremqa_285::wrong_resource_pointer	1	core_static_cue_clean_rebuilt	core_admission_carried_forward	none	no	core_admission_carried_forward	core release provenance	core marked-sibling admission evidence carried forward from the audited core source layer
core::sra_v2_2::theoremqa_286::wrong_precondition	core_marked_sibling	L0_CORE_MARKED_SIBLING	theoremqa	sra_v2_2::theoremqa_286::wrong_precondition	1	core_static_cue_clean_rebuilt	core_admission_carried_forward	none	no	core_admission_carried_forward	core release provenance	core marked-sibling admission evidence carried forward from the audited core source layer
core::sra_v2_2::theoremqa_287::wrong_resource_pointer	core_marked_sibling	L0_CORE_MARKED_SIBLING	theoremqa	sra_v2_2::theoremqa_287::wrong_resource_pointer	1	core_static_cue_clean_rebuilt	core_admission_carried_forward	none	no	core_admission_carried_forward	core release provenance	core marked-sibling admission evidence carried forward from the audited core source layer
core::sra_v2_2::theoremqa_288::wrong_resource_pointer	core_marked_sibling	L0_CORE_MARKED_SIBLING	theoremqa	sra_v2_2::theoremqa_288::wrong_resource_pointer	1	core_static_cue_clean_rebuilt	core_admission_carried_forward	none	no	core_admission_carried_forward	core release provenance	core marked-sibling admission evidence carried forward from the audited core source layer
core::sra_v2_2::theoremqa_289::wrong_resource_pointer	core_marked_sibling	L0_CORE_MARKED_SIBLING	theoremqa	sra_v2_2::theoremqa_289::wrong_resource_pointer	1	core_static_cue_clean_rebuilt	core_admission_carried_forward	none	no	core_admission_carried_forward	core release provenance	core marked-sibling admission evidence carried forward from the audited core source layer
core::sra_v2_2::theoremqa_290::wrong_precondition	core_marked_sibling	L0_CORE_MARKED_SIBLING	theoremqa	sra_v2_2::theoremqa_290::wrong_precondition	1	core_static_cue_clean_rebuilt	core_admission_carried_forward	none	no	core_admission_carried_forward	core release provenance	core marked-sibling admission evidence carried forward from the audited core source layer
core::sra_v2_2::theoremqa_291::wrong_precondition	core_marked_sibling	L0_CORE_MARKED_SIBLING	theoremqa	sra_v2_2::theoremqa_291::wrong_precondition	1	core_static_cue_clean_rebuilt	core_admission_carried_forward	none	no	core_admission_carried_forward	core release provenance	core marked-sibling admission evidence carried forward from the audited core source layer
core::sra_v2_2::theoremqa_292::wrong_resource_pointer	core_marked_sibling	L0_CORE_MARKED_SIBLING	theoremqa	sra_v2_2::theoremqa_292::wrong_resource_pointer	1	core_static_cue_clean_rebuilt	core_admission_carried_forward	none	no	core_admission_carried_forward	core release provenance	core marked-sibling admission evidence carried forward from the audited core source layer
core::sra_v2_2::theoremqa_293::wrong_resource_pointer	core_marked_sibling	L0_CORE_MARKED_SIBLING	theoremqa	sra_v2_2::theoremqa_293::wrong_resource_pointer	1	core_static_cue_clean_rebuilt	core_admission_carried_forward	none	no	core_admission_carried_forward	core release provenance	core marked-sibling admission evidence carried forward from the audited core source layer
core::sra_v2_2::theoremqa_294::wrong_resource_pointer	core_marked_sibling	L0_CORE_MARKED_SIBLING	theoremqa	sra_v2_2::theoremqa_294::wrong_resource_pointer	1	core_static_cue_clean_rebuilt	core_admission_carried_forward	none	no	core_admission_carried_forward	core release provenance	core marked-sibling admission evidence carried forward from the audited core source layer
core::sra_v2_2::theoremqa_295::wrong_precondition	core_marked_sibling	L0_CORE_MARKED_SIBLING	theoremqa	sra_v2_2::theoremqa_295::wrong_precondition	1	core_static_cue_clean_rebuilt	core_admission_carried_forward	none	no	core_admission_carried_forward	core release provenance	core marked-sibling admission evidence carried forward from the audited core source layer
core::sra_v2_2::theoremqa_296::wrong_resource_pointer	core_marked_sibling	L0_CORE_MARKED_SIBLING	theoremqa	sra_v2_2::theoremqa_296::wrong_resource_pointer	1	core_static_cue_clean_rebuilt	core_admission_carried_forward	none	no	core_admission_carried_forward	core release provenance	core marked-sibling admission evidence carried forward from the audited core source layer
core::sra_v2_2::theoremqa_297::wrong_resource_pointer	core_marked_sibling	L0_CORE_MARKED_SIBLING	theoremqa	sra_v2_2::theoremqa_297::wrong_resource_pointer	1	core_static_cue_clean_rebuilt	core_admission_carried_forward	none	no	core_admission_carried_forward	core release provenance	core marked-sibling admission evidence carried forward from the audited core source layer
core::sra_v2_2::theoremqa_298::wrong_precondition	core_marked_sibling	L0_CORE_MARKED_SIBLING	theoremqa	sra_v2_2::theoremqa_298::wrong_precondition	1	core_static_cue_clean_rebuilt	core_admission_carried_forward	none	no	core_admission_carried_forward	core release provenance	core marked-sibling admission evidence carried forward from the audited core source layer
core::sra_v2_2::theoremqa_299::wrong_precondition	core_marked_sibling	L0_CORE_MARKED_SIBLING	theoremqa	sra_v2_2::theoremqa_299::wrong_precondition	1	core_static_cue_clean_rebuilt	core_admission_carried_forward	none	no	core_admission_carried_forward	core release provenance	core marked-sibling admission evidence carried forward from the audited core source layer
core::sra_v2_2::theoremqa_300::wrong_precondition	core_marked_sibling	L0_CORE_MARKED_SIBLING	theoremqa	sra_v2_2::theoremqa_300::wrong_precondition	1	core_static_cue_clean_rebuilt	core_admission_carried_forward	none	no	core_admission_carried_forward	core release provenance	core marked-sibling admission evidence carried forward from the audited core source layer
core::sra_v2_2::theoremqa_301::wrong_precondition	core_marked_sibling	L0_CORE_MARKED_SIBLING	theoremqa	sra_v2_2::theoremqa_301::wrong_precondition	1	core_static_cue_clean_rebuilt	core_admission_carried_forward	none	no	core_admission_carried_forward	core release provenance	core marked-sibling admission evidence carried forward from the audited core source layer
core::sra_v2_2::theoremqa_302::wrong_precondition	core_marked_sibling	L0_CORE_MARKED_SIBLING	theoremqa	sra_v2_2::theoremqa_302::wrong_precondition	1	core_static_cue_clean_rebuilt	core_admission_carried_forward	none	no	core_admission_carried_forward	core release provenance	core marked-sibling admission evidence carried forward from the audited core source layer
core::sra_v2_2::theoremqa_303::wrong_precondition	core_marked_sibling	L0_CORE_MARKED_SIBLING	theoremqa	sra_v2_2::theoremqa_303::wrong_precondition	1	core_static_cue_clean_rebuilt	core_admission_carried_forward	none	no	core_admission_carried_forward	core release provenance	core marked-sibling admission evidence carried forward from the audited core source layer
core::sra_v2_2::theoremqa_304::poisoned_procedure_clause	core_marked_sibling	L0_CORE_MARKED_SIBLING	theoremqa	sra_v2_2::theoremqa_304::poisoned_procedure_clause	1	core_static_cue_clean_rebuilt	core_admission_carried_forward	none	no	core_admission_carried_forward	core release provenance	core marked-sibling admission evidence carried forward from the audited core source layer
core::sra_v2_2::theoremqa_305::wrong_precondition	core_marked_sibling	L0_CORE_MARKED_SIBLING	theoremqa	sra_v2_2::theoremqa_305::wrong_precondition	1	core_static_cue_clean_rebuilt	core_admission_carried_forward	none	no	core_admission_carried_forward	core release provenance	core marked-sibling admission evidence carried forward from the audited core source layer
core::sra_v2_2::theoremqa_306::wrong_precondition	core_marked_sibling	L0_CORE_MARKED_SIBLING	theoremqa	sra_v2_2::theoremqa_306::wrong_precondition	1	core_static_cue_clean_rebuilt	core_admission_carried_forward	none	no	core_admission_carried_forward	core release provenance	core marked-sibling admission evidence carried forward from the audited core source layer
core::sra_v2_2::theoremqa_307::wrong_resource_pointer	core_marked_sibling	L0_CORE_MARKED_SIBLING	theoremqa	sra_v2_2::theoremqa_307::wrong_resource_pointer	1	core_static_cue_clean_rebuilt	core_admission_carried_forward	none	no	core_admission_carried_forward	core release provenance	core marked-sibling admission evidence carried forward from the audited core source layer
core::sra_v2_2::theoremqa_308::wrong_precondition	core_marked_sibling	L0_CORE_MARKED_SIBLING	theoremqa	sra_v2_2::theoremqa_308::wrong_precondition	1	core_static_cue_clean_rebuilt	core_admission_carried_forward	none	no	core_admission_carried_forward	core release provenance	core marked-sibling admission evidence carried forward from the audited core source layer
core::sra_v2_2::theoremqa_309::wrong_precondition	core_marked_sibling	L0_CORE_MARKED_SIBLING	theoremqa	sra_v2_2::theoremqa_309::wrong_precondition	1	core_static_cue_clean_rebuilt	core_admission_carried_forward	none	no	core_admission_carried_forward	core release provenance	core marked-sibling admission evidence carried forward from the audited core source layer
core::sra_v2_2::theoremqa_310::wrong_precondition	core_marked_sibling	L0_CORE_MARKED_SIBLING	theoremqa	sra_v2_2::theoremqa_310::wrong_precondition	1	core_static_cue_clean_rebuilt	core_admission_carried_forward	none	no	core_admission_carried_forward	core release provenance	core marked-sibling admission evidence carried forward from the audited core source layer
core::sra_v2_2::theoremqa_311::wrong_precondition	core_marked_sibling	L0_CORE_MARKED_SIBLING	theoremqa	sra_v2_2::theoremqa_311::wrong_precondition	1	core_static_cue_clean_rebuilt	core_admission_carried_forward	none	no	core_admission_carried_forward	core release provenance	core marked-sibling admission evidence carried forward from the audited core source layer
core::sra_v2_2::theoremqa_312::wrong_precondition	core_marked_sibling	L0_CORE_MARKED_SIBLING	theoremqa	sra_v2_2::theoremqa_312::wrong_precondition	1	core_static_cue_clean_rebuilt	core_admission_carried_forward	none	no	core_admission_carried_forward	core release provenance	core marked-sibling admission evidence carried forward from the audited core source layer
core::sra_v2_2::theoremqa_313::wrong_precondition	core_marked_sibling	L0_CORE_MARKED_SIBLING	theoremqa	sra_v2_2::theoremqa_313::wrong_precondition	1	core_static_cue_clean_rebuilt	core_admission_carried_forward	none	no	core_admission_carried_forward	core release provenance	core marked-sibling admission evidence carried forward from the audited core source layer
core::sra_v2_2::theoremqa_314::wrong_resource_pointer	core_marked_sibling	L0_CORE_MARKED_SIBLING	theoremqa	sra_v2_2::theoremqa_314::wrong_resource_pointer	1	core_static_cue_clean_rebuilt	core_admission_carried_forward	none	no	core_admission_carried_forward	core release provenance	core marked-sibling admission evidence carried forward from the audited core source layer
core::sra_v2_2::theoremqa_315::wrong_precondition	core_marked_sibling	L0_CORE_MARKED_SIBLING	theoremqa	sra_v2_2::theoremqa_315::wrong_precondition	1	core_static_cue_clean_rebuilt	core_admission_carried_forward	none	no	core_admission_carried_forward	core release provenance	core marked-sibling admission evidence carried forward from the audited core source layer
core::sra_v2_2::theoremqa_316::wrong_resource_pointer	core_marked_sibling	L0_CORE_MARKED_SIBLING	theoremqa	sra_v2_2::theoremqa_316::wrong_resource_pointer	1	core_static_cue_clean_rebuilt	core_admission_carried_forward	none	no	core_admission_carried_forward	core release provenance	core marked-sibling admission evidence carried forward from the audited core source layer
core::sra_v2_2::theoremqa_317::wrong_resource_pointer	core_marked_sibling	L0_CORE_MARKED_SIBLING	theoremqa	sra_v2_2::theoremqa_317::wrong_resource_pointer	1	core_static_cue_clean_rebuilt	core_admission_carried_forward	none	no	core_admission_carried_forward	core release provenance	core marked-sibling admission evidence carried forward from the audited core source layer
core::sra_v2_2::theoremqa_318::poisoned_procedure_clause	core_marked_sibling	L0_CORE_MARKED_SIBLING	theoremqa	sra_v2_2::theoremqa_318::poisoned_procedure_clause	1	core_static_cue_clean_rebuilt	core_admission_carried_forward	none	no	core_admission_carried_forward	core release provenance	core marked-sibling admission evidence carried forward from the audited core source layer
core::sra_v2_2::theoremqa_319::wrong_resource_pointer	core_marked_sibling	L0_CORE_MARKED_SIBLING	theoremqa	sra_v2_2::theoremqa_319::wrong_resource_pointer	1	core_static_cue_clean_rebuilt	core_admission_carried_forward	none	no	core_admission_carried_forward	core release provenance	core marked-sibling admission evidence carried forward from the audited core source layer
core::sra_v2_2::toolqa_000::wrong_resource_pointer	core_marked_sibling	L0_CORE_MARKED_SIBLING	toolqa	sra_v2_2::toolqa_000::wrong_resource_pointer	1	core_static_cue_clean_rebuilt	core_admission_carried_forward	none	no	core_admission_carried_forward	core release provenance	core marked-sibling admission evidence carried forward from the audited core source layer
core::sra_v2_2::toolqa_001::wrong_resource_pointer	core_marked_sibling	L0_CORE_MARKED_SIBLING	toolqa	sra_v2_2::toolqa_001::wrong_resource_pointer	1	core_static_cue_clean_rebuilt	core_admission_carried_forward	none	no	core_admission_carried_forward	core release provenance	core marked-sibling admission evidence carried forward from the audited core source layer
core::sra_v2_2::toolqa_002::wrong_resource_pointer	core_marked_sibling	L0_CORE_MARKED_SIBLING	toolqa	sra_v2_2::toolqa_002::wrong_resource_pointer	1	core_static_cue_clean_rebuilt	core_admission_carried_forward	none	no	core_admission_carried_forward	core release provenance	core marked-sibling admission evidence carried forward from the audited core source layer
core::sra_v2_2::toolqa_003::wrong_resource_pointer	core_marked_sibling	L0_CORE_MARKED_SIBLING	toolqa	sra_v2_2::toolqa_003::wrong_resource_pointer	1	core_static_cue_clean_rebuilt	core_admission_carried_forward	none	no	core_admission_carried_forward	core release provenance	core marked-sibling admission evidence carried forward from the audited core source layer
core::sra_v2_2::toolqa_004::wrong_resource_pointer	core_marked_sibling	L0_CORE_MARKED_SIBLING	toolqa	sra_v2_2::toolqa_004::wrong_resource_pointer	1	core_static_cue_clean_rebuilt	core_admission_carried_forward	none	no	core_admission_carried_forward	core release provenance	core marked-sibling admission evidence carried forward from the audited core source layer
core::sra_v2_2::toolqa_005::wrong_resource_pointer	core_marked_sibling	L0_CORE_MARKED_SIBLING	toolqa	sra_v2_2::toolqa_005::wrong_resource_pointer	1	core_static_cue_clean_rebuilt	core_admission_carried_forward	none	no	core_admission_carried_forward	core release provenance	core marked-sibling admission evidence carried forward from the audited core source layer
core::sra_v2_2::toolqa_006::wrong_resource_pointer	core_marked_sibling	L0_CORE_MARKED_SIBLING	toolqa	sra_v2_2::toolqa_006::wrong_resource_pointer	1	core_static_cue_clean_rebuilt	core_admission_carried_forward	none	no	core_admission_carried_forward	core release provenance	core marked-sibling admission evidence carried forward from the audited core source layer
core::sra_v2_2::toolqa_007::wrong_resource_pointer	core_marked_sibling	L0_CORE_MARKED_SIBLING	toolqa	sra_v2_2::toolqa_007::wrong_resource_pointer	1	core_static_cue_clean_rebuilt	core_admission_carried_forward	none	no	core_admission_carried_forward	core release provenance	core marked-sibling admission evidence carried forward from the audited core source layer
core::sra_v2_2::toolqa_008::wrong_resource_pointer	core_marked_sibling	L0_CORE_MARKED_SIBLING	toolqa	sra_v2_2::toolqa_008::wrong_resource_pointer	1	core_static_cue_clean_rebuilt	core_admission_carried_forward	none	no	core_admission_carried_forward	core release provenance	core marked-sibling admission evidence carried forward from the audited core source layer
core::sra_v2_2::toolqa_009::wrong_resource_pointer	core_marked_sibling	L0_CORE_MARKED_SIBLING	toolqa	sra_v2_2::toolqa_009::wrong_resource_pointer	1	core_static_cue_clean_rebuilt	core_admission_carried_forward	none	no	core_admission_carried_forward	core release provenance	core marked-sibling admission evidence carried forward from the audited core source layer
core::sra_v2_2::toolqa_010::wrong_resource_pointer	core_marked_sibling	L0_CORE_MARKED_SIBLING	toolqa	sra_v2_2::toolqa_010::wrong_resource_pointer	1	core_static_cue_clean_rebuilt	core_admission_carried_forward	none	no	core_admission_carried_forward	core release provenance	core marked-sibling admission evidence carried forward from the audited core source layer
core::sra_v2_2::toolqa_011::wrong_resource_pointer	core_marked_sibling	L0_CORE_MARKED_SIBLING	toolqa	sra_v2_2::toolqa_011::wrong_resource_pointer	1	core_static_cue_clean_rebuilt	core_admission_carried_forward	none	no	core_admission_carried_forward	core release provenance	core marked-sibling admission evidence carried forward from the audited core source layer
core::sra_v2_2::toolqa_012::wrong_resource_pointer	core_marked_sibling	L0_CORE_MARKED_SIBLING	toolqa	sra_v2_2::toolqa_012::wrong_resource_pointer	1	core_static_cue_clean_rebuilt	core_admission_carried_forward	none	no	core_admission_carried_forward	core release provenance	core marked-sibling admission evidence carried forward from the audited core source layer
core::sra_v2_2::toolqa_013::wrong_resource_pointer	core_marked_sibling	L0_CORE_MARKED_SIBLING	toolqa	sra_v2_2::toolqa_013::wrong_resource_pointer	1	core_static_cue_clean_rebuilt	core_admission_carried_forward	none	no	core_admission_carried_forward	core release provenance	core marked-sibling admission evidence carried forward from the audited core source layer
core::skillsbench_v2_2::econ-detrending-correlation::wrong_resource_pointer	core_marked_sibling	L0_CORE_MARKED_SIBLING	skillsbench	skillsbench_v2_2::econ-detrending-correlation::wrong_resource_pointer	1	core_static_cue_clean_rebuilt	core_admission_carried_forward	none	no	core_admission_carried_forward	core release provenance	core marked-sibling admission evidence carried forward from the audited core source layer
core::skillsbench_v2_2::lab-unit-harmonization::wrong_resource_pointer	core_marked_sibling	L0_CORE_MARKED_SIBLING	skillsbench	skillsbench_v2_2::lab-unit-harmonization::wrong_resource_pointer	1	core_static_cue_clean_rebuilt	core_admission_carried_forward	none	no	core_admission_carried_forward	core release provenance	core marked-sibling admission evidence carried forward from the audited core source layer
core::skillsbench_v2_2::manufacturing-fjsp-optimization::wrong_resource_pointer	core_marked_sibling	L0_CORE_MARKED_SIBLING	skillsbench	skillsbench_v2_2::manufacturing-fjsp-optimization::wrong_resource_pointer	1	core_static_cue_clean_rebuilt	core_admission_carried_forward	none	no	core_admission_carried_forward	core release provenance	core marked-sibling admission evidence carried forward from the audited core source layer
core::skillsbench_v2_2::protein-expression-analysis::wrong_resource_pointer	core_marked_sibling	L0_CORE_MARKED_SIBLING	skillsbench	skillsbench_v2_2::protein-expression-analysis::wrong_resource_pointer	1	core_static_cue_clean_rebuilt	core_admission_carried_forward	none	no	core_admission_carried_forward	core release provenance	core marked-sibling admission evidence carried forward from the audited core source layer
core::skillsbench_v2_2::reserves-at-risk-calc::wrong_resource_pointer	core_marked_sibling	L0_CORE_MARKED_SIBLING	skillsbench	skillsbench_v2_2::reserves-at-risk-calc::wrong_resource_pointer	1	core_static_cue_clean_rebuilt	core_admission_carried_forward	none	no	core_admission_carried_forward	core release provenance	core marked-sibling admission evidence carried forward from the audited core source layer
core::skillsbench_v2_2::shock-analysis-demand::wrong_resource_pointer	core_marked_sibling	L0_CORE_MARKED_SIBLING	skillsbench	skillsbench_v2_2::shock-analysis-demand::wrong_resource_pointer	1	core_static_cue_clean_rebuilt	core_admission_carried_forward	none	no	core_admission_carried_forward	core release provenance	core marked-sibling admission evidence carried forward from the audited core source layer
core::skillsbench_v2_2::shock-analysis-supply::wrong_resource_pointer	core_marked_sibling	L0_CORE_MARKED_SIBLING	skillsbench	skillsbench_v2_2::shock-analysis-supply::wrong_resource_pointer	1	core_static_cue_clean_rebuilt	core_admission_carried_forward	none	no	core_admission_carried_forward	core release provenance	core marked-sibling admission evidence carried forward from the audited core source layer
core::skillsbench_v2_2::weighted-gdp-calc::wrong_resource_pointer	core_marked_sibling	L0_CORE_MARKED_SIBLING	skillsbench	skillsbench_v2_2::weighted-gdp-calc::wrong_resource_pointer	1	core_static_cue_clean_rebuilt	core_admission_carried_forward	none	no	core_admission_carried_forward	core release provenance	core marked-sibling admission evidence carried forward from the audited core source layer
core::skillsbench_v2_2::3d-scan-calc::wrong_resource_pointer	core_marked_sibling	L0_CORE_MARKED_SIBLING	skillsbench	skillsbench_v2_2::3d-scan-calc::wrong_resource_pointer	1	core_static_cue_clean_rebuilt	core_admission_carried_forward	none	no	core_admission_carried_forward	core release provenance	core marked-sibling admission evidence carried forward from the audited core source layer
core::skillsbench_v2_2::ada-bathroom-plan-repair::wrong_resource_pointer	core_marked_sibling	L0_CORE_MARKED_SIBLING	skillsbench	skillsbench_v2_2::ada-bathroom-plan-repair::wrong_resource_pointer	1	core_static_cue_clean_rebuilt	core_admission_carried_forward	none	no	core_admission_carried_forward	core release provenance	core marked-sibling admission evidence carried forward from the audited core source layer
core::skillsbench_v2_2::civ6-adjacency-optimizer::wrong_resource_pointer	core_marked_sibling	L0_CORE_MARKED_SIBLING	skillsbench	skillsbench_v2_2::civ6-adjacency-optimizer::wrong_resource_pointer	1	core_static_cue_clean_rebuilt	core_admission_carried_forward	none	no	core_admission_carried_forward	core release provenance	core marked-sibling admission evidence carried forward from the audited core source layer
core::skillsbench_v2_2::court-form-filling::wrong_resource_pointer	core_marked_sibling	L0_CORE_MARKED_SIBLING	skillsbench	skillsbench_v2_2::court-form-filling::wrong_resource_pointer	1	core_static_cue_clean_rebuilt	core_admission_carried_forward	none	no	core_admission_carried_forward	core release provenance	core marked-sibling admission evidence carried forward from the audited core source layer
core::skillsbench_v2_2::crystallographic-wyckoff-position-analysis::stale_api_reference	core_marked_sibling	L0_CORE_MARKED_SIBLING	skillsbench	skillsbench_v2_2::crystallographic-wyckoff-position-analysis::stale_api_reference	1	core_static_cue_clean_rebuilt	core_admission_carried_forward	none	no	core_admission_carried_forward	core release provenance	core marked-sibling admission evidence carried forward from the audited core source layer
core::skillsbench_v2_2::dapt-intrusion-detection::wrong_resource_pointer	core_marked_sibling	L0_CORE_MARKED_SIBLING	skillsbench	skillsbench_v2_2::dapt-intrusion-detection::wrong_resource_pointer	1	core_static_cue_clean_rebuilt	core_admission_carried_forward	none	no	core_admission_carried_forward	core release provenance	core marked-sibling admission evidence carried forward from the audited core source layer
core::skillsbench_v2_2::edit-pdf::wrong_resource_pointer	core_marked_sibling	L0_CORE_MARKED_SIBLING	skillsbench	skillsbench_v2_2::edit-pdf::wrong_resource_pointer	1	core_static_cue_clean_rebuilt	core_admission_carried_forward	none	no	core_admission_carried_forward	core release provenance	core marked-sibling admission evidence carried forward from the audited core source layer
core::skillsbench_v2_2::enterprise-information-search::wrong_resource_pointer	core_marked_sibling	L0_CORE_MARKED_SIBLING	skillsbench	skillsbench_v2_2::enterprise-information-search::wrong_resource_pointer	1	core_static_cue_clean_rebuilt	core_admission_carried_forward	none	no	core_admission_carried_forward	core release provenance	core marked-sibling admission evidence carried forward from the audited core source layer
core::skillsbench_v2_2::exceltable-in-ppt::wrong_resource_pointer	core_marked_sibling	L0_CORE_MARKED_SIBLING	skillsbench	skillsbench_v2_2::exceltable-in-ppt::wrong_resource_pointer	1	core_static_cue_clean_rebuilt	core_admission_carried_forward	none	no	core_admission_carried_forward	core release provenance	core marked-sibling admission evidence carried forward from the audited core source layer
core::skillsbench_v2_2::financial-modeling-qa::wrong_resource_pointer	core_marked_sibling	L0_CORE_MARKED_SIBLING	skillsbench	skillsbench_v2_2::financial-modeling-qa::wrong_resource_pointer	1	core_static_cue_clean_rebuilt	core_admission_carried_forward	none	no	core_admission_carried_forward	core release provenance	core marked-sibling admission evidence carried forward from the audited core source layer
core::skillsbench_v2_2::flood-risk-analysis::wrong_precondition	core_marked_sibling	L0_CORE_MARKED_SIBLING	skillsbench	skillsbench_v2_2::flood-risk-analysis::wrong_precondition	1	core_static_cue_clean_rebuilt	core_admission_carried_forward	none	no	core_admission_carried_forward	core release provenance	core marked-sibling admission evidence carried forward from the audited core source layer
core::skillsbench_v2_2::invoice-fraud-detection::wrong_resource_pointer	core_marked_sibling	L0_CORE_MARKED_SIBLING	skillsbench	skillsbench_v2_2::invoice-fraud-detection::wrong_resource_pointer	1	core_static_cue_clean_rebuilt	core_admission_carried_forward	none	no	core_admission_carried_forward	core release provenance	core marked-sibling admission evidence carried forward from the audited core source layer
core::skillsbench_v2_2::lake-warming-attribution::wrong_resource_pointer	core_marked_sibling	L0_CORE_MARKED_SIBLING	skillsbench	skillsbench_v2_2::lake-warming-attribution::wrong_resource_pointer	1	core_static_cue_clean_rebuilt	core_admission_carried_forward	none	no	core_admission_carried_forward	core release provenance	core marked-sibling admission evidence carried forward from the audited core source layer
core::skillsbench_v2_2::llm-prefix-cache-replay::wrong_resource_pointer	core_marked_sibling	L0_CORE_MARKED_SIBLING	skillsbench	skillsbench_v2_2::llm-prefix-cache-replay::wrong_resource_pointer	1	core_static_cue_clean_rebuilt	core_admission_carried_forward	none	no	core_admission_carried_forward	core release provenance	core marked-sibling admission evidence carried forward from the audited core source layer
core::skillsbench_v2_2::manufacturing-codebook-normalization::wrong_resource_pointer	core_marked_sibling	L0_CORE_MARKED_SIBLING	skillsbench	skillsbench_v2_2::manufacturing-codebook-normalization::wrong_resource_pointer	1	core_static_cue_clean_rebuilt	core_admission_carried_forward	none	no	core_admission_carried_forward	core release provenance	core marked-sibling admission evidence carried forward from the audited core source layer
core::skillsbench_v2_2::manufacturing-equipment-maintenance::wrong_resource_pointer	core_marked_sibling	L0_CORE_MARKED_SIBLING	skillsbench	skillsbench_v2_2::manufacturing-equipment-maintenance::wrong_resource_pointer	1	core_static_cue_clean_rebuilt	core_admission_carried_forward	none	no	core_admission_carried_forward	core release provenance	core marked-sibling admission evidence carried forward from the audited core source layer
core::skillsbench_v2_2::mars-clouds-clustering::wrong_resource_pointer	core_marked_sibling	L0_CORE_MARKED_SIBLING	skillsbench	skillsbench_v2_2::mars-clouds-clustering::wrong_resource_pointer	1	core_static_cue_clean_rebuilt	core_admission_carried_forward	none	no	core_admission_carried_forward	core release provenance	core marked-sibling admission evidence carried forward from the audited core source layer
core::skillsbench_v2_2::offer-letter-generator::wrong_resource_pointer	core_marked_sibling	L0_CORE_MARKED_SIBLING	skillsbench	skillsbench_v2_2::offer-letter-generator::wrong_resource_pointer	1	core_static_cue_clean_rebuilt	core_admission_carried_forward	none	no	core_admission_carried_forward	core release provenance	core marked-sibling admission evidence carried forward from the audited core source layer
core::skillsbench_v2_2::pptx-reference-formatting::wrong_resource_pointer	core_marked_sibling	L0_CORE_MARKED_SIBLING	skillsbench	skillsbench_v2_2::pptx-reference-formatting::wrong_resource_pointer	1	core_static_cue_clean_rebuilt	core_admission_carried_forward	none	no	core_admission_carried_forward	core release provenance	core marked-sibling admission evidence carried forward from the audited core source layer
core::skillsbench_v2_2::radar-vital-signs::wrong_resource_pointer	core_marked_sibling	L0_CORE_MARKED_SIBLING	skillsbench	skillsbench_v2_2::radar-vital-signs::wrong_resource_pointer	1	core_static_cue_clean_rebuilt	core_admission_carried_forward	none	no	core_admission_carried_forward	core release provenance	core marked-sibling admission evidence carried forward from the audited core source layer
core::skillsbench_v2_2::sales-pivot-analysis::wrong_resource_pointer	core_marked_sibling	L0_CORE_MARKED_SIBLING	skillsbench	skillsbench_v2_2::sales-pivot-analysis::wrong_resource_pointer	1	core_static_cue_clean_rebuilt	core_admission_carried_forward	none	no	core_admission_carried_forward	core release provenance	core marked-sibling admission evidence carried forward from the audited core source layer
core::skillsbench_v2_2::threejs-structure-parser::stale_api_reference	core_marked_sibling	L0_CORE_MARKED_SIBLING	skillsbench	skillsbench_v2_2::threejs-structure-parser::stale_api_reference	1	core_static_cue_clean_rebuilt	core_admission_carried_forward	none	no	core_admission_carried_forward	core release provenance	core marked-sibling admission evidence carried forward from the audited core source layer
core::skillsbench_v2_2::threejs-to-obj::stale_api_reference	core_marked_sibling	L0_CORE_MARKED_SIBLING	skillsbench	skillsbench_v2_2::threejs-to-obj::stale_api_reference	1	core_static_cue_clean_rebuilt	core_admission_carried_forward	none	no	core_admission_carried_forward	core release provenance	core marked-sibling admission evidence carried forward from the audited core source layer
core::swe_skills_bench::analytics-events::deterministic_oracle	core_marked_sibling	L0_CORE_MARKED_SIBLING	swe_skills_bench	swe_skills_bench::analytics-events::deterministic_oracle	1	core_static_cue_clean_rebuilt	core_admission_carried_forward	none	no	core_admission_carried_forward	core release provenance	core marked-sibling admission evidence carried forward from the audited core source layer
core::swe_skills_bench::analyze-ci::deterministic_oracle	core_marked_sibling	L0_CORE_MARKED_SIBLING	swe_skills_bench	swe_skills_bench::analyze-ci::deterministic_oracle	1	core_static_cue_clean_rebuilt	core_admission_carried_forward	none	no	core_admission_carried_forward	core release provenance	core marked-sibling admission evidence carried forward from the audited core source layer
core::swe_skills_bench::bash-defensive-patterns::deterministic_oracle	core_marked_sibling	L0_CORE_MARKED_SIBLING	swe_skills_bench	swe_skills_bench::bash-defensive-patterns::deterministic_oracle	1	core_static_cue_clean_rebuilt	core_admission_carried_forward	none	no	core_admission_carried_forward	core release provenance	core marked-sibling admission evidence carried forward from the audited core source layer
core::swe_skills_bench::bazel-build-optimization::deterministic_oracle	core_marked_sibling	L0_CORE_MARKED_SIBLING	swe_skills_bench	swe_skills_bench::bazel-build-optimization::deterministic_oracle	1	core_static_cue_clean_rebuilt	core_admission_carried_forward	none	no	core_admission_carried_forward	core release provenance	core marked-sibling admission evidence carried forward from the audited core source layer
core::swe_skills_bench::changelog-automation::deterministic_oracle	core_marked_sibling	L0_CORE_MARKED_SIBLING	swe_skills_bench	swe_skills_bench::changelog-automation::deterministic_oracle	1	core_static_cue_clean_rebuilt	core_admission_carried_forward	none	no	core_admission_carried_forward	core release provenance	core marked-sibling admission evidence carried forward from the audited core source layer
core::swe_skills_bench::creating-financial-models::deterministic_oracle	core_marked_sibling	L0_CORE_MARKED_SIBLING	swe_skills_bench	swe_skills_bench::creating-financial-models::deterministic_oracle	1	core_static_cue_clean_rebuilt	core_admission_carried_forward	none	no	core_admission_carried_forward	core release provenance	core marked-sibling admission evidence carried forward from the audited core source layer
core::swe_skills_bench::dbt-transformation-patterns::deterministic_oracle	core_marked_sibling	L0_CORE_MARKED_SIBLING	swe_skills_bench	swe_skills_bench::dbt-transformation-patterns::deterministic_oracle	1	core_static_cue_clean_rebuilt	core_admission_carried_forward	none	no	core_admission_carried_forward	core release provenance	core marked-sibling admission evidence carried forward from the audited core source layer
core::swe_skills_bench::distributed-tracing::deterministic_oracle	core_marked_sibling	L0_CORE_MARKED_SIBLING	swe_skills_bench	swe_skills_bench::distributed-tracing::deterministic_oracle	1	core_static_cue_clean_rebuilt	core_admission_carried_forward	none	no	core_admission_carried_forward	core release provenance	core marked-sibling admission evidence carried forward from the audited core source layer
core::swe_skills_bench::github-actions-templates::deterministic_oracle	core_marked_sibling	L0_CORE_MARKED_SIBLING	swe_skills_bench	swe_skills_bench::github-actions-templates::deterministic_oracle	1	core_static_cue_clean_rebuilt	core_admission_carried_forward	none	no	core_admission_carried_forward	core release provenance	core marked-sibling admission evidence carried forward from the audited core source layer
core::swe_skills_bench::gitlab-ci-patterns::deterministic_oracle	core_marked_sibling	L0_CORE_MARKED_SIBLING	swe_skills_bench	swe_skills_bench::gitlab-ci-patterns::deterministic_oracle	1	core_static_cue_clean_rebuilt	core_admission_carried_forward	none	no	core_admission_carried_forward	core release provenance	core marked-sibling admission evidence carried forward from the audited core source layer
core::swe_skills_bench::grafana-dashboards::deterministic_oracle	core_marked_sibling	L0_CORE_MARKED_SIBLING	swe_skills_bench	swe_skills_bench::grafana-dashboards::deterministic_oracle	1	core_static_cue_clean_rebuilt	core_admission_carried_forward	none	no	core_admission_carried_forward	core release provenance	core marked-sibling admission evidence carried forward from the audited core source layer
core::swe_skills_bench::implementing-agent-modes::deterministic_oracle	core_marked_sibling	L0_CORE_MARKED_SIBLING	swe_skills_bench	swe_skills_bench::implementing-agent-modes::deterministic_oracle	1	core_static_cue_clean_rebuilt	core_admission_carried_forward	none	no	core_admission_carried_forward	core release provenance	core marked-sibling admission evidence carried forward from the audited core source layer
core::swe_skills_bench::implementing-jsc-classes-zig::deterministic_oracle	core_marked_sibling	L0_CORE_MARKED_SIBLING	swe_skills_bench	swe_skills_bench::implementing-jsc-classes-zig::deterministic_oracle	1	core_static_cue_clean_rebuilt	core_admission_carried_forward	none	no	core_admission_carried_forward	core release provenance	core marked-sibling admission evidence carried forward from the audited core source layer
core::swe_skills_bench::langsmith-fetch::deterministic_oracle	core_marked_sibling	L0_CORE_MARKED_SIBLING	swe_skills_bench	swe_skills_bench::langsmith-fetch::deterministic_oracle	1	core_static_cue_clean_rebuilt	core_admission_carried_forward	none	no	core_admission_carried_forward	core release provenance	core marked-sibling admission evidence carried forward from the audited core source layer
core::swe_skills_bench::linkerd-patterns::deterministic_oracle	core_marked_sibling	L0_CORE_MARKED_SIBLING	swe_skills_bench	swe_skills_bench::linkerd-patterns::deterministic_oracle	1	core_static_cue_clean_rebuilt	core_admission_carried_forward	none	no	core_admission_carried_forward	core release provenance	core marked-sibling admission evidence carried forward from the audited core source layer
core::swe_skills_bench::llm-evaluation::deterministic_oracle	core_marked_sibling	L0_CORE_MARKED_SIBLING	swe_skills_bench	swe_skills_bench::llm-evaluation::deterministic_oracle	1	core_static_cue_clean_rebuilt	core_admission_carried_forward	none	no	core_admission_carried_forward	core release provenance	core marked-sibling admission evidence carried forward from the audited core source layer
core::swe_skills_bench::nx-workspace-patterns::deterministic_oracle	core_marked_sibling	L0_CORE_MARKED_SIBLING	swe_skills_bench	swe_skills_bench::nx-workspace-patterns::deterministic_oracle	1	core_static_cue_clean_rebuilt	core_admission_carried_forward	none	no	core_admission_carried_forward	core release provenance	core marked-sibling admission evidence carried forward from the audited core source layer
core::swe_skills_bench::prompt-engineering-patterns::deterministic_oracle	core_marked_sibling	L0_CORE_MARKED_SIBLING	swe_skills_bench	swe_skills_bench::prompt-engineering-patterns::deterministic_oracle	1	core_static_cue_clean_rebuilt	core_admission_carried_forward	none	no	core_admission_carried_forward	core release provenance	core marked-sibling admission evidence carried forward from the audited core source layer
core::swe_skills_bench::python-anti-patterns::deterministic_oracle	core_marked_sibling	L0_CORE_MARKED_SIBLING	swe_skills_bench	swe_skills_bench::python-anti-patterns::deterministic_oracle	1	core_static_cue_clean_rebuilt	core_admission_carried_forward	none	no	core_admission_carried_forward	core release provenance	core marked-sibling admission evidence carried forward from the audited core source layer
core::swe_skills_bench::python-background-jobs::deterministic_oracle	core_marked_sibling	L0_CORE_MARKED_SIBLING	swe_skills_bench	swe_skills_bench::python-background-jobs::deterministic_oracle	1	core_static_cue_clean_rebuilt	core_admission_carried_forward	none	no	core_admission_carried_forward	core release provenance	core marked-sibling admission evidence carried forward from the audited core source layer
core::swe_skills_bench::python-configuration::deterministic_oracle	core_marked_sibling	L0_CORE_MARKED_SIBLING	swe_skills_bench	swe_skills_bench::python-configuration::deterministic_oracle	1	core_static_cue_clean_rebuilt	core_admission_carried_forward	none	no	core_admission_carried_forward	core release provenance	core marked-sibling admission evidence carried forward from the audited core source layer
core::swe_skills_bench::python-observability::deterministic_oracle	core_marked_sibling	L0_CORE_MARKED_SIBLING	swe_skills_bench	swe_skills_bench::python-observability::deterministic_oracle	1	core_static_cue_clean_rebuilt	core_admission_carried_forward	none	no	core_admission_carried_forward	core release provenance	core marked-sibling admission evidence carried forward from the audited core source layer
core::swe_skills_bench::python-packaging::deterministic_oracle	core_marked_sibling	L0_CORE_MARKED_SIBLING	swe_skills_bench	swe_skills_bench::python-packaging::deterministic_oracle	1	core_static_cue_clean_rebuilt	core_admission_carried_forward	none	no	core_admission_carried_forward	core release provenance	core marked-sibling admission evidence carried forward from the audited core source layer
core::swe_skills_bench::python-performance-optimization::deterministic_oracle	core_marked_sibling	L0_CORE_MARKED_SIBLING	swe_skills_bench	swe_skills_bench::python-performance-optimization::deterministic_oracle	1	core_static_cue_clean_rebuilt	core_admission_carried_forward	none	no	core_admission_carried_forward	core release provenance	core marked-sibling admission evidence carried forward from the audited core source layer
core::swe_skills_bench::python-resilience::deterministic_oracle	core_marked_sibling	L0_CORE_MARKED_SIBLING	swe_skills_bench	swe_skills_bench::python-resilience::deterministic_oracle	1	core_static_cue_clean_rebuilt	core_admission_carried_forward	none	no	core_admission_carried_forward	core release provenance	core marked-sibling admission evidence carried forward from the audited core source layer
core::swe_skills_bench::rag-implementation::deterministic_oracle	core_marked_sibling	L0_CORE_MARKED_SIBLING	swe_skills_bench	swe_skills_bench::rag-implementation::deterministic_oracle	1	core_static_cue_clean_rebuilt	core_admission_carried_forward	none	no	core_admission_carried_forward	core release provenance	core marked-sibling admission evidence carried forward from the audited core source layer
core::swe_skills_bench::risk-metrics-calculation::deterministic_oracle	core_marked_sibling	L0_CORE_MARKED_SIBLING	swe_skills_bench	swe_skills_bench::risk-metrics-calculation::deterministic_oracle	1	core_static_cue_clean_rebuilt	core_admission_carried_forward	none	no	core_admission_carried_forward	core release provenance	core marked-sibling admission evidence carried forward from the audited core source layer
core::swe_skills_bench::similarity-search-patterns::deterministic_oracle	core_marked_sibling	L0_CORE_MARKED_SIBLING	swe_skills_bench	swe_skills_bench::similarity-search-patterns::deterministic_oracle	1	core_static_cue_clean_rebuilt	core_admission_carried_forward	none	no	core_admission_carried_forward	core release provenance	core marked-sibling admission evidence carried forward from the audited core source layer
core::swe_skills_bench::slo-implementation::deterministic_oracle	core_marked_sibling	L0_CORE_MARKED_SIBLING	swe_skills_bench	swe_skills_bench::slo-implementation::deterministic_oracle	1	core_static_cue_clean_rebuilt	core_admission_carried_forward	none	no	core_admission_carried_forward	core release provenance	core marked-sibling admission evidence carried forward from the audited core source layer
core::swe_skills_bench::spark-optimization::deterministic_oracle	core_marked_sibling	L0_CORE_MARKED_SIBLING	swe_skills_bench	swe_skills_bench::spark-optimization::deterministic_oracle	1	core_static_cue_clean_rebuilt	core_admission_carried_forward	none	no	core_admission_carried_forward	core release provenance	core marked-sibling admission evidence carried forward from the audited core source layer
core::swe_skills_bench::tdd-workflow::deterministic_oracle	core_marked_sibling	L0_CORE_MARKED_SIBLING	swe_skills_bench	swe_skills_bench::tdd-workflow::deterministic_oracle	1	core_static_cue_clean_rebuilt	core_admission_carried_forward	none	no	core_admission_carried_forward	core release provenance	core marked-sibling admission evidence carried forward from the audited core source layer
core::swe_skills_bench::turborepo::deterministic_oracle	core_marked_sibling	L0_CORE_MARKED_SIBLING	swe_skills_bench	swe_skills_bench::turborepo::deterministic_oracle	1	core_static_cue_clean_rebuilt	core_admission_carried_forward	none	no	core_admission_carried_forward	core release provenance	core marked-sibling admission evidence carried forward from the audited core source layer
core::swe_skills_bench::vector-index-tuning::deterministic_oracle	core_marked_sibling	L0_CORE_MARKED_SIBLING	swe_skills_bench	swe_skills_bench::vector-index-tuning::deterministic_oracle	1	core_static_cue_clean_rebuilt	core_admission_carried_forward	none	no	core_admission_carried_forward	core release provenance	core marked-sibling admission evidence carried forward from the audited core source layer
hard::hard_role_flip_001	hard_role_flip	L3_TARGET_DEFINGERPRINTED	crystallographic Wyckoff analysis	hard_role_flip_001	2	blind_gate_pass	pass	none	yes	admitted_after_blind_oracle_leakage_release_gates	blind/oracle gates plus local programmatic audits	blind/static-cue gate pass; query-aware oracle gate pass; local leakage/diversity pass; release-schema gate closed
hard::hard_role_flip_002	hard_role_flip	L3_TARGET_DEFINGERPRINTED	Three.js structure parsing	hard_role_flip_002	2	blind_gate_pass	pass	none	yes	admitted_after_blind_oracle_leakage_release_gates	blind/oracle gates plus local programmatic audits	blind/static-cue gate pass; query-aware oracle gate pass; local leakage/diversity pass; release-schema gate closed
hard::hard_role_flip_003	hard_role_flip	L3_TARGET_DEFINGERPRINTED	Three.js object export	hard_role_flip_003	2	blind_gate_pass	pass	none	yes	admitted_after_blind_oracle_leakage_release_gates	blind/oracle gates plus local programmatic audits	blind/static-cue gate pass; query-aware oracle gate pass; local leakage/diversity pass; release-schema gate closed
hard::hard_role_flip_004	hard_role_flip	L3_TARGET_DEFINGERPRINTED	flood-risk analysis	hard_role_flip_004	2	blind_gate_pass	pass	none	yes	admitted_after_blind_oracle_leakage_release_gates	blind/oracle gates plus local programmatic audits	blind/static-cue gate pass; query-aware oracle gate pass; local leakage/diversity pass; release-schema gate closed
hard::hard_role_flip_005	hard_role_flip	L3_TARGET_DEFINGERPRINTED	court form filling	hard_role_flip_005	2	blind_gate_pass	pass	none	yes	admitted_after_blind_oracle_leakage_release_gates	blind/oracle gates plus local programmatic audits	blind/static-cue gate pass; query-aware oracle gate pass; local leakage/diversity pass; release-schema gate closed
hard::hard_role_flip_006	hard_role_flip	L3_TARGET_DEFINGERPRINTED	CI log analysis	hard_role_flip_006	2	blind_gate_pass	pass	none	yes	admitted_after_blind_oracle_leakage_release_gates	blind/oracle gates plus local programmatic audits	blind/static-cue gate pass; query-aware oracle gate pass; local leakage/diversity pass; release-schema gate closed
hard::hard_role_flip_007	hard_role_flip	L3_TARGET_DEFINGERPRINTED	intrusion detection	hard_role_flip_007	2	blind_gate_pass	pass	none	yes	admitted_after_blind_oracle_leakage_release_gates	blind/oracle gates plus local programmatic audits	blind/static-cue gate pass; query-aware oracle gate pass; local leakage/diversity pass; release-schema gate closed
hard::hard_role_flip_008	hard_role_flip	L3_TARGET_DEFINGERPRINTED	enterprise information search	hard_role_flip_008	2	blind_gate_pass	pass	none	yes	admitted_after_blind_oracle_leakage_release_gates	blind/oracle gates plus local programmatic audits	blind/static-cue gate pass; query-aware oracle gate pass; local leakage/diversity pass; release-schema gate closed
hard::hard_role_flip_009	hard_role_flip	L3	Kubernetes rollout diagnosis	hard_role_flip_009	2	blind_gate_pass	pass	none	yes	admitted_after_blind_oracle_leakage_release_gates	blind/oracle gates plus local programmatic audits	blind/static-cue gate pass; query-aware oracle gate pass; local leakage/diversity pass; release-schema gate closed
hard::hard_role_flip_010	hard_role_flip	L4	API integration debugging	hard_role_flip_010	2	blind_gate_pass	pass	none	yes	admitted_after_blind_oracle_leakage_release_gates	blind/oracle gates plus local programmatic audits	blind/static-cue gate pass; query-aware oracle gate pass; local leakage/diversity pass; release-schema gate closed
hard::hard_role_flip_011	hard_role_flip	L3	database migration review	hard_role_flip_011	2	blind_gate_pass	pass	none	yes	admitted_after_blind_oracle_leakage_release_gates	blind/oracle gates plus local programmatic audits	blind/static-cue gate pass; query-aware oracle gate pass; local leakage/diversity pass; release-schema gate closed
hard::hard_role_flip_012	hard_role_flip	L3	mobile crash triage	hard_role_flip_012	2	blind_gate_pass	pass	none	yes	admitted_after_blind_oracle_leakage_release_gates	blind/oracle gates plus local programmatic audits	blind/static-cue gate pass; query-aware oracle gate pass; local leakage/diversity pass; release-schema gate closed
hard::hard_role_flip_013	hard_role_flip	L4	privacy data request handling	hard_role_flip_013	2	blind_gate_pass	pass	none	yes	admitted_after_blind_oracle_leakage_release_gates	blind/oracle gates plus local programmatic audits	blind/static-cue gate pass; query-aware oracle gate pass; local leakage/diversity pass; release-schema gate closed
hard::hard_role_flip_014	hard_role_flip	L3	ad campaign performance analysis	hard_role_flip_014	2	blind_gate_pass	pass	none	yes	admitted_after_blind_oracle_leakage_release_gates	blind/oracle gates plus local programmatic audits	blind/static-cue gate pass; query-aware oracle gate pass; local leakage/diversity pass; release-schema gate closed
hard::hard_role_flip_015	hard_role_flip	L4	robot task replay	hard_role_flip_015	2	blind_gate_pass	pass	none	yes	admitted_after_blind_oracle_leakage_release_gates	blind/oracle gates plus local programmatic audits	blind/static-cue gate pass; query-aware oracle gate pass; local leakage/diversity pass; release-schema gate closed
hard::hard_role_flip_016	hard_role_flip	L3	scientific figure reproduction	hard_role_flip_016	2	blind_gate_pass	pass	none	yes	admitted_after_blind_oracle_leakage_release_gates	blind/oracle gates plus local programmatic audits	blind/static-cue gate pass; query-aware oracle gate pass; local leakage/diversity pass; release-schema gate closed
hard::hard_role_flip_017	hard_role_flip	L4	warehouse inventory reconciliation	hard_role_flip_017	2	blind_gate_pass	pass	none	yes	admitted_after_blind_oracle_leakage_release_gates	blind/oracle gates plus local programmatic audits	blind/static-cue gate pass; query-aware oracle gate pass; local leakage/diversity pass; release-schema gate closed
hard::hard_role_flip_018	hard_role_flip	L3	clinical cohort extraction	hard_role_flip_018	2	blind_gate_pass	pass	none	yes	admitted_after_blind_oracle_leakage_release_gates	blind/oracle gates plus local programmatic audits	blind/static-cue gate pass; query-aware oracle gate pass; local leakage/diversity pass; release-schema gate closed
hard::hard_role_flip_019	hard_role_flip	L4	customer support routing	hard_role_flip_019	2	blind_gate_pass	pass	none	yes	admitted_after_blind_oracle_leakage_release_gates	blind/oracle gates plus local programmatic audits	blind/static-cue gate pass; query-aware oracle gate pass; local leakage/diversity pass; release-schema gate closed
hard::hard_role_flip_020	hard_role_flip	L3	code review triage	hard_role_flip_020	2	blind_gate_pass	pass	none	yes	admitted_after_blind_oracle_leakage_release_gates	blind/oracle gates plus local programmatic audits	blind/static-cue gate pass; query-aware oracle gate pass; local leakage/diversity pass; release-schema gate closed
hard::hard_role_flip_021	hard_role_flip	L4	geospatial address matching	hard_role_flip_021	2	blind_gate_pass	pass	none	yes	admitted_after_blind_oracle_leakage_release_gates	blind/oracle gates plus local programmatic audits	blind/static-cue gate pass; query-aware oracle gate pass; local leakage/diversity pass; release-schema gate closed
hard::hard_role_flip_022	hard_role_flip	L3	logistics route planning	hard_role_flip_022	2	blind_gate_pass	pass	none	yes	admitted_after_blind_oracle_leakage_release_gates	blind/oracle gates plus local programmatic audits	blind/static-cue gate pass; query-aware oracle gate pass; local leakage/diversity pass; release-schema gate closed
hard::hard_role_flip_023	hard_role_flip	L4	financial statement audit	hard_role_flip_023	2	blind_gate_pass	pass	none	yes	admitted_after_blind_oracle_leakage_release_gates	blind/oracle gates plus local programmatic audits	blind/static-cue gate pass; query-aware oracle gate pass; local leakage/diversity pass; release-schema gate closed
hard::hard_role_flip_024	hard_role_flip	L3	education rubric scoring	hard_role_flip_024	2	blind_gate_pass	pass	none	yes	admitted_after_blind_oracle_leakage_release_gates	blind/oracle gates plus local programmatic audits	blind/static-cue gate pass; query-aware oracle gate pass; local leakage/diversity pass; release-schema gate closed
hard::hard_role_flip_025	hard_role_flip	L4	security access review	hard_role_flip_025	2	blind_gate_pass	pass	none	yes	admitted_after_blind_oracle_leakage_release_gates	blind/oracle gates plus local programmatic audits	blind/static-cue gate pass; query-aware oracle gate pass; local leakage/diversity pass; release-schema gate closed
hard::hard_role_flip_026	hard_role_flip	L3	email campaign QA	hard_role_flip_026	2	blind_gate_pass	pass	none	yes	admitted_after_blind_oracle_leakage_release_gates	blind/oracle gates plus local programmatic audits	blind/static-cue gate pass; query-aware oracle gate pass; local leakage/diversity pass; release-schema gate closed
hard::hard_role_flip_027	hard_role_flip	L4	energy usage analysis	hard_role_flip_027	2	blind_gate_pass	pass	none	yes	admitted_after_blind_oracle_leakage_release_gates	blind/oracle gates plus local programmatic audits	blind/static-cue gate pass; query-aware oracle gate pass; local leakage/diversity pass; release-schema gate closed
hard::hard_role_flip_028	hard_role_flip	L3	legal discovery review	hard_role_flip_028	2	blind_gate_pass	pass	none	yes	admitted_after_blind_oracle_leakage_release_gates	blind/oracle gates plus local programmatic audits	blind/static-cue gate pass; query-aware oracle gate pass; local leakage/diversity pass; release-schema gate closed
hard::hard_role_flip_029	hard_role_flip	L4	manufacturing defect analysis	hard_role_flip_029	2	blind_gate_pass	pass	none	yes	admitted_after_blind_oracle_leakage_release_gates	blind/oracle gates plus local programmatic audits	blind/static-cue gate pass; query-aware oracle gate pass; local leakage/diversity pass; release-schema gate closed
hard::hard_role_flip_030	hard_role_flip	L3	product analytics funnel	hard_role_flip_030	2	blind_gate_pass	pass	none	yes	admitted_after_blind_oracle_leakage_release_gates	blind/oracle gates plus local programmatic audits	blind/static-cue gate pass; query-aware oracle gate pass; local leakage/diversity pass; release-schema gate closed
hard::hard_role_flip_031	hard_role_flip	L4	cloud cost analysis	hard_role_flip_031	2	blind_gate_pass	pass	none	yes	admitted_after_blind_oracle_leakage_release_gates	blind/oracle gates plus local programmatic audits	blind/static-cue gate pass; query-aware oracle gate pass; local leakage/diversity pass; release-schema gate closed
hard::hard_role_flip_032	hard_role_flip	L3	survey response analysis	hard_role_flip_032	2	blind_gate_pass	pass	none	yes	admitted_after_blind_oracle_leakage_release_gates	blind/oracle gates plus local programmatic audits	blind/static-cue gate pass; query-aware oracle gate pass; local leakage/diversity pass; release-schema gate closed
hard::hard_role_flip_033	hard_role_flip	L4	video moderation review	hard_role_flip_033	2	blind_gate_pass	pass	none	yes	admitted_after_blind_oracle_leakage_release_gates	blind/oracle gates plus local programmatic audits	blind/static-cue gate pass; query-aware oracle gate pass; local leakage/diversity pass; release-schema gate closed
hard::hard_role_flip_034	hard_role_flip	L3	network capacity planning	hard_role_flip_034	2	blind_gate_pass	pass	none	yes	admitted_after_blind_oracle_leakage_release_gates	blind/oracle gates plus local programmatic audits	blind/static-cue gate pass; query-aware oracle gate pass; local leakage/diversity pass; release-schema gate closed
hard::hard_role_flip_035	hard_role_flip	L4	HR compensation review	hard_role_flip_035	2	blind_gate_pass	pass	none	yes	admitted_after_blind_oracle_leakage_release_gates	blind/oracle gates plus local programmatic audits	blind/static-cue gate pass; query-aware oracle gate pass; local leakage/diversity pass; release-schema gate closed
hard::hard_role_flip_036	hard_role_flip	L3	insurance claim triage	hard_role_flip_036	2	blind_gate_pass	pass	none	yes	admitted_after_blind_oracle_leakage_release_gates	blind/oracle gates plus local programmatic audits	blind/static-cue gate pass; query-aware oracle gate pass; local leakage/diversity pass; release-schema gate closed
hard::hard_role_flip_037	hard_role_flip	L4	translation memory maintenance	hard_role_flip_037	2	blind_gate_pass	pass	none	yes	admitted_after_blind_oracle_leakage_release_gates	blind/oracle gates plus local programmatic audits	blind/static-cue gate pass; query-aware oracle gate pass; local leakage/diversity pass; release-schema gate closed
hard::hard_role_flip_038	hard_role_flip	L3	data quality incident	hard_role_flip_038	2	blind_gate_pass	pass	none	yes	admitted_after_blind_oracle_leakage_release_gates	blind/oracle gates plus local programmatic audits	blind/static-cue gate pass; query-aware oracle gate pass; local leakage/diversity pass; release-schema gate closed
hard::hard_role_flip_039	hard_role_flip	L4	search relevance evaluation	hard_role_flip_039	2	blind_gate_pass	pass	none	yes	admitted_after_blind_oracle_leakage_release_gates	blind/oracle gates plus local programmatic audits	blind/static-cue gate pass; query-aware oracle gate pass; local leakage/diversity pass; release-schema gate closed
hard::hard_role_flip_040	hard_role_flip	L3	procurement bid comparison	hard_role_flip_040	2	blind_gate_pass	pass	none	yes	admitted_after_blind_oracle_leakage_release_gates	blind/oracle gates plus local programmatic audits	blind/static-cue gate pass; query-aware oracle gate pass; local leakage/diversity pass; release-schema gate closed
hard::hard_role_flip_041	hard_role_flip	L4	IoT sensor calibration	hard_role_flip_041	2	blind_gate_pass	pass	none	yes	admitted_after_blind_oracle_leakage_release_gates	blind/oracle gates plus local programmatic audits	blind/static-cue gate pass; query-aware oracle gate pass; local leakage/diversity pass; release-schema gate closed
hard::hard_role_flip_042	hard_role_flip	L3	subscription churn analysis	hard_role_flip_042	2	blind_gate_pass	pass	none	yes	admitted_after_blind_oracle_leakage_release_gates	blind/oracle gates plus local programmatic audits	blind/static-cue gate pass; query-aware oracle gate pass; local leakage/diversity pass; release-schema gate closed
hard::hard_role_flip_043	hard_role_flip	L4	content taxonomy mapping	hard_role_flip_043	2	blind_gate_pass	pass	none	yes	admitted_after_blind_oracle_leakage_release_gates	blind/oracle gates plus local programmatic audits	blind/static-cue gate pass; query-aware oracle gate pass; local leakage/diversity pass; release-schema gate closed
hard::hard_role_flip_044	hard_role_flip	L3	call center quality audit	hard_role_flip_044	2	blind_gate_pass	pass	none	yes	admitted_after_blind_oracle_leakage_release_gates	blind/oracle gates plus local programmatic audits	blind/static-cue gate pass; query-aware oracle gate pass; local leakage/diversity pass; release-schema gate closed
hard::hard_role_flip_045	hard_role_flip	L4	environmental permit review	hard_role_flip_045	2	blind_gate_pass	pass	none	yes	admitted_after_blind_oracle_leakage_release_gates	blind/oracle gates plus local programmatic audits	blind/static-cue gate pass; query-aware oracle gate pass; local leakage/diversity pass; release-schema gate closed
hard::hard_role_flip_046	hard_role_flip	L3	repository dependency review	hard_role_flip_046	2	blind_gate_pass	pass	none	yes	admitted_after_blind_oracle_leakage_release_gates	blind/oracle gates plus local programmatic audits	blind/static-cue gate pass; query-aware oracle gate pass; local leakage/diversity pass; release-schema gate closed
hard::hard_role_flip_047	hard_role_flip	L4	market research coding	hard_role_flip_047	2	blind_gate_pass	pass	none	yes	admitted_after_blind_oracle_leakage_release_gates	blind/oracle gates plus local programmatic audits	blind/static-cue gate pass; query-aware oracle gate pass; local leakage/diversity pass; release-schema gate closed
hard::hard_role_flip_048	hard_role_flip	L4	Kubernetes rollout	hard_role_flip_048	2	blind_gate_pass	pass	none	yes	admitted_after_blind_oracle_leakage_release_gates	blind/oracle gates plus local programmatic audits	blind/static-cue gate pass; query-aware oracle gate pass; local leakage/diversity pass; release-schema gate closed
hard::hard_role_flip_049	hard_role_flip	L4	Kubernetes rollout	hard_role_flip_049	2	blind_gate_pass	pass	none	yes	admitted_after_blind_oracle_leakage_release_gates	blind/oracle gates plus local programmatic audits	blind/static-cue gate pass; query-aware oracle gate pass; local leakage/diversity pass; release-schema gate closed
hard::hard_role_flip_050	hard_role_flip	L4	Kubernetes rollout	hard_role_flip_050	2	blind_gate_pass	pass	none	yes	admitted_after_blind_oracle_leakage_release_gates	blind/oracle gates plus local programmatic audits	blind/static-cue gate pass; query-aware oracle gate pass; local leakage/diversity pass; release-schema gate closed
hard::hard_role_flip_051	hard_role_flip	L3	Kubernetes rollout	hard_role_flip_051	2	blind_gate_pass	pass	none	yes	admitted_after_blind_oracle_leakage_release_gates	blind/oracle gates plus local programmatic audits	blind/static-cue gate pass; query-aware oracle gate pass; local leakage/diversity pass; release-schema gate closed
hard::hard_role_flip_052	hard_role_flip	L3	Kubernetes rollout	hard_role_flip_052	2	blind_gate_pass	pass	none	yes	admitted_after_blind_oracle_leakage_release_gates	blind/oracle gates plus local programmatic audits	blind/static-cue gate pass; query-aware oracle gate pass; local leakage/diversity pass; release-schema gate closed
hard::hard_role_flip_053	hard_role_flip	L4	Kubernetes rollout	hard_role_flip_053	2	blind_gate_pass	pass	none	yes	admitted_after_blind_oracle_leakage_release_gates	blind/oracle gates plus local programmatic audits	blind/static-cue gate pass; query-aware oracle gate pass; local leakage/diversity pass; release-schema gate closed
hard::hard_role_flip_054	hard_role_flip	L3	Kubernetes rollout	hard_role_flip_054	2	blind_gate_pass	pass	none	yes	admitted_after_blind_oracle_leakage_release_gates	blind/oracle gates plus local programmatic audits	blind/static-cue gate pass; query-aware oracle gate pass; local leakage/diversity pass; release-schema gate closed
hard::hard_role_flip_055	hard_role_flip	L4	Kubernetes rollout	hard_role_flip_055	2	blind_gate_pass	pass	none	yes	admitted_after_blind_oracle_leakage_release_gates	blind/oracle gates plus local programmatic audits	blind/static-cue gate pass; query-aware oracle gate pass; local leakage/diversity pass; release-schema gate closed
hard::hard_role_flip_056	hard_role_flip	L3	Kubernetes rollout	hard_role_flip_056	2	blind_gate_pass	pass	none	yes	admitted_after_blind_oracle_leakage_release_gates	blind/oracle gates plus local programmatic audits	blind/static-cue gate pass; query-aware oracle gate pass; local leakage/diversity pass; release-schema gate closed
hard::hard_role_flip_057	hard_role_flip	L4	API integration	hard_role_flip_057	2	blind_gate_pass	pass	none	yes	admitted_after_blind_oracle_leakage_release_gates	blind/oracle gates plus local programmatic audits	blind/static-cue gate pass; query-aware oracle gate pass; local leakage/diversity pass; release-schema gate closed
hard::hard_role_flip_058	hard_role_flip	L4	API integration	hard_role_flip_058	2	blind_gate_pass	pass	none	yes	admitted_after_blind_oracle_leakage_release_gates	blind/oracle gates plus local programmatic audits	blind/static-cue gate pass; query-aware oracle gate pass; local leakage/diversity pass; release-schema gate closed
hard::hard_role_flip_059	hard_role_flip	L4	API integration	hard_role_flip_059	2	blind_gate_pass	pass	none	yes	admitted_after_blind_oracle_leakage_release_gates	blind/oracle gates plus local programmatic audits	blind/static-cue gate pass; query-aware oracle gate pass; local leakage/diversity pass; release-schema gate closed
hard::hard_role_flip_060	hard_role_flip	L3	API integration	hard_role_flip_060	2	blind_gate_pass	pass	none	yes	admitted_after_blind_oracle_leakage_release_gates	blind/oracle gates plus local programmatic audits	blind/static-cue gate pass; query-aware oracle gate pass; local leakage/diversity pass; release-schema gate closed
hard::hard_role_flip_061	hard_role_flip	L3	API integration	hard_role_flip_061	2	blind_gate_pass	pass	none	yes	admitted_after_blind_oracle_leakage_release_gates	blind/oracle gates plus local programmatic audits	blind/static-cue gate pass; query-aware oracle gate pass; local leakage/diversity pass; release-schema gate closed
hard::hard_role_flip_062	hard_role_flip	L4	API integration	hard_role_flip_062	2	blind_gate_pass	pass	none	yes	admitted_after_blind_oracle_leakage_release_gates	blind/oracle gates plus local programmatic audits	blind/static-cue gate pass; query-aware oracle gate pass; local leakage/diversity pass; release-schema gate closed
hard::hard_role_flip_063	hard_role_flip	L3	API integration	hard_role_flip_063	2	blind_gate_pass	pass	none	yes	admitted_after_blind_oracle_leakage_release_gates	blind/oracle gates plus local programmatic audits	blind/static-cue gate pass; query-aware oracle gate pass; local leakage/diversity pass; release-schema gate closed
hard::hard_role_flip_064	hard_role_flip	L4	API integration	hard_role_flip_064	2	blind_gate_pass	pass	none	yes	admitted_after_blind_oracle_leakage_release_gates	blind/oracle gates plus local programmatic audits	blind/static-cue gate pass; query-aware oracle gate pass; local leakage/diversity pass; release-schema gate closed
hard::hard_role_flip_065	hard_role_flip	L3	API integration	hard_role_flip_065	2	blind_gate_pass	pass	none	yes	admitted_after_blind_oracle_leakage_release_gates	blind/oracle gates plus local programmatic audits	blind/static-cue gate pass; query-aware oracle gate pass; local leakage/diversity pass; release-schema gate closed
hard::hard_role_flip_066	hard_role_flip	L4	database migration	hard_role_flip_066	2	blind_gate_pass	pass	none	yes	admitted_after_blind_oracle_leakage_release_gates	blind/oracle gates plus local programmatic audits	blind/static-cue gate pass; query-aware oracle gate pass; local leakage/diversity pass; release-schema gate closed
hard::hard_role_flip_067	hard_role_flip	L4	database migration	hard_role_flip_067	2	blind_gate_pass	pass	none	yes	admitted_after_blind_oracle_leakage_release_gates	blind/oracle gates plus local programmatic audits	blind/static-cue gate pass; query-aware oracle gate pass; local leakage/diversity pass; release-schema gate closed
hard::hard_role_flip_068	hard_role_flip	L4	database migration	hard_role_flip_068	2	blind_gate_pass	pass	none	yes	admitted_after_blind_oracle_leakage_release_gates	blind/oracle gates plus local programmatic audits	blind/static-cue gate pass; query-aware oracle gate pass; local leakage/diversity pass; release-schema gate closed
hard::hard_role_flip_069	hard_role_flip	L3	database migration	hard_role_flip_069	2	blind_gate_pass	pass	none	yes	admitted_after_blind_oracle_leakage_release_gates	blind/oracle gates plus local programmatic audits	blind/static-cue gate pass; query-aware oracle gate pass; local leakage/diversity pass; release-schema gate closed
hard::hard_role_flip_070	hard_role_flip	L3	database migration	hard_role_flip_070	2	blind_gate_pass	pass	none	yes	admitted_after_blind_oracle_leakage_release_gates	blind/oracle gates plus local programmatic audits	blind/static-cue gate pass; query-aware oracle gate pass; local leakage/diversity pass; release-schema gate closed
hard::hard_role_flip_071	hard_role_flip	L4	database migration	hard_role_flip_071	2	blind_gate_pass	pass	none	yes	admitted_after_blind_oracle_leakage_release_gates	blind/oracle gates plus local programmatic audits	blind/static-cue gate pass; query-aware oracle gate pass; local leakage/diversity pass; release-schema gate closed
hard::hard_role_flip_072	hard_role_flip	L3	database migration	hard_role_flip_072	2	blind_gate_pass	pass	none	yes	admitted_after_blind_oracle_leakage_release_gates	blind/oracle gates plus local programmatic audits	blind/static-cue gate pass; query-aware oracle gate pass; local leakage/diversity pass; release-schema gate closed
hard::hard_role_flip_073	hard_role_flip	L4	database migration	hard_role_flip_073	2	blind_gate_pass	pass	none	yes	admitted_after_blind_oracle_leakage_release_gates	blind/oracle gates plus local programmatic audits	blind/static-cue gate pass; query-aware oracle gate pass; local leakage/diversity pass; release-schema gate closed
hard::hard_role_flip_074	hard_role_flip	L3	database migration	hard_role_flip_074	2	blind_gate_pass	pass	none	yes	admitted_after_blind_oracle_leakage_release_gates	blind/oracle gates plus local programmatic audits	blind/static-cue gate pass; query-aware oracle gate pass; local leakage/diversity pass; release-schema gate closed
hard::hard_role_flip_075	hard_role_flip	L4	mobile crash triage	hard_role_flip_075	2	blind_gate_pass	pass	none	yes	admitted_after_blind_oracle_leakage_release_gates	blind/oracle gates plus local programmatic audits	blind/static-cue gate pass; query-aware oracle gate pass; local leakage/diversity pass; release-schema gate closed
hard::hard_role_flip_076	hard_role_flip	L4	mobile crash triage	hard_role_flip_076	2	blind_gate_pass	pass	none	yes	admitted_after_blind_oracle_leakage_release_gates	blind/oracle gates plus local programmatic audits	blind/static-cue gate pass; query-aware oracle gate pass; local leakage/diversity pass; release-schema gate closed
hard::hard_role_flip_077	hard_role_flip	L4	mobile crash triage	hard_role_flip_077	2	blind_gate_pass	pass	none	yes	admitted_after_blind_oracle_leakage_release_gates	blind/oracle gates plus local programmatic audits	blind/static-cue gate pass; query-aware oracle gate pass; local leakage/diversity pass; release-schema gate closed
hard::hard_role_flip_078	hard_role_flip	L3	mobile crash triage	hard_role_flip_078	2	blind_gate_pass	pass	none	yes	admitted_after_blind_oracle_leakage_release_gates	blind/oracle gates plus local programmatic audits	blind/static-cue gate pass; query-aware oracle gate pass; local leakage/diversity pass; release-schema gate closed
hard::hard_role_flip_079	hard_role_flip	L3	mobile crash triage	hard_role_flip_079	2	blind_gate_pass	pass	none	yes	admitted_after_blind_oracle_leakage_release_gates	blind/oracle gates plus local programmatic audits	blind/static-cue gate pass; query-aware oracle gate pass; local leakage/diversity pass; release-schema gate closed
hard::hard_role_flip_080	hard_role_flip	L4	mobile crash triage	hard_role_flip_080	2	blind_gate_pass	pass	none	yes	admitted_after_blind_oracle_leakage_release_gates	blind/oracle gates plus local programmatic audits	blind/static-cue gate pass; query-aware oracle gate pass; local leakage/diversity pass; release-schema gate closed
hard::hard_role_flip_081	hard_role_flip	L3	mobile crash triage	hard_role_flip_081	2	blind_gate_pass	pass	none	yes	admitted_after_blind_oracle_leakage_release_gates	blind/oracle gates plus local programmatic audits	blind/static-cue gate pass; query-aware oracle gate pass; local leakage/diversity pass; release-schema gate closed
hard::hard_role_flip_082	hard_role_flip	L4	mobile crash triage	hard_role_flip_082	2	blind_gate_pass	pass	none	yes	admitted_after_blind_oracle_leakage_release_gates	blind/oracle gates plus local programmatic audits	blind/static-cue gate pass; query-aware oracle gate pass; local leakage/diversity pass; release-schema gate closed
hard::hard_role_flip_083	hard_role_flip	L3	mobile crash triage	hard_role_flip_083	2	blind_gate_pass	pass	none	yes	admitted_after_blind_oracle_leakage_release_gates	blind/oracle gates plus local programmatic audits	blind/static-cue gate pass; query-aware oracle gate pass; local leakage/diversity pass; release-schema gate closed
hard::hard_role_flip_084	hard_role_flip	L4	privacy request handling	hard_role_flip_084	2	blind_gate_pass	pass	none	yes	admitted_after_blind_oracle_leakage_release_gates	blind/oracle gates plus local programmatic audits	blind/static-cue gate pass; query-aware oracle gate pass; local leakage/diversity pass; release-schema gate closed
hard::hard_role_flip_085	hard_role_flip	L4	privacy request handling	hard_role_flip_085	2	blind_gate_pass	pass	none	yes	admitted_after_blind_oracle_leakage_release_gates	blind/oracle gates plus local programmatic audits	blind/static-cue gate pass; query-aware oracle gate pass; local leakage/diversity pass; release-schema gate closed
hard::hard_role_flip_086	hard_role_flip	L4	privacy request handling	hard_role_flip_086	2	blind_gate_pass	pass	none	yes	admitted_after_blind_oracle_leakage_release_gates	blind/oracle gates plus local programmatic audits	blind/static-cue gate pass; query-aware oracle gate pass; local leakage/diversity pass; release-schema gate closed
hard::hard_role_flip_087	hard_role_flip	L3	privacy request handling	hard_role_flip_087	2	blind_gate_pass	pass	none	yes	admitted_after_blind_oracle_leakage_release_gates	blind/oracle gates plus local programmatic audits	blind/static-cue gate pass; query-aware oracle gate pass; local leakage/diversity pass; release-schema gate closed
hard::hard_role_flip_088	hard_role_flip	L3	privacy request handling	hard_role_flip_088	2	blind_gate_pass	pass	none	yes	admitted_after_blind_oracle_leakage_release_gates	blind/oracle gates plus local programmatic audits	blind/static-cue gate pass; query-aware oracle gate pass; local leakage/diversity pass; release-schema gate closed
hard::hard_role_flip_089	hard_role_flip	L4	privacy request handling	hard_role_flip_089	2	blind_gate_pass	pass	none	yes	admitted_after_blind_oracle_leakage_release_gates	blind/oracle gates plus local programmatic audits	blind/static-cue gate pass; query-aware oracle gate pass; local leakage/diversity pass; release-schema gate closed
hard::hard_role_flip_090	hard_role_flip	L3	privacy request handling	hard_role_flip_090	2	blind_gate_pass	pass	none	yes	admitted_after_blind_oracle_leakage_release_gates	blind/oracle gates plus local programmatic audits	blind/static-cue gate pass; query-aware oracle gate pass; local leakage/diversity pass; release-schema gate closed
hard::hard_role_flip_091	hard_role_flip	L4	privacy request handling	hard_role_flip_091	2	blind_gate_pass	pass	none	yes	admitted_after_blind_oracle_leakage_release_gates	blind/oracle gates plus local programmatic audits	blind/static-cue gate pass; query-aware oracle gate pass; local leakage/diversity pass; release-schema gate closed
hard::hard_role_flip_092	hard_role_flip	L3	privacy request handling	hard_role_flip_092	2	blind_gate_pass	pass	none	yes	admitted_after_blind_oracle_leakage_release_gates	blind/oracle gates plus local programmatic audits	blind/static-cue gate pass; query-aware oracle gate pass; local leakage/diversity pass; release-schema gate closed
hard::hard_role_flip_093	hard_role_flip	L4	ad campaign analysis	hard_role_flip_093	2	blind_gate_pass	pass	none	yes	admitted_after_blind_oracle_leakage_release_gates	blind/oracle gates plus local programmatic audits	blind/static-cue gate pass; query-aware oracle gate pass; local leakage/diversity pass; release-schema gate closed
hard::hard_role_flip_094	hard_role_flip	L4	ad campaign analysis	hard_role_flip_094	2	blind_gate_pass	pass	none	yes	admitted_after_blind_oracle_leakage_release_gates	blind/oracle gates plus local programmatic audits	blind/static-cue gate pass; query-aware oracle gate pass; local leakage/diversity pass; release-schema gate closed
hard::hard_role_flip_095	hard_role_flip	L4	ad campaign analysis	hard_role_flip_095	2	blind_gate_pass	pass	none	yes	admitted_after_blind_oracle_leakage_release_gates	blind/oracle gates plus local programmatic audits	blind/static-cue gate pass; query-aware oracle gate pass; local leakage/diversity pass; release-schema gate closed
hard::hard_role_flip_096	hard_role_flip	L3	ad campaign analysis	hard_role_flip_096	2	blind_gate_pass	pass	none	yes	admitted_after_blind_oracle_leakage_release_gates	blind/oracle gates plus local programmatic audits	blind/static-cue gate pass; query-aware oracle gate pass; local leakage/diversity pass; release-schema gate closed
hard::hard_role_flip_097	hard_role_flip	L3	ad campaign analysis	hard_role_flip_097	2	blind_gate_pass	pass	none	yes	admitted_after_blind_oracle_leakage_release_gates	blind/oracle gates plus local programmatic audits	blind/static-cue gate pass; query-aware oracle gate pass; local leakage/diversity pass; release-schema gate closed
hard::hard_role_flip_098	hard_role_flip	L4	ad campaign analysis	hard_role_flip_098	2	blind_gate_pass	pass	none	yes	admitted_after_blind_oracle_leakage_release_gates	blind/oracle gates plus local programmatic audits	blind/static-cue gate pass; query-aware oracle gate pass; local leakage/diversity pass; release-schema gate closed
hard::hard_role_flip_099	hard_role_flip	L3	ad campaign analysis	hard_role_flip_099	2	blind_gate_pass	pass	none	yes	admitted_after_blind_oracle_leakage_release_gates	blind/oracle gates plus local programmatic audits	blind/static-cue gate pass; query-aware oracle gate pass; local leakage/diversity pass; release-schema gate closed
hard::hard_role_flip_100	hard_role_flip	L4	ad campaign analysis	hard_role_flip_100	2	blind_gate_pass	pass	none	yes	admitted_after_blind_oracle_leakage_release_gates	blind/oracle gates plus local programmatic audits	blind/static-cue gate pass; query-aware oracle gate pass; local leakage/diversity pass; release-schema gate closed
hard::hard_role_flip_101	hard_role_flip	L3	ad campaign analysis	hard_role_flip_101	2	blind_gate_pass	pass	none	yes	admitted_after_blind_oracle_leakage_release_gates	blind/oracle gates plus local programmatic audits	blind/static-cue gate pass; query-aware oracle gate pass; local leakage/diversity pass; release-schema gate closed
hard::hard_role_flip_102	hard_role_flip	L4	robot task replay	hard_role_flip_102	2	blind_gate_pass	pass	none	yes	admitted_after_blind_oracle_leakage_release_gates	blind/oracle gates plus local programmatic audits	blind/static-cue gate pass; query-aware oracle gate pass; local leakage/diversity pass; release-schema gate closed
hard::hard_role_flip_103	hard_role_flip	L4	robot task replay	hard_role_flip_103	2	blind_gate_pass	pass	none	yes	admitted_after_blind_oracle_leakage_release_gates	blind/oracle gates plus local programmatic audits	blind/static-cue gate pass; query-aware oracle gate pass; local leakage/diversity pass; release-schema gate closed
hard::hard_role_flip_104	hard_role_flip	L4	robot task replay	hard_role_flip_104	2	blind_gate_pass	pass	none	yes	admitted_after_blind_oracle_leakage_release_gates	blind/oracle gates plus local programmatic audits	blind/static-cue gate pass; query-aware oracle gate pass; local leakage/diversity pass; release-schema gate closed
hard::hard_role_flip_105	hard_role_flip	L3	robot task replay	hard_role_flip_105	2	blind_gate_pass	pass	none	yes	admitted_after_blind_oracle_leakage_release_gates	blind/oracle gates plus local programmatic audits	blind/static-cue gate pass; query-aware oracle gate pass; local leakage/diversity pass; release-schema gate closed
hard::hard_role_flip_106	hard_role_flip	L3	robot task replay	hard_role_flip_106	2	blind_gate_pass	pass	none	yes	admitted_after_blind_oracle_leakage_release_gates	blind/oracle gates plus local programmatic audits	blind/static-cue gate pass; query-aware oracle gate pass; local leakage/diversity pass; release-schema gate closed
hard::hard_role_flip_107	hard_role_flip	L4	robot task replay	hard_role_flip_107	2	blind_gate_pass	pass	none	yes	admitted_after_blind_oracle_leakage_release_gates	blind/oracle gates plus local programmatic audits	blind/static-cue gate pass; query-aware oracle gate pass; local leakage/diversity pass; release-schema gate closed
hard::hard_role_flip_108	hard_role_flip	L3	robot task replay	hard_role_flip_108	2	blind_gate_pass	pass	none	yes	admitted_after_blind_oracle_leakage_release_gates	blind/oracle gates plus local programmatic audits	blind/static-cue gate pass; query-aware oracle gate pass; local leakage/diversity pass; release-schema gate closed
hard::hard_role_flip_109	hard_role_flip	L4	robot task replay	hard_role_flip_109	2	blind_gate_pass	pass	none	yes	admitted_after_blind_oracle_leakage_release_gates	blind/oracle gates plus local programmatic audits	blind/static-cue gate pass; query-aware oracle gate pass; local leakage/diversity pass; release-schema gate closed
hard::hard_role_flip_110	hard_role_flip	L3	robot task replay	hard_role_flip_110	2	blind_gate_pass	pass	none	yes	admitted_after_blind_oracle_leakage_release_gates	blind/oracle gates plus local programmatic audits	blind/static-cue gate pass; query-aware oracle gate pass; local leakage/diversity pass; release-schema gate closed
hard::hard_role_flip_111	hard_role_flip	L4	scientific figure reproduction	hard_role_flip_111	2	blind_gate_pass	pass	none	yes	admitted_after_blind_oracle_leakage_release_gates	blind/oracle gates plus local programmatic audits	blind/static-cue gate pass; query-aware oracle gate pass; local leakage/diversity pass; release-schema gate closed
hard::hard_role_flip_112	hard_role_flip	L4	scientific figure reproduction	hard_role_flip_112	2	blind_gate_pass	pass	none	yes	admitted_after_blind_oracle_leakage_release_gates	blind/oracle gates plus local programmatic audits	blind/static-cue gate pass; query-aware oracle gate pass; local leakage/diversity pass; release-schema gate closed
hard::hard_role_flip_113	hard_role_flip	L4	scientific figure reproduction	hard_role_flip_113	2	blind_gate_pass	pass	none	yes	admitted_after_blind_oracle_leakage_release_gates	blind/oracle gates plus local programmatic audits	blind/static-cue gate pass; query-aware oracle gate pass; local leakage/diversity pass; release-schema gate closed
hard::hard_role_flip_114	hard_role_flip	L3	scientific figure reproduction	hard_role_flip_114	2	blind_gate_pass	pass	none	yes	admitted_after_blind_oracle_leakage_release_gates	blind/oracle gates plus local programmatic audits	blind/static-cue gate pass; query-aware oracle gate pass; local leakage/diversity pass; release-schema gate closed
hard::hard_role_flip_115	hard_role_flip	L3	scientific figure reproduction	hard_role_flip_115	2	blind_gate_pass	pass	none	yes	admitted_after_blind_oracle_leakage_release_gates	blind/oracle gates plus local programmatic audits	blind/static-cue gate pass; query-aware oracle gate pass; local leakage/diversity pass; release-schema gate closed
hard::hard_role_flip_116	hard_role_flip	L4	scientific figure reproduction	hard_role_flip_116	2	blind_gate_pass	pass	none	yes	admitted_after_blind_oracle_leakage_release_gates	blind/oracle gates plus local programmatic audits	blind/static-cue gate pass; query-aware oracle gate pass; local leakage/diversity pass; release-schema gate closed
hard::hard_role_flip_117	hard_role_flip	L3	scientific figure reproduction	hard_role_flip_117	2	blind_gate_pass	pass	none	yes	admitted_after_blind_oracle_leakage_release_gates	blind/oracle gates plus local programmatic audits	blind/static-cue gate pass; query-aware oracle gate pass; local leakage/diversity pass; release-schema gate closed
hard::hard_role_flip_118	hard_role_flip	L4	scientific figure reproduction	hard_role_flip_118	2	blind_gate_pass	pass	none	yes	admitted_after_blind_oracle_leakage_release_gates	blind/oracle gates plus local programmatic audits	blind/static-cue gate pass; query-aware oracle gate pass; local leakage/diversity pass; release-schema gate closed
hard::hard_role_flip_119	hard_role_flip	L3	scientific figure reproduction	hard_role_flip_119	2	blind_gate_pass	pass	none	yes	admitted_after_blind_oracle_leakage_release_gates	blind/oracle gates plus local programmatic audits	blind/static-cue gate pass; query-aware oracle gate pass; local leakage/diversity pass; release-schema gate closed
hard::hard_role_flip_120	hard_role_flip	L4	warehouse reconciliation	hard_role_flip_120	2	blind_gate_pass	pass	none	yes	admitted_after_blind_oracle_leakage_release_gates	blind/oracle gates plus local programmatic audits	blind/static-cue gate pass; query-aware oracle gate pass; local leakage/diversity pass; release-schema gate closed
hard::hard_role_flip_121	hard_role_flip	L4	warehouse reconciliation	hard_role_flip_121	2	blind_gate_pass	pass	none	yes	admitted_after_blind_oracle_leakage_release_gates	blind/oracle gates plus local programmatic audits	blind/static-cue gate pass; query-aware oracle gate pass; local leakage/diversity pass; release-schema gate closed
hard::hard_role_flip_122	hard_role_flip	L4	warehouse reconciliation	hard_role_flip_122	2	blind_gate_pass	pass	none	yes	admitted_after_blind_oracle_leakage_release_gates	blind/oracle gates plus local programmatic audits	blind/static-cue gate pass; query-aware oracle gate pass; local leakage/diversity pass; release-schema gate closed
hard::hard_role_flip_123	hard_role_flip	L3	warehouse reconciliation	hard_role_flip_123	2	blind_gate_pass	pass	none	yes	admitted_after_blind_oracle_leakage_release_gates	blind/oracle gates plus local programmatic audits	blind/static-cue gate pass; query-aware oracle gate pass; local leakage/diversity pass; release-schema gate closed
hard::hard_role_flip_124	hard_role_flip	L3	warehouse reconciliation	hard_role_flip_124	2	blind_gate_pass	pass	none	yes	admitted_after_blind_oracle_leakage_release_gates	blind/oracle gates plus local programmatic audits	blind/static-cue gate pass; query-aware oracle gate pass; local leakage/diversity pass; release-schema gate closed
hard::hard_role_flip_125	hard_role_flip	L4	warehouse reconciliation	hard_role_flip_125	2	blind_gate_pass	pass	none	yes	admitted_after_blind_oracle_leakage_release_gates	blind/oracle gates plus local programmatic audits	blind/static-cue gate pass; query-aware oracle gate pass; local leakage/diversity pass; release-schema gate closed
hard::hard_role_flip_126	hard_role_flip	L3	warehouse reconciliation	hard_role_flip_126	2	blind_gate_pass	pass	none	yes	admitted_after_blind_oracle_leakage_release_gates	blind/oracle gates plus local programmatic audits	blind/static-cue gate pass; query-aware oracle gate pass; local leakage/diversity pass; release-schema gate closed
hard::hard_role_flip_127	hard_role_flip	L4	warehouse reconciliation	hard_role_flip_127	2	blind_gate_pass	pass	none	yes	admitted_after_blind_oracle_leakage_release_gates	blind/oracle gates plus local programmatic audits	blind/static-cue gate pass; query-aware oracle gate pass; local leakage/diversity pass; release-schema gate closed
hard::hard_role_flip_128	hard_role_flip	L3	warehouse reconciliation	hard_role_flip_128	2	blind_gate_pass	pass	none	yes	admitted_after_blind_oracle_leakage_release_gates	blind/oracle gates plus local programmatic audits	blind/static-cue gate pass; query-aware oracle gate pass; local leakage/diversity pass; release-schema gate closed
hard::hard_role_flip_129	hard_role_flip	L4	clinical cohort extraction	hard_role_flip_129	2	blind_gate_pass	pass	none	yes	admitted_after_blind_oracle_leakage_release_gates	blind/oracle gates plus local programmatic audits	blind/static-cue gate pass; query-aware oracle gate pass; local leakage/diversity pass; release-schema gate closed
hard::hard_role_flip_130	hard_role_flip	L4	clinical cohort extraction	hard_role_flip_130	2	blind_gate_pass	pass	none	yes	admitted_after_blind_oracle_leakage_release_gates	blind/oracle gates plus local programmatic audits	blind/static-cue gate pass; query-aware oracle gate pass; local leakage/diversity pass; release-schema gate closed
hard::hard_role_flip_131	hard_role_flip	L4	clinical cohort extraction	hard_role_flip_131	2	blind_gate_pass	pass	none	yes	admitted_after_blind_oracle_leakage_release_gates	blind/oracle gates plus local programmatic audits	blind/static-cue gate pass; query-aware oracle gate pass; local leakage/diversity pass; release-schema gate closed
hard::hard_role_flip_132	hard_role_flip	L3	clinical cohort extraction	hard_role_flip_132	2	blind_gate_pass	pass	none	yes	admitted_after_blind_oracle_leakage_release_gates	blind/oracle gates plus local programmatic audits	blind/static-cue gate pass; query-aware oracle gate pass; local leakage/diversity pass; release-schema gate closed
hard::hard_role_flip_133	hard_role_flip	L3	clinical cohort extraction	hard_role_flip_133	2	blind_gate_pass	pass	none	yes	admitted_after_blind_oracle_leakage_release_gates	blind/oracle gates plus local programmatic audits	blind/static-cue gate pass; query-aware oracle gate pass; local leakage/diversity pass; release-schema gate closed
hard::hard_role_flip_134	hard_role_flip	L4	clinical cohort extraction	hard_role_flip_134	2	blind_gate_pass	pass	none	yes	admitted_after_blind_oracle_leakage_release_gates	blind/oracle gates plus local programmatic audits	blind/static-cue gate pass; query-aware oracle gate pass; local leakage/diversity pass; release-schema gate closed
hard::hard_role_flip_135	hard_role_flip	L3	clinical cohort extraction	hard_role_flip_135	2	blind_gate_pass	pass	none	yes	admitted_after_blind_oracle_leakage_release_gates	blind/oracle gates plus local programmatic audits	blind/static-cue gate pass; query-aware oracle gate pass; local leakage/diversity pass; release-schema gate closed
hard::hard_role_flip_136	hard_role_flip	L4	clinical cohort extraction	hard_role_flip_136	2	blind_gate_pass	pass	none	yes	admitted_after_blind_oracle_leakage_release_gates	blind/oracle gates plus local programmatic audits	blind/static-cue gate pass; query-aware oracle gate pass; local leakage/diversity pass; release-schema gate closed
hard::hard_role_flip_137	hard_role_flip	L3	clinical cohort extraction	hard_role_flip_137	2	blind_gate_pass	pass	none	yes	admitted_after_blind_oracle_leakage_release_gates	blind/oracle gates plus local programmatic audits	blind/static-cue gate pass; query-aware oracle gate pass; local leakage/diversity pass; release-schema gate closed
hard::hard_role_flip_138	hard_role_flip	L4	customer support routing	hard_role_flip_138	2	blind_gate_pass	pass	none	yes	admitted_after_blind_oracle_leakage_release_gates	blind/oracle gates plus local programmatic audits	blind/static-cue gate pass; query-aware oracle gate pass; local leakage/diversity pass; release-schema gate closed
hard::hard_role_flip_139	hard_role_flip	L4	customer support routing	hard_role_flip_139	2	blind_gate_pass	pass	none	yes	admitted_after_blind_oracle_leakage_release_gates	blind/oracle gates plus local programmatic audits	blind/static-cue gate pass; query-aware oracle gate pass; local leakage/diversity pass; release-schema gate closed
hard::hard_role_flip_140	hard_role_flip	L4	customer support routing	hard_role_flip_140	2	blind_gate_pass	pass	none	yes	admitted_after_blind_oracle_leakage_release_gates	blind/oracle gates plus local programmatic audits	blind/static-cue gate pass; query-aware oracle gate pass; local leakage/diversity pass; release-schema gate closed
hard::hard_role_flip_141	hard_role_flip	L3	customer support routing	hard_role_flip_141	2	blind_gate_pass	pass	none	yes	admitted_after_blind_oracle_leakage_release_gates	blind/oracle gates plus local programmatic audits	blind/static-cue gate pass; query-aware oracle gate pass; local leakage/diversity pass; release-schema gate closed
hard::hard_role_flip_142	hard_role_flip	L3	customer support routing	hard_role_flip_142	2	blind_gate_pass	pass	none	yes	admitted_after_blind_oracle_leakage_release_gates	blind/oracle gates plus local programmatic audits	blind/static-cue gate pass; query-aware oracle gate pass; local leakage/diversity pass; release-schema gate closed
hard::hard_role_flip_143	hard_role_flip	L4	customer support routing	hard_role_flip_143	2	blind_gate_pass	pass	none	yes	admitted_after_blind_oracle_leakage_release_gates	blind/oracle gates plus local programmatic audits	blind/static-cue gate pass; query-aware oracle gate pass; local leakage/diversity pass; release-schema gate closed
hard::hard_role_flip_144	hard_role_flip	L3	customer support routing	hard_role_flip_144	2	blind_gate_pass	pass	none	yes	admitted_after_blind_oracle_leakage_release_gates	blind/oracle gates plus local programmatic audits	blind/static-cue gate pass; query-aware oracle gate pass; local leakage/diversity pass; release-schema gate closed
hard::hard_role_flip_145	hard_role_flip	L4	customer support routing	hard_role_flip_145	2	blind_gate_pass	pass	none	yes	admitted_after_blind_oracle_leakage_release_gates	blind/oracle gates plus local programmatic audits	blind/static-cue gate pass; query-aware oracle gate pass; local leakage/diversity pass; release-schema gate closed
hard::hard_role_flip_146	hard_role_flip	L3	customer support routing	hard_role_flip_146	2	blind_gate_pass	pass	none	yes	admitted_after_blind_oracle_leakage_release_gates	blind/oracle gates plus local programmatic audits	blind/static-cue gate pass; query-aware oracle gate pass; local leakage/diversity pass; release-schema gate closed
hard::hard_role_flip_147	hard_role_flip	L4	code review triage	hard_role_flip_147	2	blind_gate_pass	pass	none	yes	admitted_after_blind_oracle_leakage_release_gates	blind/oracle gates plus local programmatic audits	blind/static-cue gate pass; query-aware oracle gate pass; local leakage/diversity pass; release-schema gate closed
hard::hard_role_flip_148	hard_role_flip	L4	code review triage	hard_role_flip_148	2	blind_gate_pass	pass	none	yes	admitted_after_blind_oracle_leakage_release_gates	blind/oracle gates plus local programmatic audits	blind/static-cue gate pass; query-aware oracle gate pass; local leakage/diversity pass; release-schema gate closed
hard::hard_role_flip_149	hard_role_flip	L4	code review triage	hard_role_flip_149	2	blind_gate_pass	pass	none	yes	admitted_after_blind_oracle_leakage_release_gates	blind/oracle gates plus local programmatic audits	blind/static-cue gate pass; query-aware oracle gate pass; local leakage/diversity pass; release-schema gate closed
hard::hard_role_flip_150	hard_role_flip	L3	code review triage	hard_role_flip_150	2	blind_gate_pass	pass	none	yes	admitted_after_blind_oracle_leakage_release_gates	blind/oracle gates plus local programmatic audits	blind/static-cue gate pass; query-aware oracle gate pass; local leakage/diversity pass; release-schema gate closed
hard::hard_role_flip_151	hard_role_flip	L3	code review triage	hard_role_flip_151	2	blind_gate_pass	pass	none	yes	admitted_after_blind_oracle_leakage_release_gates	blind/oracle gates plus local programmatic audits	blind/static-cue gate pass; query-aware oracle gate pass; local leakage/diversity pass; release-schema gate closed
hard::hard_role_flip_152	hard_role_flip	L4	code review triage	hard_role_flip_152	2	blind_gate_pass	pass	none	yes	admitted_after_blind_oracle_leakage_release_gates	blind/oracle gates plus local programmatic audits	blind/static-cue gate pass; query-aware oracle gate pass; local leakage/diversity pass; release-schema gate closed
hard::hard_role_flip_153	hard_role_flip	L3	code review triage	hard_role_flip_153	2	blind_gate_pass	pass	none	yes	admitted_after_blind_oracle_leakage_release_gates	blind/oracle gates plus local programmatic audits	blind/static-cue gate pass; query-aware oracle gate pass; local leakage/diversity pass; release-schema gate closed
hard::hard_role_flip_154	hard_role_flip	L4	code review triage	hard_role_flip_154	2	blind_gate_pass	pass	none	yes	admitted_after_blind_oracle_leakage_release_gates	blind/oracle gates plus local programmatic audits	blind/static-cue gate pass; query-aware oracle gate pass; local leakage/diversity pass; release-schema gate closed
hard::hard_role_flip_155	hard_role_flip	L3	code review triage	hard_role_flip_155	2	blind_gate_pass	pass	none	yes	admitted_after_blind_oracle_leakage_release_gates	blind/oracle gates plus local programmatic audits	blind/static-cue gate pass; query-aware oracle gate pass; local leakage/diversity pass; release-schema gate closed
hard::hard_role_flip_156	hard_role_flip	L4	geospatial address matching	hard_role_flip_156	2	blind_gate_pass	pass	none	yes	admitted_after_blind_oracle_leakage_release_gates	blind/oracle gates plus local programmatic audits	blind/static-cue gate pass; query-aware oracle gate pass; local leakage/diversity pass; release-schema gate closed
hard::hard_role_flip_157	hard_role_flip	L4	geospatial address matching	hard_role_flip_157	2	blind_gate_pass	pass	none	yes	admitted_after_blind_oracle_leakage_release_gates	blind/oracle gates plus local programmatic audits	blind/static-cue gate pass; query-aware oracle gate pass; local leakage/diversity pass; release-schema gate closed
hard::hard_role_flip_158	hard_role_flip	L4	geospatial address matching	hard_role_flip_158	2	blind_gate_pass	pass	none	yes	admitted_after_blind_oracle_leakage_release_gates	blind/oracle gates plus local programmatic audits	blind/static-cue gate pass; query-aware oracle gate pass; local leakage/diversity pass; release-schema gate closed
hard::hard_role_flip_159	hard_role_flip	L3	geospatial address matching	hard_role_flip_159	2	blind_gate_pass	pass	none	yes	admitted_after_blind_oracle_leakage_release_gates	blind/oracle gates plus local programmatic audits	blind/static-cue gate pass; query-aware oracle gate pass; local leakage/diversity pass; release-schema gate closed
hard::hard_role_flip_160	hard_role_flip	L3	geospatial address matching	hard_role_flip_160	2	blind_gate_pass	pass	none	yes	admitted_after_blind_oracle_leakage_release_gates	blind/oracle gates plus local programmatic audits	blind/static-cue gate pass; query-aware oracle gate pass; local leakage/diversity pass; release-schema gate closed
hard::hard_role_flip_161	hard_role_flip	L4	geospatial address matching	hard_role_flip_161	2	blind_gate_pass	pass	none	yes	admitted_after_blind_oracle_leakage_release_gates	blind/oracle gates plus local programmatic audits	blind/static-cue gate pass; query-aware oracle gate pass; local leakage/diversity pass; release-schema gate closed
hard::hard_role_flip_162	hard_role_flip	L3	geospatial address matching	hard_role_flip_162	2	blind_gate_pass	pass	none	yes	admitted_after_blind_oracle_leakage_release_gates	blind/oracle gates plus local programmatic audits	blind/static-cue gate pass; query-aware oracle gate pass; local leakage/diversity pass; release-schema gate closed
hard::hard_role_flip_163	hard_role_flip	L4	geospatial address matching	hard_role_flip_163	2	blind_gate_pass	pass	none	yes	admitted_after_blind_oracle_leakage_release_gates	blind/oracle gates plus local programmatic audits	blind/static-cue gate pass; query-aware oracle gate pass; local leakage/diversity pass; release-schema gate closed
hard::hard_role_flip_164	hard_role_flip	L3	geospatial address matching	hard_role_flip_164	2	blind_gate_pass	pass	none	yes	admitted_after_blind_oracle_leakage_release_gates	blind/oracle gates plus local programmatic audits	blind/static-cue gate pass; query-aware oracle gate pass; local leakage/diversity pass; release-schema gate closed
hard::hard_role_flip_165	hard_role_flip	L4	logistics route planning	hard_role_flip_165	2	blind_gate_pass	pass	none	yes	admitted_after_blind_oracle_leakage_release_gates	blind/oracle gates plus local programmatic audits	blind/static-cue gate pass; query-aware oracle gate pass; local leakage/diversity pass; release-schema gate closed
hard::hard_role_flip_166	hard_role_flip	L4	logistics route planning	hard_role_flip_166	2	blind_gate_pass	pass	none	yes	admitted_after_blind_oracle_leakage_release_gates	blind/oracle gates plus local programmatic audits	blind/static-cue gate pass; query-aware oracle gate pass; local leakage/diversity pass; release-schema gate closed
hard::hard_role_flip_167	hard_role_flip	L4	logistics route planning	hard_role_flip_167	2	blind_gate_pass	pass	none	yes	admitted_after_blind_oracle_leakage_release_gates	blind/oracle gates plus local programmatic audits	blind/static-cue gate pass; query-aware oracle gate pass; local leakage/diversity pass; release-schema gate closed
hard::hard_role_flip_168	hard_role_flip	L3	logistics route planning	hard_role_flip_168	2	blind_gate_pass	pass	none	yes	admitted_after_blind_oracle_leakage_release_gates	blind/oracle gates plus local programmatic audits	blind/static-cue gate pass; query-aware oracle gate pass; local leakage/diversity pass; release-schema gate closed
hard::hard_role_flip_169	hard_role_flip	L3	logistics route planning	hard_role_flip_169	2	blind_gate_pass	pass	none	yes	admitted_after_blind_oracle_leakage_release_gates	blind/oracle gates plus local programmatic audits	blind/static-cue gate pass; query-aware oracle gate pass; local leakage/diversity pass; release-schema gate closed
hard::hard_role_flip_170	hard_role_flip	L4	logistics route planning	hard_role_flip_170	2	blind_gate_pass	pass	none	yes	admitted_after_blind_oracle_leakage_release_gates	blind/oracle gates plus local programmatic audits	blind/static-cue gate pass; query-aware oracle gate pass; local leakage/diversity pass; release-schema gate closed
hard::hard_role_flip_171	hard_role_flip	L3	logistics route planning	hard_role_flip_171	2	blind_gate_pass	pass	none	yes	admitted_after_blind_oracle_leakage_release_gates	blind/oracle gates plus local programmatic audits	blind/static-cue gate pass; query-aware oracle gate pass; local leakage/diversity pass; release-schema gate closed
hard::hard_role_flip_172	hard_role_flip	L4	logistics route planning	hard_role_flip_172	2	blind_gate_pass	pass	none	yes	admitted_after_blind_oracle_leakage_release_gates	blind/oracle gates plus local programmatic audits	blind/static-cue gate pass; query-aware oracle gate pass; local leakage/diversity pass; release-schema gate closed
hard::hard_role_flip_173	hard_role_flip	L3	logistics route planning	hard_role_flip_173	2	blind_gate_pass	pass	none	yes	admitted_after_blind_oracle_leakage_release_gates	blind/oracle gates plus local programmatic audits	blind/static-cue gate pass; query-aware oracle gate pass; local leakage/diversity pass; release-schema gate closed
hard::hard_role_flip_174	hard_role_flip	L4	financial statement audit	hard_role_flip_174	2	blind_gate_pass	pass	none	yes	admitted_after_blind_oracle_leakage_release_gates	blind/oracle gates plus local programmatic audits	blind/static-cue gate pass; query-aware oracle gate pass; local leakage/diversity pass; release-schema gate closed
hard::hard_role_flip_175	hard_role_flip	L4	financial statement audit	hard_role_flip_175	2	blind_gate_pass	pass	none	yes	admitted_after_blind_oracle_leakage_release_gates	blind/oracle gates plus local programmatic audits	blind/static-cue gate pass; query-aware oracle gate pass; local leakage/diversity pass; release-schema gate closed
hard::hard_role_flip_176	hard_role_flip	L4	financial statement audit	hard_role_flip_176	2	blind_gate_pass	pass	none	yes	admitted_after_blind_oracle_leakage_release_gates	blind/oracle gates plus local programmatic audits	blind/static-cue gate pass; query-aware oracle gate pass; local leakage/diversity pass; release-schema gate closed
hard::hard_role_flip_177	hard_role_flip	L3	financial statement audit	hard_role_flip_177	2	blind_gate_pass	pass	none	yes	admitted_after_blind_oracle_leakage_release_gates	blind/oracle gates plus local programmatic audits	blind/static-cue gate pass; query-aware oracle gate pass; local leakage/diversity pass; release-schema gate closed
hard::hard_role_flip_178	hard_role_flip	L3	financial statement audit	hard_role_flip_178	2	blind_gate_pass	pass	none	yes	admitted_after_blind_oracle_leakage_release_gates	blind/oracle gates plus local programmatic audits	blind/static-cue gate pass; query-aware oracle gate pass; local leakage/diversity pass; release-schema gate closed
hard::hard_role_flip_179	hard_role_flip	L4	financial statement audit	hard_role_flip_179	2	blind_gate_pass	pass	none	yes	admitted_after_blind_oracle_leakage_release_gates	blind/oracle gates plus local programmatic audits	blind/static-cue gate pass; query-aware oracle gate pass; local leakage/diversity pass; release-schema gate closed
hard::hard_role_flip_180	hard_role_flip	L3	financial statement audit	hard_role_flip_180	2	blind_gate_pass	pass	none	yes	admitted_after_blind_oracle_leakage_release_gates	blind/oracle gates plus local programmatic audits	blind/static-cue gate pass; query-aware oracle gate pass; local leakage/diversity pass; release-schema gate closed
hard::hard_role_flip_181	hard_role_flip	L4	financial statement audit	hard_role_flip_181	2	blind_gate_pass	pass	none	yes	admitted_after_blind_oracle_leakage_release_gates	blind/oracle gates plus local programmatic audits	blind/static-cue gate pass; query-aware oracle gate pass; local leakage/diversity pass; release-schema gate closed
hard::hard_role_flip_182	hard_role_flip	L3	financial statement audit	hard_role_flip_182	2	blind_gate_pass	pass	none	yes	admitted_after_blind_oracle_leakage_release_gates	blind/oracle gates plus local programmatic audits	blind/static-cue gate pass; query-aware oracle gate pass; local leakage/diversity pass; release-schema gate closed
hard::hard_role_flip_183	hard_role_flip	L4	education rubric scoring	hard_role_flip_183	2	blind_gate_pass	pass	none	yes	admitted_after_blind_oracle_leakage_release_gates	blind/oracle gates plus local programmatic audits	blind/static-cue gate pass; query-aware oracle gate pass; local leakage/diversity pass; release-schema gate closed
hard::hard_role_flip_184	hard_role_flip	L4	education rubric scoring	hard_role_flip_184	2	blind_gate_pass	pass	none	yes	admitted_after_blind_oracle_leakage_release_gates	blind/oracle gates plus local programmatic audits	blind/static-cue gate pass; query-aware oracle gate pass; local leakage/diversity pass; release-schema gate closed
hard::hard_role_flip_185	hard_role_flip	L4	education rubric scoring	hard_role_flip_185	2	blind_gate_pass	pass	none	yes	admitted_after_blind_oracle_leakage_release_gates	blind/oracle gates plus local programmatic audits	blind/static-cue gate pass; query-aware oracle gate pass; local leakage/diversity pass; release-schema gate closed
hard::hard_role_flip_186	hard_role_flip	L3	education rubric scoring	hard_role_flip_186	2	blind_gate_pass	pass	none	yes	admitted_after_blind_oracle_leakage_release_gates	blind/oracle gates plus local programmatic audits	blind/static-cue gate pass; query-aware oracle gate pass; local leakage/diversity pass; release-schema gate closed
hard::hard_role_flip_187	hard_role_flip	L3	education rubric scoring	hard_role_flip_187	2	blind_gate_pass	pass	none	yes	admitted_after_blind_oracle_leakage_release_gates	blind/oracle gates plus local programmatic audits	blind/static-cue gate pass; query-aware oracle gate pass; local leakage/diversity pass; release-schema gate closed
hard::hard_role_flip_188	hard_role_flip	L4	education rubric scoring	hard_role_flip_188	2	blind_gate_pass	pass	none	yes	admitted_after_blind_oracle_leakage_release_gates	blind/oracle gates plus local programmatic audits	blind/static-cue gate pass; query-aware oracle gate pass; local leakage/diversity pass; release-schema gate closed
hard::hard_role_flip_189	hard_role_flip	L3	education rubric scoring	hard_role_flip_189	2	blind_gate_pass	pass	none	yes	admitted_after_blind_oracle_leakage_release_gates	blind/oracle gates plus local programmatic audits	blind/static-cue gate pass; query-aware oracle gate pass; local leakage/diversity pass; release-schema gate closed
hard::hard_role_flip_190	hard_role_flip	L4	education rubric scoring	hard_role_flip_190	2	blind_gate_pass	pass	none	yes	admitted_after_blind_oracle_leakage_release_gates	blind/oracle gates plus local programmatic audits	blind/static-cue gate pass; query-aware oracle gate pass; local leakage/diversity pass; release-schema gate closed
hard::hard_role_flip_191	hard_role_flip	L3	education rubric scoring	hard_role_flip_191	2	blind_gate_pass	pass	none	yes	admitted_after_blind_oracle_leakage_release_gates	blind/oracle gates plus local programmatic audits	blind/static-cue gate pass; query-aware oracle gate pass; local leakage/diversity pass; release-schema gate closed
hard::hard_role_flip_192	hard_role_flip	L4	security access review	hard_role_flip_192	2	blind_gate_pass	pass	none	yes	admitted_after_blind_oracle_leakage_release_gates	blind/oracle gates plus local programmatic audits	blind/static-cue gate pass; query-aware oracle gate pass; local leakage/diversity pass; release-schema gate closed
hard::hard_role_flip_193	hard_role_flip	L4	security access review	hard_role_flip_193	2	blind_gate_pass	pass	none	yes	admitted_after_blind_oracle_leakage_release_gates	blind/oracle gates plus local programmatic audits	blind/static-cue gate pass; query-aware oracle gate pass; local leakage/diversity pass; release-schema gate closed
hard::hard_role_flip_194	hard_role_flip	L4	security access review	hard_role_flip_194	2	blind_gate_pass	pass	none	yes	admitted_after_blind_oracle_leakage_release_gates	blind/oracle gates plus local programmatic audits	blind/static-cue gate pass; query-aware oracle gate pass; local leakage/diversity pass; release-schema gate closed
hard::hard_role_flip_195	hard_role_flip	L3	security access review	hard_role_flip_195	2	blind_gate_pass	pass	none	yes	admitted_after_blind_oracle_leakage_release_gates	blind/oracle gates plus local programmatic audits	blind/static-cue gate pass; query-aware oracle gate pass; local leakage/diversity pass; release-schema gate closed
hard::hard_role_flip_196	hard_role_flip	L3	security access review	hard_role_flip_196	2	blind_gate_pass	pass	none	yes	admitted_after_blind_oracle_leakage_release_gates	blind/oracle gates plus local programmatic audits	blind/static-cue gate pass; query-aware oracle gate pass; local leakage/diversity pass; release-schema gate closed
hard::hard_role_flip_197	hard_role_flip	L4	security access review	hard_role_flip_197	2	blind_gate_pass	pass	none	yes	admitted_after_blind_oracle_leakage_release_gates	blind/oracle gates plus local programmatic audits	blind/static-cue gate pass; query-aware oracle gate pass; local leakage/diversity pass; release-schema gate closed
hard::hard_role_flip_198	hard_role_flip	L3	security access review	hard_role_flip_198	2	blind_gate_pass	pass	none	yes	admitted_after_blind_oracle_leakage_release_gates	blind/oracle gates plus local programmatic audits	blind/static-cue gate pass; query-aware oracle gate pass; local leakage/diversity pass; release-schema gate closed
hard::hard_role_flip_199	hard_role_flip	L4	security access review	hard_role_flip_199	2	blind_gate_pass	pass	none	yes	admitted_after_blind_oracle_leakage_release_gates	blind/oracle gates plus local programmatic audits	blind/static-cue gate pass; query-aware oracle gate pass; local leakage/diversity pass; release-schema gate closed
hard::hard_role_flip_200	hard_role_flip	L3	security access review	hard_role_flip_200	2	blind_gate_pass	pass	none	yes	admitted_after_blind_oracle_leakage_release_gates	blind/oracle gates plus local programmatic audits	blind/static-cue gate pass; query-aware oracle gate pass; local leakage/diversity pass; release-schema gate closed
hard::hard_role_flip_201	hard_role_flip	L4	email campaign QA	hard_role_flip_201	2	blind_gate_pass	pass	none	yes	admitted_after_blind_oracle_leakage_release_gates	blind/oracle gates plus local programmatic audits	blind/static-cue gate pass; query-aware oracle gate pass; local leakage/diversity pass; release-schema gate closed
hard::hard_role_flip_202	hard_role_flip	L4	email campaign QA	hard_role_flip_202	2	blind_gate_pass	pass	none	yes	admitted_after_blind_oracle_leakage_release_gates	blind/oracle gates plus local programmatic audits	blind/static-cue gate pass; query-aware oracle gate pass; local leakage/diversity pass; release-schema gate closed
hard::hard_role_flip_203	hard_role_flip	L4	email campaign QA	hard_role_flip_203	2	blind_gate_pass	pass	none	yes	admitted_after_blind_oracle_leakage_release_gates	blind/oracle gates plus local programmatic audits	blind/static-cue gate pass; query-aware oracle gate pass; local leakage/diversity pass; release-schema gate closed
hard::hard_role_flip_204	hard_role_flip	L3	email campaign QA	hard_role_flip_204	2	blind_gate_pass	pass	none	yes	admitted_after_blind_oracle_leakage_release_gates	blind/oracle gates plus local programmatic audits	blind/static-cue gate pass; query-aware oracle gate pass; local leakage/diversity pass; release-schema gate closed
hard::hard_role_flip_205	hard_role_flip	L3	email campaign QA	hard_role_flip_205	2	blind_gate_pass	pass	none	yes	admitted_after_blind_oracle_leakage_release_gates	blind/oracle gates plus local programmatic audits	blind/static-cue gate pass; query-aware oracle gate pass; local leakage/diversity pass; release-schema gate closed
hard::hard_role_flip_206	hard_role_flip	L4	email campaign QA	hard_role_flip_206	2	blind_gate_pass	pass	none	yes	admitted_after_blind_oracle_leakage_release_gates	blind/oracle gates plus local programmatic audits	blind/static-cue gate pass; query-aware oracle gate pass; local leakage/diversity pass; release-schema gate closed
hard::hard_role_flip_207	hard_role_flip	L3	email campaign QA	hard_role_flip_207	2	blind_gate_pass	pass	none	yes	admitted_after_blind_oracle_leakage_release_gates	blind/oracle gates plus local programmatic audits	blind/static-cue gate pass; query-aware oracle gate pass; local leakage/diversity pass; release-schema gate closed
hard::hard_role_flip_208	hard_role_flip	L4	email campaign QA	hard_role_flip_208	2	blind_gate_pass	pass	none	yes	admitted_after_blind_oracle_leakage_release_gates	blind/oracle gates plus local programmatic audits	blind/static-cue gate pass; query-aware oracle gate pass; local leakage/diversity pass; release-schema gate closed
hard::hard_role_flip_209	hard_role_flip	L3	email campaign QA	hard_role_flip_209	2	blind_gate_pass	pass	none	yes	admitted_after_blind_oracle_leakage_release_gates	blind/oracle gates plus local programmatic audits	blind/static-cue gate pass; query-aware oracle gate pass; local leakage/diversity pass; release-schema gate closed
hard::hard_role_flip_210	hard_role_flip	L4	energy usage analysis	hard_role_flip_210	2	blind_gate_pass	pass	none	yes	admitted_after_blind_oracle_leakage_release_gates	blind/oracle gates plus local programmatic audits	blind/static-cue gate pass; query-aware oracle gate pass; local leakage/diversity pass; release-schema gate closed
hard::hard_role_flip_211	hard_role_flip	L4	energy usage analysis	hard_role_flip_211	2	blind_gate_pass	pass	none	yes	admitted_after_blind_oracle_leakage_release_gates	blind/oracle gates plus local programmatic audits	blind/static-cue gate pass; query-aware oracle gate pass; local leakage/diversity pass; release-schema gate closed
hard::hard_role_flip_212	hard_role_flip	L4	energy usage analysis	hard_role_flip_212	2	blind_gate_pass	pass	none	yes	admitted_after_blind_oracle_leakage_release_gates	blind/oracle gates plus local programmatic audits	blind/static-cue gate pass; query-aware oracle gate pass; local leakage/diversity pass; release-schema gate closed
hard::hard_role_flip_213	hard_role_flip	L3	energy usage analysis	hard_role_flip_213	2	blind_gate_pass	pass	none	yes	admitted_after_blind_oracle_leakage_release_gates	blind/oracle gates plus local programmatic audits	blind/static-cue gate pass; query-aware oracle gate pass; local leakage/diversity pass; release-schema gate closed
hard::hard_role_flip_214	hard_role_flip	L3	energy usage analysis	hard_role_flip_214	2	blind_gate_pass	pass	none	yes	admitted_after_blind_oracle_leakage_release_gates	blind/oracle gates plus local programmatic audits	blind/static-cue gate pass; query-aware oracle gate pass; local leakage/diversity pass; release-schema gate closed
hard::hard_role_flip_215	hard_role_flip	L4	energy usage analysis	hard_role_flip_215	2	blind_gate_pass	pass	none	yes	admitted_after_blind_oracle_leakage_release_gates	blind/oracle gates plus local programmatic audits	blind/static-cue gate pass; query-aware oracle gate pass; local leakage/diversity pass; release-schema gate closed
hard::hard_role_flip_216	hard_role_flip	L3	energy usage analysis	hard_role_flip_216	2	blind_gate_pass	pass	none	yes	admitted_after_blind_oracle_leakage_release_gates	blind/oracle gates plus local programmatic audits	blind/static-cue gate pass; query-aware oracle gate pass; local leakage/diversity pass; release-schema gate closed
hard::hard_role_flip_217	hard_role_flip	L4	energy usage analysis	hard_role_flip_217	2	blind_gate_pass	pass	none	yes	admitted_after_blind_oracle_leakage_release_gates	blind/oracle gates plus local programmatic audits	blind/static-cue gate pass; query-aware oracle gate pass; local leakage/diversity pass; release-schema gate closed
hard::hard_role_flip_218	hard_role_flip	L3	energy usage analysis	hard_role_flip_218	2	blind_gate_pass	pass	none	yes	admitted_after_blind_oracle_leakage_release_gates	blind/oracle gates plus local programmatic audits	blind/static-cue gate pass; query-aware oracle gate pass; local leakage/diversity pass; release-schema gate closed
hard::hard_role_flip_219	hard_role_flip	L4	legal discovery review	hard_role_flip_219	2	blind_gate_pass	pass	none	yes	admitted_after_blind_oracle_leakage_release_gates	blind/oracle gates plus local programmatic audits	blind/static-cue gate pass; query-aware oracle gate pass; local leakage/diversity pass; release-schema gate closed
hard::hard_role_flip_220	hard_role_flip	L4	legal discovery review	hard_role_flip_220	2	blind_gate_pass	pass	none	yes	admitted_after_blind_oracle_leakage_release_gates	blind/oracle gates plus local programmatic audits	blind/static-cue gate pass; query-aware oracle gate pass; local leakage/diversity pass; release-schema gate closed
hard::hard_role_flip_221	hard_role_flip	L4	legal discovery review	hard_role_flip_221	2	blind_gate_pass	pass	none	yes	admitted_after_blind_oracle_leakage_release_gates	blind/oracle gates plus local programmatic audits	blind/static-cue gate pass; query-aware oracle gate pass; local leakage/diversity pass; release-schema gate closed
hard::hard_role_flip_222	hard_role_flip	L3	legal discovery review	hard_role_flip_222	2	blind_gate_pass	pass	none	yes	admitted_after_blind_oracle_leakage_release_gates	blind/oracle gates plus local programmatic audits	blind/static-cue gate pass; query-aware oracle gate pass; local leakage/diversity pass; release-schema gate closed
hard::hard_role_flip_223	hard_role_flip	L3	legal discovery review	hard_role_flip_223	2	blind_gate_pass	pass	none	yes	admitted_after_blind_oracle_leakage_release_gates	blind/oracle gates plus local programmatic audits	blind/static-cue gate pass; query-aware oracle gate pass; local leakage/diversity pass; release-schema gate closed
hard::hard_role_flip_224	hard_role_flip	L4	legal discovery review	hard_role_flip_224	2	blind_gate_pass	pass	none	yes	admitted_after_blind_oracle_leakage_release_gates	blind/oracle gates plus local programmatic audits	blind/static-cue gate pass; query-aware oracle gate pass; local leakage/diversity pass; release-schema gate closed
hard::hard_role_flip_225	hard_role_flip	L3	legal discovery review	hard_role_flip_225	2	blind_gate_pass	pass	none	yes	admitted_after_blind_oracle_leakage_release_gates	blind/oracle gates plus local programmatic audits	blind/static-cue gate pass; query-aware oracle gate pass; local leakage/diversity pass; release-schema gate closed
hard::hard_role_flip_226	hard_role_flip	L4	legal discovery review	hard_role_flip_226	2	blind_gate_pass	pass	none	yes	admitted_after_blind_oracle_leakage_release_gates	blind/oracle gates plus local programmatic audits	blind/static-cue gate pass; query-aware oracle gate pass; local leakage/diversity pass; release-schema gate closed
hard::hard_role_flip_227	hard_role_flip	L3	legal discovery review	hard_role_flip_227	2	blind_gate_pass	pass	none	yes	admitted_after_blind_oracle_leakage_release_gates	blind/oracle gates plus local programmatic audits	blind/static-cue gate pass; query-aware oracle gate pass; local leakage/diversity pass; release-schema gate closed
hard::hard_role_flip_228	hard_role_flip	L4	manufacturing defect analysis	hard_role_flip_228	2	blind_gate_pass	pass	none	yes	admitted_after_blind_oracle_leakage_release_gates	blind/oracle gates plus local programmatic audits	blind/static-cue gate pass; query-aware oracle gate pass; local leakage/diversity pass; release-schema gate closed
hard::hard_role_flip_229	hard_role_flip	L4	manufacturing defect analysis	hard_role_flip_229	2	blind_gate_pass	pass	none	yes	admitted_after_blind_oracle_leakage_release_gates	blind/oracle gates plus local programmatic audits	blind/static-cue gate pass; query-aware oracle gate pass; local leakage/diversity pass; release-schema gate closed
hard::hard_role_flip_230	hard_role_flip	L4	manufacturing defect analysis	hard_role_flip_230	2	blind_gate_pass	pass	none	yes	admitted_after_blind_oracle_leakage_release_gates	blind/oracle gates plus local programmatic audits	blind/static-cue gate pass; query-aware oracle gate pass; local leakage/diversity pass; release-schema gate closed
hard::hard_role_flip_231	hard_role_flip	L3	manufacturing defect analysis	hard_role_flip_231	2	blind_gate_pass	pass	none	yes	admitted_after_blind_oracle_leakage_release_gates	blind/oracle gates plus local programmatic audits	blind/static-cue gate pass; query-aware oracle gate pass; local leakage/diversity pass; release-schema gate closed
hard::hard_role_flip_232	hard_role_flip	L3	manufacturing defect analysis	hard_role_flip_232	2	blind_gate_pass	pass	none	yes	admitted_after_blind_oracle_leakage_release_gates	blind/oracle gates plus local programmatic audits	blind/static-cue gate pass; query-aware oracle gate pass; local leakage/diversity pass; release-schema gate closed
hard::hard_role_flip_233	hard_role_flip	L4	manufacturing defect analysis	hard_role_flip_233	2	blind_gate_pass	pass	none	yes	admitted_after_blind_oracle_leakage_release_gates	blind/oracle gates plus local programmatic audits	blind/static-cue gate pass; query-aware oracle gate pass; local leakage/diversity pass; release-schema gate closed
hard::hard_role_flip_234	hard_role_flip	L3	manufacturing defect analysis	hard_role_flip_234	2	blind_gate_pass	pass	none	yes	admitted_after_blind_oracle_leakage_release_gates	blind/oracle gates plus local programmatic audits	blind/static-cue gate pass; query-aware oracle gate pass; local leakage/diversity pass; release-schema gate closed
hard::hard_role_flip_235	hard_role_flip	L4	manufacturing defect analysis	hard_role_flip_235	2	blind_gate_pass	pass	none	yes	admitted_after_blind_oracle_leakage_release_gates	blind/oracle gates plus local programmatic audits	blind/static-cue gate pass; query-aware oracle gate pass; local leakage/diversity pass; release-schema gate closed
hard::hard_role_flip_236	hard_role_flip	L3	manufacturing defect analysis	hard_role_flip_236	2	blind_gate_pass	pass	none	yes	admitted_after_blind_oracle_leakage_release_gates	blind/oracle gates plus local programmatic audits	blind/static-cue gate pass; query-aware oracle gate pass; local leakage/diversity pass; release-schema gate closed
hard::hard_role_flip_237	hard_role_flip	L4	product analytics funnel	hard_role_flip_237	2	blind_gate_pass	pass	none	yes	admitted_after_blind_oracle_leakage_release_gates	blind/oracle gates plus local programmatic audits	blind/static-cue gate pass; query-aware oracle gate pass; local leakage/diversity pass; release-schema gate closed
hard::hard_role_flip_238	hard_role_flip	L4	product analytics funnel	hard_role_flip_238	2	blind_gate_pass	pass	none	yes	admitted_after_blind_oracle_leakage_release_gates	blind/oracle gates plus local programmatic audits	blind/static-cue gate pass; query-aware oracle gate pass; local leakage/diversity pass; release-schema gate closed
hard::hard_role_flip_239	hard_role_flip	L4	product analytics funnel	hard_role_flip_239	2	blind_gate_pass	pass	none	yes	admitted_after_blind_oracle_leakage_release_gates	blind/oracle gates plus local programmatic audits	blind/static-cue gate pass; query-aware oracle gate pass; local leakage/diversity pass; release-schema gate closed
hard::hard_role_flip_240	hard_role_flip	L3	product analytics funnel	hard_role_flip_240	2	blind_gate_pass	pass	none	yes	admitted_after_blind_oracle_leakage_release_gates	blind/oracle gates plus local programmatic audits	blind/static-cue gate pass; query-aware oracle gate pass; local leakage/diversity pass; release-schema gate closed
hard::hard_role_flip_241	hard_role_flip	L3	product analytics funnel	hard_role_flip_241	2	blind_gate_pass	pass	none	yes	admitted_after_blind_oracle_leakage_release_gates	blind/oracle gates plus local programmatic audits	blind/static-cue gate pass; query-aware oracle gate pass; local leakage/diversity pass; release-schema gate closed
hard::hard_role_flip_242	hard_role_flip	L4	product analytics funnel	hard_role_flip_242	2	blind_gate_pass	pass	none	yes	admitted_after_blind_oracle_leakage_release_gates	blind/oracle gates plus local programmatic audits	blind/static-cue gate pass; query-aware oracle gate pass; local leakage/diversity pass; release-schema gate closed
hard::hard_role_flip_243	hard_role_flip	L3	product analytics funnel	hard_role_flip_243	2	blind_gate_pass	pass	none	yes	admitted_after_blind_oracle_leakage_release_gates	blind/oracle gates plus local programmatic audits	blind/static-cue gate pass; query-aware oracle gate pass; local leakage/diversity pass; release-schema gate closed
hard::hard_role_flip_244	hard_role_flip	L4	product analytics funnel	hard_role_flip_244	2	blind_gate_pass	pass	none	yes	admitted_after_blind_oracle_leakage_release_gates	blind/oracle gates plus local programmatic audits	blind/static-cue gate pass; query-aware oracle gate pass; local leakage/diversity pass; release-schema gate closed
hard::hard_role_flip_245	hard_role_flip	L3	product analytics funnel	hard_role_flip_245	2	blind_gate_pass	pass	none	yes	admitted_after_blind_oracle_leakage_release_gates	blind/oracle gates plus local programmatic audits	blind/static-cue gate pass; query-aware oracle gate pass; local leakage/diversity pass; release-schema gate closed
hard::hard_role_flip_246	hard_role_flip	L4	cloud cost analysis	hard_role_flip_246	2	blind_gate_pass	pass	none	yes	admitted_after_blind_oracle_leakage_release_gates	blind/oracle gates plus local programmatic audits	blind/static-cue gate pass; query-aware oracle gate pass; local leakage/diversity pass; release-schema gate closed
hard::hard_role_flip_247	hard_role_flip	L4	cloud cost analysis	hard_role_flip_247	2	blind_gate_pass	pass	none	yes	admitted_after_blind_oracle_leakage_release_gates	blind/oracle gates plus local programmatic audits	blind/static-cue gate pass; query-aware oracle gate pass; local leakage/diversity pass; release-schema gate closed
hard::hard_role_flip_248	hard_role_flip	L4	cloud cost analysis	hard_role_flip_248	2	blind_gate_pass	pass	none	yes	admitted_after_blind_oracle_leakage_release_gates	blind/oracle gates plus local programmatic audits	blind/static-cue gate pass; query-aware oracle gate pass; local leakage/diversity pass; release-schema gate closed
hard::hard_role_flip_249	hard_role_flip	L3	cloud cost analysis	hard_role_flip_249	2	blind_gate_pass	pass	none	yes	admitted_after_blind_oracle_leakage_release_gates	blind/oracle gates plus local programmatic audits	blind/static-cue gate pass; query-aware oracle gate pass; local leakage/diversity pass; release-schema gate closed
hard::hard_role_flip_250	hard_role_flip	L3	cloud cost analysis	hard_role_flip_250	2	blind_gate_pass	pass	none	yes	admitted_after_blind_oracle_leakage_release_gates	blind/oracle gates plus local programmatic audits	blind/static-cue gate pass; query-aware oracle gate pass; local leakage/diversity pass; release-schema gate closed
hard::hard_role_flip_251	hard_role_flip	L4	cloud cost analysis	hard_role_flip_251	2	blind_gate_pass	pass	none	yes	admitted_after_blind_oracle_leakage_release_gates	blind/oracle gates plus local programmatic audits	blind/static-cue gate pass; query-aware oracle gate pass; local leakage/diversity pass; release-schema gate closed
hard::hard_role_flip_252	hard_role_flip	L3	cloud cost analysis	hard_role_flip_252	2	blind_gate_pass	pass	none	yes	admitted_after_blind_oracle_leakage_release_gates	blind/oracle gates plus local programmatic audits	blind/static-cue gate pass; query-aware oracle gate pass; local leakage/diversity pass; release-schema gate closed
hard::hard_role_flip_253	hard_role_flip	L4	cloud cost analysis	hard_role_flip_253	2	blind_gate_pass	pass	none	yes	admitted_after_blind_oracle_leakage_release_gates	blind/oracle gates plus local programmatic audits	blind/static-cue gate pass; query-aware oracle gate pass; local leakage/diversity pass; release-schema gate closed
hard::hard_role_flip_254	hard_role_flip	L3	cloud cost analysis	hard_role_flip_254	2	blind_gate_pass	pass	none	yes	admitted_after_blind_oracle_leakage_release_gates	blind/oracle gates plus local programmatic audits	blind/static-cue gate pass; query-aware oracle gate pass; local leakage/diversity pass; release-schema gate closed
hard::hard_role_flip_255	hard_role_flip	L4	survey response analysis	hard_role_flip_255	2	blind_gate_pass	pass	none	yes	admitted_after_blind_oracle_leakage_release_gates	blind/oracle gates plus local programmatic audits	blind/static-cue gate pass; query-aware oracle gate pass; local leakage/diversity pass; release-schema gate closed
hard::hard_role_flip_256	hard_role_flip	L4	survey response analysis	hard_role_flip_256	2	blind_gate_pass	pass	none	yes	admitted_after_blind_oracle_leakage_release_gates	blind/oracle gates plus local programmatic audits	blind/static-cue gate pass; query-aware oracle gate pass; local leakage/diversity pass; release-schema gate closed
hard::hard_role_flip_257	hard_role_flip	L4	survey response analysis	hard_role_flip_257	2	blind_gate_pass	pass	none	yes	admitted_after_blind_oracle_leakage_release_gates	blind/oracle gates plus local programmatic audits	blind/static-cue gate pass; query-aware oracle gate pass; local leakage/diversity pass; release-schema gate closed
hard::hard_role_flip_258	hard_role_flip	L3	survey response analysis	hard_role_flip_258	2	blind_gate_pass	pass	none	yes	admitted_after_blind_oracle_leakage_release_gates	blind/oracle gates plus local programmatic audits	blind/static-cue gate pass; query-aware oracle gate pass; local leakage/diversity pass; release-schema gate closed
hard::hard_role_flip_259	hard_role_flip	L3	survey response analysis	hard_role_flip_259	2	blind_gate_pass	pass	none	yes	admitted_after_blind_oracle_leakage_release_gates	blind/oracle gates plus local programmatic audits	blind/static-cue gate pass; query-aware oracle gate pass; local leakage/diversity pass; release-schema gate closed
hard::hard_role_flip_260	hard_role_flip	L4	survey response analysis	hard_role_flip_260	2	blind_gate_pass	pass	none	yes	admitted_after_blind_oracle_leakage_release_gates	blind/oracle gates plus local programmatic audits	blind/static-cue gate pass; query-aware oracle gate pass; local leakage/diversity pass; release-schema gate closed
hard::hard_role_flip_261	hard_role_flip	L3	survey response analysis	hard_role_flip_261	2	blind_gate_pass	pass	none	yes	admitted_after_blind_oracle_leakage_release_gates	blind/oracle gates plus local programmatic audits	blind/static-cue gate pass; query-aware oracle gate pass; local leakage/diversity pass; release-schema gate closed
hard::hard_role_flip_262	hard_role_flip	L4	survey response analysis	hard_role_flip_262	2	blind_gate_pass	pass	none	yes	admitted_after_blind_oracle_leakage_release_gates	blind/oracle gates plus local programmatic audits	blind/static-cue gate pass; query-aware oracle gate pass; local leakage/diversity pass; release-schema gate closed
hard::hard_role_flip_263	hard_role_flip	L3	survey response analysis	hard_role_flip_263	2	blind_gate_pass	pass	none	yes	admitted_after_blind_oracle_leakage_release_gates	blind/oracle gates plus local programmatic audits	blind/static-cue gate pass; query-aware oracle gate pass; local leakage/diversity pass; release-schema gate closed
hard::hard_role_flip_264	hard_role_flip	L4	video moderation review	hard_role_flip_264	2	blind_gate_pass	pass	none	yes	admitted_after_blind_oracle_leakage_release_gates	blind/oracle gates plus local programmatic audits	blind/static-cue gate pass; query-aware oracle gate pass; local leakage/diversity pass; release-schema gate closed
hard::hard_role_flip_265	hard_role_flip	L4	video moderation review	hard_role_flip_265	2	blind_gate_pass	pass	none	yes	admitted_after_blind_oracle_leakage_release_gates	blind/oracle gates plus local programmatic audits	blind/static-cue gate pass; query-aware oracle gate pass; local leakage/diversity pass; release-schema gate closed
hard::hard_role_flip_266	hard_role_flip	L4	video moderation review	hard_role_flip_266	2	blind_gate_pass	pass	none	yes	admitted_after_blind_oracle_leakage_release_gates	blind/oracle gates plus local programmatic audits	blind/static-cue gate pass; query-aware oracle gate pass; local leakage/diversity pass; release-schema gate closed
hard::hard_role_flip_267	hard_role_flip	L3	video moderation review	hard_role_flip_267	2	blind_gate_pass	pass	none	yes	admitted_after_blind_oracle_leakage_release_gates	blind/oracle gates plus local programmatic audits	blind/static-cue gate pass; query-aware oracle gate pass; local leakage/diversity pass; release-schema gate closed
hard::hard_role_flip_268	hard_role_flip	L3	video moderation review	hard_role_flip_268	2	blind_gate_pass	pass	none	yes	admitted_after_blind_oracle_leakage_release_gates	blind/oracle gates plus local programmatic audits	blind/static-cue gate pass; query-aware oracle gate pass; local leakage/diversity pass; release-schema gate closed
hard::hard_role_flip_269	hard_role_flip	L4	video moderation review	hard_role_flip_269	2	blind_gate_pass	pass	none	yes	admitted_after_blind_oracle_leakage_release_gates	blind/oracle gates plus local programmatic audits	blind/static-cue gate pass; query-aware oracle gate pass; local leakage/diversity pass; release-schema gate closed
hard::hard_role_flip_270	hard_role_flip	L3	video moderation review	hard_role_flip_270	2	blind_gate_pass	pass	none	yes	admitted_after_blind_oracle_leakage_release_gates	blind/oracle gates plus local programmatic audits	blind/static-cue gate pass; query-aware oracle gate pass; local leakage/diversity pass; release-schema gate closed
hard::hard_role_flip_271	hard_role_flip	L4	video moderation review	hard_role_flip_271	2	blind_gate_pass	pass	none	yes	admitted_after_blind_oracle_leakage_release_gates	blind/oracle gates plus local programmatic audits	blind/static-cue gate pass; query-aware oracle gate pass; local leakage/diversity pass; release-schema gate closed
hard::hard_role_flip_272	hard_role_flip	L3	video moderation review	hard_role_flip_272	2	blind_gate_pass	pass	none	yes	admitted_after_blind_oracle_leakage_release_gates	blind/oracle gates plus local programmatic audits	blind/static-cue gate pass; query-aware oracle gate pass; local leakage/diversity pass; release-schema gate closed
hard::hard_role_flip_273	hard_role_flip	L4	network capacity planning	hard_role_flip_273	2	blind_gate_pass	pass	none	yes	admitted_after_blind_oracle_leakage_release_gates	blind/oracle gates plus local programmatic audits	blind/static-cue gate pass; query-aware oracle gate pass; local leakage/diversity pass; release-schema gate closed
hard::hard_role_flip_274	hard_role_flip	L4	network capacity planning	hard_role_flip_274	2	blind_gate_pass	pass	none	yes	admitted_after_blind_oracle_leakage_release_gates	blind/oracle gates plus local programmatic audits	blind/static-cue gate pass; query-aware oracle gate pass; local leakage/diversity pass; release-schema gate closed
hard::hard_role_flip_275	hard_role_flip	L4	network capacity planning	hard_role_flip_275	2	blind_gate_pass	pass	none	yes	admitted_after_blind_oracle_leakage_release_gates	blind/oracle gates plus local programmatic audits	blind/static-cue gate pass; query-aware oracle gate pass; local leakage/diversity pass; release-schema gate closed
hard::hard_role_flip_276	hard_role_flip	L3	network capacity planning	hard_role_flip_276	2	blind_gate_pass	pass	none	yes	admitted_after_blind_oracle_leakage_release_gates	blind/oracle gates plus local programmatic audits	blind/static-cue gate pass; query-aware oracle gate pass; local leakage/diversity pass; release-schema gate closed
hard::hard_role_flip_277	hard_role_flip	L3	network capacity planning	hard_role_flip_277	2	blind_gate_pass	pass	none	yes	admitted_after_blind_oracle_leakage_release_gates	blind/oracle gates plus local programmatic audits	blind/static-cue gate pass; query-aware oracle gate pass; local leakage/diversity pass; release-schema gate closed
hard::hard_role_flip_278	hard_role_flip	L4	network capacity planning	hard_role_flip_278	2	blind_gate_pass	pass	none	yes	admitted_after_blind_oracle_leakage_release_gates	blind/oracle gates plus local programmatic audits	blind/static-cue gate pass; query-aware oracle gate pass; local leakage/diversity pass; release-schema gate closed
hard::hard_role_flip_279	hard_role_flip	L3	network capacity planning	hard_role_flip_279	2	blind_gate_pass	pass	none	yes	admitted_after_blind_oracle_leakage_release_gates	blind/oracle gates plus local programmatic audits	blind/static-cue gate pass; query-aware oracle gate pass; local leakage/diversity pass; release-schema gate closed
hard::hard_role_flip_280	hard_role_flip	L4	network capacity planning	hard_role_flip_280	2	blind_gate_pass	pass	none	yes	admitted_after_blind_oracle_leakage_release_gates	blind/oracle gates plus local programmatic audits	blind/static-cue gate pass; query-aware oracle gate pass; local leakage/diversity pass; release-schema gate closed
hard::hard_role_flip_281	hard_role_flip	L3	network capacity planning	hard_role_flip_281	2	blind_gate_pass	pass	none	yes	admitted_after_blind_oracle_leakage_release_gates	blind/oracle gates plus local programmatic audits	blind/static-cue gate pass; query-aware oracle gate pass; local leakage/diversity pass; release-schema gate closed
hard::hard_role_flip_282	hard_role_flip	L4	HR compensation review	hard_role_flip_282	2	blind_gate_pass	pass	none	yes	admitted_after_blind_oracle_leakage_release_gates	blind/oracle gates plus local programmatic audits	blind/static-cue gate pass; query-aware oracle gate pass; local leakage/diversity pass; release-schema gate closed
hard::hard_role_flip_283	hard_role_flip	L4	HR compensation review	hard_role_flip_283	2	blind_gate_pass	pass	none	yes	admitted_after_blind_oracle_leakage_release_gates	blind/oracle gates plus local programmatic audits	blind/static-cue gate pass; query-aware oracle gate pass; local leakage/diversity pass; release-schema gate closed
hard::hard_role_flip_284	hard_role_flip	L4	HR compensation review	hard_role_flip_284	2	blind_gate_pass	pass	none	yes	admitted_after_blind_oracle_leakage_release_gates	blind/oracle gates plus local programmatic audits	blind/static-cue gate pass; query-aware oracle gate pass; local leakage/diversity pass; release-schema gate closed
hard::hard_role_flip_285	hard_role_flip	L3	HR compensation review	hard_role_flip_285	2	blind_gate_pass	pass	none	yes	admitted_after_blind_oracle_leakage_release_gates	blind/oracle gates plus local programmatic audits	blind/static-cue gate pass; query-aware oracle gate pass; local leakage/diversity pass; release-schema gate closed
hard::hard_role_flip_286	hard_role_flip	L3	HR compensation review	hard_role_flip_286	2	blind_gate_pass	pass	none	yes	admitted_after_blind_oracle_leakage_release_gates	blind/oracle gates plus local programmatic audits	blind/static-cue gate pass; query-aware oracle gate pass; local leakage/diversity pass; release-schema gate closed
hard::hard_role_flip_287	hard_role_flip	L4	HR compensation review	hard_role_flip_287	2	blind_gate_pass	pass	none	yes	admitted_after_blind_oracle_leakage_release_gates	blind/oracle gates plus local programmatic audits	blind/static-cue gate pass; query-aware oracle gate pass; local leakage/diversity pass; release-schema gate closed
hard::hard_role_flip_288	hard_role_flip	L3	HR compensation review	hard_role_flip_288	2	blind_gate_pass	pass	none	yes	admitted_after_blind_oracle_leakage_release_gates	blind/oracle gates plus local programmatic audits	blind/static-cue gate pass; query-aware oracle gate pass; local leakage/diversity pass; release-schema gate closed
hard::hard_role_flip_289	hard_role_flip	L4	HR compensation review	hard_role_flip_289	2	blind_gate_pass	pass	none	yes	admitted_after_blind_oracle_leakage_release_gates	blind/oracle gates plus local programmatic audits	blind/static-cue gate pass; query-aware oracle gate pass; local leakage/diversity pass; release-schema gate closed
hard::hard_role_flip_290	hard_role_flip	L3	HR compensation review	hard_role_flip_290	2	blind_gate_pass	pass	none	yes	admitted_after_blind_oracle_leakage_release_gates	blind/oracle gates plus local programmatic audits	blind/static-cue gate pass; query-aware oracle gate pass; local leakage/diversity pass; release-schema gate closed
hard::hard_role_flip_291	hard_role_flip	L4	insurance claim triage	hard_role_flip_291	2	blind_gate_pass	pass	none	yes	admitted_after_blind_oracle_leakage_release_gates	blind/oracle gates plus local programmatic audits	blind/static-cue gate pass; query-aware oracle gate pass; local leakage/diversity pass; release-schema gate closed
hard::hard_role_flip_292	hard_role_flip	L4	insurance claim triage	hard_role_flip_292	2	blind_gate_pass	pass	none	yes	admitted_after_blind_oracle_leakage_release_gates	blind/oracle gates plus local programmatic audits	blind/static-cue gate pass; query-aware oracle gate pass; local leakage/diversity pass; release-schema gate closed
hard::hard_role_flip_293	hard_role_flip	L4	insurance claim triage	hard_role_flip_293	2	blind_gate_pass	pass	none	yes	admitted_after_blind_oracle_leakage_release_gates	blind/oracle gates plus local programmatic audits	blind/static-cue gate pass; query-aware oracle gate pass; local leakage/diversity pass; release-schema gate closed
hard::hard_role_flip_294	hard_role_flip	L3	insurance claim triage	hard_role_flip_294	2	blind_gate_pass	pass	none	yes	admitted_after_blind_oracle_leakage_release_gates	blind/oracle gates plus local programmatic audits	blind/static-cue gate pass; query-aware oracle gate pass; local leakage/diversity pass; release-schema gate closed
hard::hard_role_flip_295	hard_role_flip	L3	insurance claim triage	hard_role_flip_295	2	blind_gate_pass	pass	none	yes	admitted_after_blind_oracle_leakage_release_gates	blind/oracle gates plus local programmatic audits	blind/static-cue gate pass; query-aware oracle gate pass; local leakage/diversity pass; release-schema gate closed
hard::hard_role_flip_296	hard_role_flip	L4	insurance claim triage	hard_role_flip_296	2	blind_gate_pass	pass	none	yes	admitted_after_blind_oracle_leakage_release_gates	blind/oracle gates plus local programmatic audits	blind/static-cue gate pass; query-aware oracle gate pass; local leakage/diversity pass; release-schema gate closed
hard::hard_role_flip_297	hard_role_flip	L3	insurance claim triage	hard_role_flip_297	2	blind_gate_pass	pass	none	yes	admitted_after_blind_oracle_leakage_release_gates	blind/oracle gates plus local programmatic audits	blind/static-cue gate pass; query-aware oracle gate pass; local leakage/diversity pass; release-schema gate closed
hard::hard_role_flip_298	hard_role_flip	L4	insurance claim triage	hard_role_flip_298	2	blind_gate_pass	pass	none	yes	admitted_after_blind_oracle_leakage_release_gates	blind/oracle gates plus local programmatic audits	blind/static-cue gate pass; query-aware oracle gate pass; local leakage/diversity pass; release-schema gate closed
hard::hard_role_flip_299	hard_role_flip	L3	insurance claim triage	hard_role_flip_299	2	blind_gate_pass	pass	none	yes	admitted_after_blind_oracle_leakage_release_gates	blind/oracle gates plus local programmatic audits	blind/static-cue gate pass; query-aware oracle gate pass; local leakage/diversity pass; release-schema gate closed
hard::hard_role_flip_300	hard_role_flip	L4	translation memory maintenance	hard_role_flip_300	2	blind_gate_pass	pass	none	yes	admitted_after_blind_oracle_leakage_release_gates	blind/oracle gates plus local programmatic audits	blind/static-cue gate pass; query-aware oracle gate pass; local leakage/diversity pass; release-schema gate closed
hard::hard_role_flip_301	hard_role_flip	L4	translation memory maintenance	hard_role_flip_301	2	blind_gate_pass	pass	none	yes	admitted_after_blind_oracle_leakage_release_gates	blind/oracle gates plus local programmatic audits	blind/static-cue gate pass; query-aware oracle gate pass; local leakage/diversity pass; release-schema gate closed
hard::hard_role_flip_302	hard_role_flip	L4	translation memory maintenance	hard_role_flip_302	2	blind_gate_pass	pass	none	yes	admitted_after_blind_oracle_leakage_release_gates	blind/oracle gates plus local programmatic audits	blind/static-cue gate pass; query-aware oracle gate pass; local leakage/diversity pass; release-schema gate closed
hard::hard_role_flip_303	hard_role_flip	L3	translation memory maintenance	hard_role_flip_303	2	blind_gate_pass	pass	none	yes	admitted_after_blind_oracle_leakage_release_gates	blind/oracle gates plus local programmatic audits	blind/static-cue gate pass; query-aware oracle gate pass; local leakage/diversity pass; release-schema gate closed
hard::hard_role_flip_304	hard_role_flip	L3	translation memory maintenance	hard_role_flip_304	2	blind_gate_pass	pass	none	yes	admitted_after_blind_oracle_leakage_release_gates	blind/oracle gates plus local programmatic audits	blind/static-cue gate pass; query-aware oracle gate pass; local leakage/diversity pass; release-schema gate closed
hard::hard_role_flip_305	hard_role_flip	L4	translation memory maintenance	hard_role_flip_305	2	blind_gate_pass	pass	none	yes	admitted_after_blind_oracle_leakage_release_gates	blind/oracle gates plus local programmatic audits	blind/static-cue gate pass; query-aware oracle gate pass; local leakage/diversity pass; release-schema gate closed
hard::hard_role_flip_306	hard_role_flip	L3	translation memory maintenance	hard_role_flip_306	2	blind_gate_pass	pass	none	yes	admitted_after_blind_oracle_leakage_release_gates	blind/oracle gates plus local programmatic audits	blind/static-cue gate pass; query-aware oracle gate pass; local leakage/diversity pass; release-schema gate closed
hard::hard_role_flip_307	hard_role_flip	L4	translation memory maintenance	hard_role_flip_307	2	blind_gate_pass	pass	none	yes	admitted_after_blind_oracle_leakage_release_gates	blind/oracle gates plus local programmatic audits	blind/static-cue gate pass; query-aware oracle gate pass; local leakage/diversity pass; release-schema gate closed
hard::hard_role_flip_308	hard_role_flip	L3	translation memory maintenance	hard_role_flip_308	2	blind_gate_pass	pass	none	yes	admitted_after_blind_oracle_leakage_release_gates	blind/oracle gates plus local programmatic audits	blind/static-cue gate pass; query-aware oracle gate pass; local leakage/diversity pass; release-schema gate closed
hard::hard_role_flip_309	hard_role_flip	L4	data quality incident	hard_role_flip_309	2	blind_gate_pass	pass	none	yes	admitted_after_blind_oracle_leakage_release_gates	blind/oracle gates plus local programmatic audits	blind/static-cue gate pass; query-aware oracle gate pass; local leakage/diversity pass; release-schema gate closed
hard::hard_role_flip_310	hard_role_flip	L4	data quality incident	hard_role_flip_310	2	blind_gate_pass	pass	none	yes	admitted_after_blind_oracle_leakage_release_gates	blind/oracle gates plus local programmatic audits	blind/static-cue gate pass; query-aware oracle gate pass; local leakage/diversity pass; release-schema gate closed
hard::hard_role_flip_311	hard_role_flip	L4	data quality incident	hard_role_flip_311	2	blind_gate_pass	pass	none	yes	admitted_after_blind_oracle_leakage_release_gates	blind/oracle gates plus local programmatic audits	blind/static-cue gate pass; query-aware oracle gate pass; local leakage/diversity pass; release-schema gate closed
hard::hard_role_flip_312	hard_role_flip	L3	data quality incident	hard_role_flip_312	2	blind_gate_pass	pass	none	yes	admitted_after_blind_oracle_leakage_release_gates	blind/oracle gates plus local programmatic audits	blind/static-cue gate pass; query-aware oracle gate pass; local leakage/diversity pass; release-schema gate closed
hard::hard_role_flip_313	hard_role_flip	L3	data quality incident	hard_role_flip_313	2	blind_gate_pass	pass	none	yes	admitted_after_blind_oracle_leakage_release_gates	blind/oracle gates plus local programmatic audits	blind/static-cue gate pass; query-aware oracle gate pass; local leakage/diversity pass; release-schema gate closed
hard::hard_role_flip_314	hard_role_flip	L4	data quality incident	hard_role_flip_314	2	blind_gate_pass	pass	none	yes	admitted_after_blind_oracle_leakage_release_gates	blind/oracle gates plus local programmatic audits	blind/static-cue gate pass; query-aware oracle gate pass; local leakage/diversity pass; release-schema gate closed
hard::hard_role_flip_315	hard_role_flip	L3	data quality incident	hard_role_flip_315	2	blind_gate_pass	pass	none	yes	admitted_after_blind_oracle_leakage_release_gates	blind/oracle gates plus local programmatic audits	blind/static-cue gate pass; query-aware oracle gate pass; local leakage/diversity pass; release-schema gate closed
hard::hard_role_flip_316	hard_role_flip	L4	data quality incident	hard_role_flip_316	2	blind_gate_pass	pass	none	yes	admitted_after_blind_oracle_leakage_release_gates	blind/oracle gates plus local programmatic audits	blind/static-cue gate pass; query-aware oracle gate pass; local leakage/diversity pass; release-schema gate closed
hard::hard_role_flip_317	hard_role_flip	L3	data quality incident	hard_role_flip_317	2	blind_gate_pass	pass	none	yes	admitted_after_blind_oracle_leakage_release_gates	blind/oracle gates plus local programmatic audits	blind/static-cue gate pass; query-aware oracle gate pass; local leakage/diversity pass; release-schema gate closed
hard::hard_role_flip_318	hard_role_flip	L4	search relevance evaluation	hard_role_flip_318	2	blind_gate_pass	pass	none	yes	admitted_after_blind_oracle_leakage_release_gates	blind/oracle gates plus local programmatic audits	blind/static-cue gate pass; query-aware oracle gate pass; local leakage/diversity pass; release-schema gate closed
hard::hard_role_flip_319	hard_role_flip	L4	search relevance evaluation	hard_role_flip_319	2	blind_gate_pass	pass	none	yes	admitted_after_blind_oracle_leakage_release_gates	blind/oracle gates plus local programmatic audits	blind/static-cue gate pass; query-aware oracle gate pass; local leakage/diversity pass; release-schema gate closed
hard::hard_role_flip_320	hard_role_flip	L4	search relevance evaluation	hard_role_flip_320	2	blind_gate_pass	pass	none	yes	admitted_after_blind_oracle_leakage_release_gates	blind/oracle gates plus local programmatic audits	blind/static-cue gate pass; query-aware oracle gate pass; local leakage/diversity pass; release-schema gate closed
hard::hard_role_flip_321	hard_role_flip	L3	search relevance evaluation	hard_role_flip_321	2	blind_gate_pass	pass	none	yes	admitted_after_blind_oracle_leakage_release_gates	blind/oracle gates plus local programmatic audits	blind/static-cue gate pass; query-aware oracle gate pass; local leakage/diversity pass; release-schema gate closed
hard::hard_role_flip_322	hard_role_flip	L3	search relevance evaluation	hard_role_flip_322	2	blind_gate_pass	pass	none	yes	admitted_after_blind_oracle_leakage_release_gates	blind/oracle gates plus local programmatic audits	blind/static-cue gate pass; query-aware oracle gate pass; local leakage/diversity pass; release-schema gate closed
hard::hard_role_flip_323	hard_role_flip	L4	search relevance evaluation	hard_role_flip_323	2	blind_gate_pass	pass	none	yes	admitted_after_blind_oracle_leakage_release_gates	blind/oracle gates plus local programmatic audits	blind/static-cue gate pass; query-aware oracle gate pass; local leakage/diversity pass; release-schema gate closed
hard::hard_role_flip_324	hard_role_flip	L3	search relevance evaluation	hard_role_flip_324	2	blind_gate_pass	pass	none	yes	admitted_after_blind_oracle_leakage_release_gates	blind/oracle gates plus local programmatic audits	blind/static-cue gate pass; query-aware oracle gate pass; local leakage/diversity pass; release-schema gate closed
hard::hard_role_flip_325	hard_role_flip	L4	search relevance evaluation	hard_role_flip_325	2	blind_gate_pass	pass	none	yes	admitted_after_blind_oracle_leakage_release_gates	blind/oracle gates plus local programmatic audits	blind/static-cue gate pass; query-aware oracle gate pass; local leakage/diversity pass; release-schema gate closed
hard::hard_role_flip_326	hard_role_flip	L3	search relevance evaluation	hard_role_flip_326	2	blind_gate_pass	pass	none	yes	admitted_after_blind_oracle_leakage_release_gates	blind/oracle gates plus local programmatic audits	blind/static-cue gate pass; query-aware oracle gate pass; local leakage/diversity pass; release-schema gate closed
hard::hard_role_flip_327	hard_role_flip	L4	procurement bid comparison	hard_role_flip_327	2	blind_gate_pass	pass	none	yes	admitted_after_blind_oracle_leakage_release_gates	blind/oracle gates plus local programmatic audits	blind/static-cue gate pass; query-aware oracle gate pass; local leakage/diversity pass; release-schema gate closed
hard::hard_role_flip_328	hard_role_flip	L4	procurement bid comparison	hard_role_flip_328	2	blind_gate_pass	pass	none	yes	admitted_after_blind_oracle_leakage_release_gates	blind/oracle gates plus local programmatic audits	blind/static-cue gate pass; query-aware oracle gate pass; local leakage/diversity pass; release-schema gate closed
hard::hard_role_flip_329	hard_role_flip	L4	procurement bid comparison	hard_role_flip_329	2	blind_gate_pass	pass	none	yes	admitted_after_blind_oracle_leakage_release_gates	blind/oracle gates plus local programmatic audits	blind/static-cue gate pass; query-aware oracle gate pass; local leakage/diversity pass; release-schema gate closed
hard::hard_role_flip_330	hard_role_flip	L3	procurement bid comparison	hard_role_flip_330	2	blind_gate_pass	pass	none	yes	admitted_after_blind_oracle_leakage_release_gates	blind/oracle gates plus local programmatic audits	blind/static-cue gate pass; query-aware oracle gate pass; local leakage/diversity pass; release-schema gate closed
hard::hard_role_flip_331	hard_role_flip	L3	procurement bid comparison	hard_role_flip_331	2	blind_gate_pass	pass	none	yes	admitted_after_blind_oracle_leakage_release_gates	blind/oracle gates plus local programmatic audits	blind/static-cue gate pass; query-aware oracle gate pass; local leakage/diversity pass; release-schema gate closed
hard::hard_role_flip_332	hard_role_flip	L4	procurement bid comparison	hard_role_flip_332	2	blind_gate_pass	pass	none	yes	admitted_after_blind_oracle_leakage_release_gates	blind/oracle gates plus local programmatic audits	blind/static-cue gate pass; query-aware oracle gate pass; local leakage/diversity pass; release-schema gate closed
hard::hard_role_flip_333	hard_role_flip	L3	procurement bid comparison	hard_role_flip_333	2	blind_gate_pass	pass	none	yes	admitted_after_blind_oracle_leakage_release_gates	blind/oracle gates plus local programmatic audits	blind/static-cue gate pass; query-aware oracle gate pass; local leakage/diversity pass; release-schema gate closed
hard::hard_role_flip_334	hard_role_flip	L4	procurement bid comparison	hard_role_flip_334	2	blind_gate_pass	pass	none	yes	admitted_after_blind_oracle_leakage_release_gates	blind/oracle gates plus local programmatic audits	blind/static-cue gate pass; query-aware oracle gate pass; local leakage/diversity pass; release-schema gate closed
hard::hard_role_flip_335	hard_role_flip	L3	procurement bid comparison	hard_role_flip_335	2	blind_gate_pass	pass	none	yes	admitted_after_blind_oracle_leakage_release_gates	blind/oracle gates plus local programmatic audits	blind/static-cue gate pass; query-aware oracle gate pass; local leakage/diversity pass; release-schema gate closed
hard::hard_role_flip_336	hard_role_flip	L4	IoT sensor calibration	hard_role_flip_336	2	blind_gate_pass	pass	none	yes	admitted_after_blind_oracle_leakage_release_gates	blind/oracle gates plus local programmatic audits	blind/static-cue gate pass; query-aware oracle gate pass; local leakage/diversity pass; release-schema gate closed
hard::hard_role_flip_337	hard_role_flip	L4	IoT sensor calibration	hard_role_flip_337	2	blind_gate_pass	pass	none	yes	admitted_after_blind_oracle_leakage_release_gates	blind/oracle gates plus local programmatic audits	blind/static-cue gate pass; query-aware oracle gate pass; local leakage/diversity pass; release-schema gate closed
hard::hard_role_flip_338	hard_role_flip	L4	IoT sensor calibration	hard_role_flip_338	2	blind_gate_pass	pass	none	yes	admitted_after_blind_oracle_leakage_release_gates	blind/oracle gates plus local programmatic audits	blind/static-cue gate pass; query-aware oracle gate pass; local leakage/diversity pass; release-schema gate closed
hard::hard_role_flip_339	hard_role_flip	L3	IoT sensor calibration	hard_role_flip_339	2	blind_gate_pass	pass	none	yes	admitted_after_blind_oracle_leakage_release_gates	blind/oracle gates plus local programmatic audits	blind/static-cue gate pass; query-aware oracle gate pass; local leakage/diversity pass; release-schema gate closed
hard::hard_role_flip_340	hard_role_flip	L3	IoT sensor calibration	hard_role_flip_340	2	blind_gate_pass	pass	none	yes	admitted_after_blind_oracle_leakage_release_gates	blind/oracle gates plus local programmatic audits	blind/static-cue gate pass; query-aware oracle gate pass; local leakage/diversity pass; release-schema gate closed
hard::hard_role_flip_341	hard_role_flip	L4	IoT sensor calibration	hard_role_flip_341	2	blind_gate_pass	pass	none	yes	admitted_after_blind_oracle_leakage_release_gates	blind/oracle gates plus local programmatic audits	blind/static-cue gate pass; query-aware oracle gate pass; local leakage/diversity pass; release-schema gate closed
hard::hard_role_flip_342	hard_role_flip	L3	IoT sensor calibration	hard_role_flip_342	2	blind_gate_pass	pass	none	yes	admitted_after_blind_oracle_leakage_release_gates	blind/oracle gates plus local programmatic audits	blind/static-cue gate pass; query-aware oracle gate pass; local leakage/diversity pass; release-schema gate closed
hard::hard_role_flip_343	hard_role_flip	L4	IoT sensor calibration	hard_role_flip_343	2	blind_gate_pass	pass	none	yes	admitted_after_blind_oracle_leakage_release_gates	blind/oracle gates plus local programmatic audits	blind/static-cue gate pass; query-aware oracle gate pass; local leakage/diversity pass; release-schema gate closed
hard::hard_role_flip_344	hard_role_flip	L3	IoT sensor calibration	hard_role_flip_344	2	blind_gate_pass	pass	none	yes	admitted_after_blind_oracle_leakage_release_gates	blind/oracle gates plus local programmatic audits	blind/static-cue gate pass; query-aware oracle gate pass; local leakage/diversity pass; release-schema gate closed
hard::hard_role_flip_345	hard_role_flip	L4	subscription churn analysis	hard_role_flip_345	2	blind_gate_pass	pass	none	yes	admitted_after_blind_oracle_leakage_release_gates	blind/oracle gates plus local programmatic audits	blind/static-cue gate pass; query-aware oracle gate pass; local leakage/diversity pass; release-schema gate closed
hard::hard_role_flip_346	hard_role_flip	L4	subscription churn analysis	hard_role_flip_346	2	blind_gate_pass	pass	none	yes	admitted_after_blind_oracle_leakage_release_gates	blind/oracle gates plus local programmatic audits	blind/static-cue gate pass; query-aware oracle gate pass; local leakage/diversity pass; release-schema gate closed
hard::hard_role_flip_347	hard_role_flip	L4	subscription churn analysis	hard_role_flip_347	2	blind_gate_pass	pass	none	yes	admitted_after_blind_oracle_leakage_release_gates	blind/oracle gates plus local programmatic audits	blind/static-cue gate pass; query-aware oracle gate pass; local leakage/diversity pass; release-schema gate closed
hard::hard_role_flip_348	hard_role_flip	L3	subscription churn analysis	hard_role_flip_348	2	blind_gate_pass	pass	none	yes	admitted_after_blind_oracle_leakage_release_gates	blind/oracle gates plus local programmatic audits	blind/static-cue gate pass; query-aware oracle gate pass; local leakage/diversity pass; release-schema gate closed
hard::hard_role_flip_349	hard_role_flip	L3	subscription churn analysis	hard_role_flip_349	2	blind_gate_pass	pass	none	yes	admitted_after_blind_oracle_leakage_release_gates	blind/oracle gates plus local programmatic audits	blind/static-cue gate pass; query-aware oracle gate pass; local leakage/diversity pass; release-schema gate closed
hard::hard_role_flip_350	hard_role_flip	L4	subscription churn analysis	hard_role_flip_350	2	blind_gate_pass	pass	none	yes	admitted_after_blind_oracle_leakage_release_gates	blind/oracle gates plus local programmatic audits	blind/static-cue gate pass; query-aware oracle gate pass; local leakage/diversity pass; release-schema gate closed
hard::hard_role_flip_351	hard_role_flip	L3	subscription churn analysis	hard_role_flip_351	2	blind_gate_pass	pass	none	yes	admitted_after_blind_oracle_leakage_release_gates	blind/oracle gates plus local programmatic audits	blind/static-cue gate pass; query-aware oracle gate pass; local leakage/diversity pass; release-schema gate closed
hard::hard_role_flip_352	hard_role_flip	L4	subscription churn analysis	hard_role_flip_352	2	blind_gate_pass	pass	none	yes	admitted_after_blind_oracle_leakage_release_gates	blind/oracle gates plus local programmatic audits	blind/static-cue gate pass; query-aware oracle gate pass; local leakage/diversity pass; release-schema gate closed
hard::hard_role_flip_353	hard_role_flip	L3	subscription churn analysis	hard_role_flip_353	2	blind_gate_pass	pass	none	yes	admitted_after_blind_oracle_leakage_release_gates	blind/oracle gates plus local programmatic audits	blind/static-cue gate pass; query-aware oracle gate pass; local leakage/diversity pass; release-schema gate closed
hard::hard_role_flip_354	hard_role_flip	L4	content taxonomy mapping	hard_role_flip_354	2	blind_gate_pass	pass	none	yes	admitted_after_blind_oracle_leakage_release_gates	blind/oracle gates plus local programmatic audits	blind/static-cue gate pass; query-aware oracle gate pass; local leakage/diversity pass; release-schema gate closed
hard::hard_role_flip_355	hard_role_flip	L4	content taxonomy mapping	hard_role_flip_355	2	blind_gate_pass	pass	none	yes	admitted_after_blind_oracle_leakage_release_gates	blind/oracle gates plus local programmatic audits	blind/static-cue gate pass; query-aware oracle gate pass; local leakage/diversity pass; release-schema gate closed
hard::hard_role_flip_356	hard_role_flip	L4	content taxonomy mapping	hard_role_flip_356	2	blind_gate_pass	pass	none	yes	admitted_after_blind_oracle_leakage_release_gates	blind/oracle gates plus local programmatic audits	blind/static-cue gate pass; query-aware oracle gate pass; local leakage/diversity pass; release-schema gate closed
hard::hard_role_flip_357	hard_role_flip	L3	content taxonomy mapping	hard_role_flip_357	2	blind_gate_pass	pass	none	yes	admitted_after_blind_oracle_leakage_release_gates	blind/oracle gates plus local programmatic audits	blind/static-cue gate pass; query-aware oracle gate pass; local leakage/diversity pass; release-schema gate closed
hard::hard_role_flip_358	hard_role_flip	L3	content taxonomy mapping	hard_role_flip_358	2	blind_gate_pass	pass	none	yes	admitted_after_blind_oracle_leakage_release_gates	blind/oracle gates plus local programmatic audits	blind/static-cue gate pass; query-aware oracle gate pass; local leakage/diversity pass; release-schema gate closed
hard::hard_role_flip_359	hard_role_flip	L4	content taxonomy mapping	hard_role_flip_359	2	blind_gate_pass	pass	none	yes	admitted_after_blind_oracle_leakage_release_gates	blind/oracle gates plus local programmatic audits	blind/static-cue gate pass; query-aware oracle gate pass; local leakage/diversity pass; release-schema gate closed
hard::hard_role_flip_360	hard_role_flip	L3	content taxonomy mapping	hard_role_flip_360	2	blind_gate_pass	pass	none	yes	admitted_after_blind_oracle_leakage_release_gates	blind/oracle gates plus local programmatic audits	blind/static-cue gate pass; query-aware oracle gate pass; local leakage/diversity pass; release-schema gate closed
hard::hard_role_flip_361	hard_role_flip	L4	content taxonomy mapping	hard_role_flip_361	2	blind_gate_pass	pass	none	yes	admitted_after_blind_oracle_leakage_release_gates	blind/oracle gates plus local programmatic audits	blind/static-cue gate pass; query-aware oracle gate pass; local leakage/diversity pass; release-schema gate closed
hard::hard_role_flip_362	hard_role_flip	L3	content taxonomy mapping	hard_role_flip_362	2	blind_gate_pass	pass	none	yes	admitted_after_blind_oracle_leakage_release_gates	blind/oracle gates plus local programmatic audits	blind/static-cue gate pass; query-aware oracle gate pass; local leakage/diversity pass; release-schema gate closed
hard::hard_role_flip_363	hard_role_flip	L4	call center quality audit	hard_role_flip_363	2	blind_gate_pass	pass	none	yes	admitted_after_blind_oracle_leakage_release_gates	blind/oracle gates plus local programmatic audits	blind/static-cue gate pass; query-aware oracle gate pass; local leakage/diversity pass; release-schema gate closed
hard::hard_role_flip_364	hard_role_flip	L4	call center quality audit	hard_role_flip_364	2	blind_gate_pass	pass	none	yes	admitted_after_blind_oracle_leakage_release_gates	blind/oracle gates plus local programmatic audits	blind/static-cue gate pass; query-aware oracle gate pass; local leakage/diversity pass; release-schema gate closed
hard::hard_role_flip_365	hard_role_flip	L4	call center quality audit	hard_role_flip_365	2	blind_gate_pass	pass	none	yes	admitted_after_blind_oracle_leakage_release_gates	blind/oracle gates plus local programmatic audits	blind/static-cue gate pass; query-aware oracle gate pass; local leakage/diversity pass; release-schema gate closed
hard::hard_role_flip_366	hard_role_flip	L3	call center quality audit	hard_role_flip_366	2	blind_gate_pass	pass	none	yes	admitted_after_blind_oracle_leakage_release_gates	blind/oracle gates plus local programmatic audits	blind/static-cue gate pass; query-aware oracle gate pass; local leakage/diversity pass; release-schema gate closed
hard::hard_role_flip_367	hard_role_flip	L3	call center quality audit	hard_role_flip_367	2	blind_gate_pass	pass	none	yes	admitted_after_blind_oracle_leakage_release_gates	blind/oracle gates plus local programmatic audits	blind/static-cue gate pass; query-aware oracle gate pass; local leakage/diversity pass; release-schema gate closed
hard::hard_role_flip_368	hard_role_flip	L4	call center quality audit	hard_role_flip_368	2	blind_gate_pass	pass	none	yes	admitted_after_blind_oracle_leakage_release_gates	blind/oracle gates plus local programmatic audits	blind/static-cue gate pass; query-aware oracle gate pass; local leakage/diversity pass; release-schema gate closed
hard::hard_role_flip_369	hard_role_flip	L3	call center quality audit	hard_role_flip_369	2	blind_gate_pass	pass	none	yes	admitted_after_blind_oracle_leakage_release_gates	blind/oracle gates plus local programmatic audits	blind/static-cue gate pass; query-aware oracle gate pass; local leakage/diversity pass; release-schema gate closed
hard::hard_role_flip_370	hard_role_flip	L4	call center quality audit	hard_role_flip_370	2	blind_gate_pass	pass	none	yes	admitted_after_blind_oracle_leakage_release_gates	blind/oracle gates plus local programmatic audits	blind/static-cue gate pass; query-aware oracle gate pass; local leakage/diversity pass; release-schema gate closed
hard::hard_role_flip_371	hard_role_flip	L3	call center quality audit	hard_role_flip_371	2	blind_gate_pass	pass	none	yes	admitted_after_blind_oracle_leakage_release_gates	blind/oracle gates plus local programmatic audits	blind/static-cue gate pass; query-aware oracle gate pass; local leakage/diversity pass; release-schema gate closed
hard::hard_role_flip_372	hard_role_flip	L4	environmental permit review	hard_role_flip_372	2	blind_gate_pass	pass	none	yes	admitted_after_blind_oracle_leakage_release_gates	blind/oracle gates plus local programmatic audits	blind/static-cue gate pass; query-aware oracle gate pass; local leakage/diversity pass; release-schema gate closed
hard::hard_role_flip_373	hard_role_flip	L4	environmental permit review	hard_role_flip_373	2	blind_gate_pass	pass	none	yes	admitted_after_blind_oracle_leakage_release_gates	blind/oracle gates plus local programmatic audits	blind/static-cue gate pass; query-aware oracle gate pass; local leakage/diversity pass; release-schema gate closed
hard::hard_role_flip_374	hard_role_flip	L4	environmental permit review	hard_role_flip_374	2	blind_gate_pass	pass	none	yes	admitted_after_blind_oracle_leakage_release_gates	blind/oracle gates plus local programmatic audits	blind/static-cue gate pass; query-aware oracle gate pass; local leakage/diversity pass; release-schema gate closed
hard::hard_role_flip_375	hard_role_flip	L3	environmental permit review	hard_role_flip_375	2	blind_gate_pass	pass	none	yes	admitted_after_blind_oracle_leakage_release_gates	blind/oracle gates plus local programmatic audits	blind/static-cue gate pass; query-aware oracle gate pass; local leakage/diversity pass; release-schema gate closed
hard::hard_role_flip_376	hard_role_flip	L3	environmental permit review	hard_role_flip_376	2	blind_gate_pass	pass	none	yes	admitted_after_blind_oracle_leakage_release_gates	blind/oracle gates plus local programmatic audits	blind/static-cue gate pass; query-aware oracle gate pass; local leakage/diversity pass; release-schema gate closed
hard::hard_role_flip_377	hard_role_flip	L4	environmental permit review	hard_role_flip_377	2	blind_gate_pass	pass	none	yes	admitted_after_blind_oracle_leakage_release_gates	blind/oracle gates plus local programmatic audits	blind/static-cue gate pass; query-aware oracle gate pass; local leakage/diversity pass; release-schema gate closed
hard::hard_role_flip_378	hard_role_flip	L3	environmental permit review	hard_role_flip_378	2	blind_gate_pass	pass	none	yes	admitted_after_blind_oracle_leakage_release_gates	blind/oracle gates plus local programmatic audits	blind/static-cue gate pass; query-aware oracle gate pass; local leakage/diversity pass; release-schema gate closed
hard::hard_role_flip_379	hard_role_flip	L4	environmental permit review	hard_role_flip_379	2	blind_gate_pass	pass	none	yes	admitted_after_blind_oracle_leakage_release_gates	blind/oracle gates plus local programmatic audits	blind/static-cue gate pass; query-aware oracle gate pass; local leakage/diversity pass; release-schema gate closed
hard::hard_role_flip_380	hard_role_flip	L3	environmental permit review	hard_role_flip_380	2	blind_gate_pass	pass	none	yes	admitted_after_blind_oracle_leakage_release_gates	blind/oracle gates plus local programmatic audits	blind/static-cue gate pass; query-aware oracle gate pass; local leakage/diversity pass; release-schema gate closed
hard::hard_role_flip_381	hard_role_flip	L4	repository dependency review	hard_role_flip_381	2	blind_gate_pass	pass	none	yes	admitted_after_blind_oracle_leakage_release_gates	blind/oracle gates plus local programmatic audits	blind/static-cue gate pass; query-aware oracle gate pass; local leakage/diversity pass; release-schema gate closed
hard::hard_role_flip_382	hard_role_flip	L4	repository dependency review	hard_role_flip_382	2	blind_gate_pass	pass	none	yes	admitted_after_blind_oracle_leakage_release_gates	blind/oracle gates plus local programmatic audits	blind/static-cue gate pass; query-aware oracle gate pass; local leakage/diversity pass; release-schema gate closed
hard::hard_role_flip_383	hard_role_flip	L4	repository dependency review	hard_role_flip_383	2	blind_gate_pass	pass	none	yes	admitted_after_blind_oracle_leakage_release_gates	blind/oracle gates plus local programmatic audits	blind/static-cue gate pass; query-aware oracle gate pass; local leakage/diversity pass; release-schema gate closed
hard::hard_role_flip_384	hard_role_flip	L3	repository dependency review	hard_role_flip_384	2	blind_gate_pass	pass	none	yes	admitted_after_blind_oracle_leakage_release_gates	blind/oracle gates plus local programmatic audits	blind/static-cue gate pass; query-aware oracle gate pass; local leakage/diversity pass; release-schema gate closed
hard::hard_role_flip_385	hard_role_flip	L3	repository dependency review	hard_role_flip_385	2	blind_gate_pass	pass	none	yes	admitted_after_blind_oracle_leakage_release_gates	blind/oracle gates plus local programmatic audits	blind/static-cue gate pass; query-aware oracle gate pass; local leakage/diversity pass; release-schema gate closed
hard::hard_role_flip_386	hard_role_flip	L4	repository dependency review	hard_role_flip_386	2	blind_gate_pass	pass	none	yes	admitted_after_blind_oracle_leakage_release_gates	blind/oracle gates plus local programmatic audits	blind/static-cue gate pass; query-aware oracle gate pass; local leakage/diversity pass; release-schema gate closed
hard::hard_role_flip_387	hard_role_flip	L3	repository dependency review	hard_role_flip_387	2	blind_gate_pass	pass	none	yes	admitted_after_blind_oracle_leakage_release_gates	blind/oracle gates plus local programmatic audits	blind/static-cue gate pass; query-aware oracle gate pass; local leakage/diversity pass; release-schema gate closed
hard::hard_role_flip_388	hard_role_flip	L4	repository dependency review	hard_role_flip_388	2	blind_gate_pass	pass	none	yes	admitted_after_blind_oracle_leakage_release_gates	blind/oracle gates plus local programmatic audits	blind/static-cue gate pass; query-aware oracle gate pass; local leakage/diversity pass; release-schema gate closed
hard::hard_role_flip_389	hard_role_flip	L3	repository dependency review	hard_role_flip_389	2	blind_gate_pass	pass	none	yes	admitted_after_blind_oracle_leakage_release_gates	blind/oracle gates plus local programmatic audits	blind/static-cue gate pass; query-aware oracle gate pass; local leakage/diversity pass; release-schema gate closed
hard::hard_role_flip_390	hard_role_flip	L4	market research coding	hard_role_flip_390	2	blind_gate_pass	pass	none	yes	admitted_after_blind_oracle_leakage_release_gates	blind/oracle gates plus local programmatic audits	blind/static-cue gate pass; query-aware oracle gate pass; local leakage/diversity pass; release-schema gate closed
hard::hard_role_flip_391	hard_role_flip	L4	market research coding	hard_role_flip_391	2	blind_gate_pass	pass	none	yes	admitted_after_blind_oracle_leakage_release_gates	blind/oracle gates plus local programmatic audits	blind/static-cue gate pass; query-aware oracle gate pass; local leakage/diversity pass; release-schema gate closed
hard::hard_role_flip_392	hard_role_flip	L4	market research coding	hard_role_flip_392	2	blind_gate_pass	pass	none	yes	admitted_after_blind_oracle_leakage_release_gates	blind/oracle gates plus local programmatic audits	blind/static-cue gate pass; query-aware oracle gate pass; local leakage/diversity pass; release-schema gate closed
hard::hard_role_flip_393	hard_role_flip	L3	market research coding	hard_role_flip_393	2	blind_gate_pass	pass	none	yes	admitted_after_blind_oracle_leakage_release_gates	blind/oracle gates plus local programmatic audits	blind/static-cue gate pass; query-aware oracle gate pass; local leakage/diversity pass; release-schema gate closed
hard::hard_role_flip_394	hard_role_flip	L3	market research coding	hard_role_flip_394	2	blind_gate_pass	pass	none	yes	admitted_after_blind_oracle_leakage_release_gates	blind/oracle gates plus local programmatic audits	blind/static-cue gate pass; query-aware oracle gate pass; local leakage/diversity pass; release-schema gate closed
hard::hard_role_flip_395	hard_role_flip	L4	market research coding	hard_role_flip_395	2	blind_gate_pass	pass	none	yes	admitted_after_blind_oracle_leakage_release_gates	blind/oracle gates plus local programmatic audits	blind/static-cue gate pass; query-aware oracle gate pass; local leakage/diversity pass; release-schema gate closed
hard::hard_role_flip_396	hard_role_flip	L3	market research coding	hard_role_flip_396	2	blind_gate_pass	pass	none	yes	admitted_after_blind_oracle_leakage_release_gates	blind/oracle gates plus local programmatic audits	blind/static-cue gate pass; query-aware oracle gate pass; local leakage/diversity pass; release-schema gate closed
hard::hard_role_flip_397	hard_role_flip	L4	market research coding	hard_role_flip_397	2	blind_gate_pass	pass	none	yes	admitted_after_blind_oracle_leakage_release_gates	blind/oracle gates plus local programmatic audits	blind/static-cue gate pass; query-aware oracle gate pass; local leakage/diversity pass; release-schema gate closed
hard::hard_role_flip_398	hard_role_flip	L3	market research coding	hard_role_flip_398	2	blind_gate_pass	pass	none	yes	admitted_after_blind_oracle_leakage_release_gates	blind/oracle gates plus local programmatic audits	blind/static-cue gate pass; query-aware oracle gate pass; local leakage/diversity pass; release-schema gate closed
hard::hard_role_flip_399	hard_role_flip	L4	fraud investigation	hard_role_flip_399	2	blind_gate_pass	pass	none	yes	admitted_after_blind_oracle_leakage_release_gates	blind/oracle gates plus local programmatic audits	blind/static-cue gate pass; query-aware oracle gate pass; local leakage/diversity pass; release-schema gate closed
hard::hard_role_flip_400	hard_role_flip	L4	fraud investigation	hard_role_flip_400	2	blind_gate_pass	pass	none	yes	admitted_after_blind_oracle_leakage_release_gates	blind/oracle gates plus local programmatic audits	blind/static-cue gate pass; query-aware oracle gate pass; local leakage/diversity pass; release-schema gate closed
hard::hard_role_flip_401	hard_role_flip	L4	fraud investigation	hard_role_flip_401	2	blind_gate_pass	pass	none	yes	admitted_after_blind_oracle_leakage_release_gates	blind/oracle gates plus local programmatic audits	blind/static-cue gate pass; query-aware oracle gate pass; local leakage/diversity pass; release-schema gate closed
hard::hard_role_flip_402	hard_role_flip	L3	fraud investigation	hard_role_flip_402	2	blind_gate_pass	pass	none	yes	admitted_after_blind_oracle_leakage_release_gates	blind/oracle gates plus local programmatic audits	blind/static-cue gate pass; query-aware oracle gate pass; local leakage/diversity pass; release-schema gate closed
hard::hard_role_flip_403	hard_role_flip	L3	fraud investigation	hard_role_flip_403	2	blind_gate_pass	pass	none	yes	admitted_after_blind_oracle_leakage_release_gates	blind/oracle gates plus local programmatic audits	blind/static-cue gate pass; query-aware oracle gate pass; local leakage/diversity pass; release-schema gate closed
hard::hard_role_flip_404	hard_role_flip	L4	fraud investigation	hard_role_flip_404	2	blind_gate_pass	pass	none	yes	admitted_after_blind_oracle_leakage_release_gates	blind/oracle gates plus local programmatic audits	blind/static-cue gate pass; query-aware oracle gate pass; local leakage/diversity pass; release-schema gate closed
hard::hard_role_flip_405	hard_role_flip	L3	fraud investigation	hard_role_flip_405	2	blind_gate_pass	pass	none	yes	admitted_after_blind_oracle_leakage_release_gates	blind/oracle gates plus local programmatic audits	blind/static-cue gate pass; query-aware oracle gate pass; local leakage/diversity pass; release-schema gate closed
hard::hard_role_flip_406	hard_role_flip	L4	fraud investigation	hard_role_flip_406	2	blind_gate_pass	pass	none	yes	admitted_after_blind_oracle_leakage_release_gates	blind/oracle gates plus local programmatic audits	blind/static-cue gate pass; query-aware oracle gate pass; local leakage/diversity pass; release-schema gate closed
hard::hard_role_flip_407	hard_role_flip	L3	fraud investigation	hard_role_flip_407	2	blind_gate_pass	pass	none	yes	admitted_after_blind_oracle_leakage_release_gates	blind/oracle gates plus local programmatic audits	blind/static-cue gate pass; query-aware oracle gate pass; local leakage/diversity pass; release-schema gate closed
hard::hard_role_flip_408	hard_role_flip	L4	medical claims coding	hard_role_flip_408	2	blind_gate_pass	pass	none	yes	admitted_after_blind_oracle_leakage_release_gates	blind/oracle gates plus local programmatic audits	blind/static-cue gate pass; query-aware oracle gate pass; local leakage/diversity pass; release-schema gate closed
hard::hard_role_flip_409	hard_role_flip	L4	medical claims coding	hard_role_flip_409	2	blind_gate_pass	pass	none	yes	admitted_after_blind_oracle_leakage_release_gates	blind/oracle gates plus local programmatic audits	blind/static-cue gate pass; query-aware oracle gate pass; local leakage/diversity pass; release-schema gate closed
hard::hard_role_flip_410	hard_role_flip	L4	medical claims coding	hard_role_flip_410	2	blind_gate_pass	pass	none	yes	admitted_after_blind_oracle_leakage_release_gates	blind/oracle gates plus local programmatic audits	blind/static-cue gate pass; query-aware oracle gate pass; local leakage/diversity pass; release-schema gate closed
hard::hard_role_flip_411	hard_role_flip	L3	medical claims coding	hard_role_flip_411	2	blind_gate_pass	pass	none	yes	admitted_after_blind_oracle_leakage_release_gates	blind/oracle gates plus local programmatic audits	blind/static-cue gate pass; query-aware oracle gate pass; local leakage/diversity pass; release-schema gate closed
hard::hard_role_flip_412	hard_role_flip	L3	medical claims coding	hard_role_flip_412	2	blind_gate_pass	pass	none	yes	admitted_after_blind_oracle_leakage_release_gates	blind/oracle gates plus local programmatic audits	blind/static-cue gate pass; query-aware oracle gate pass; local leakage/diversity pass; release-schema gate closed
hard::hard_role_flip_413	hard_role_flip	L4	medical claims coding	hard_role_flip_413	2	blind_gate_pass	pass	none	yes	admitted_after_blind_oracle_leakage_release_gates	blind/oracle gates plus local programmatic audits	blind/static-cue gate pass; query-aware oracle gate pass; local leakage/diversity pass; release-schema gate closed
hard::hard_role_flip_414	hard_role_flip	L3	medical claims coding	hard_role_flip_414	2	blind_gate_pass	pass	none	yes	admitted_after_blind_oracle_leakage_release_gates	blind/oracle gates plus local programmatic audits	blind/static-cue gate pass; query-aware oracle gate pass; local leakage/diversity pass; release-schema gate closed
hard::hard_role_flip_415	hard_role_flip	L4	medical claims coding	hard_role_flip_415	2	blind_gate_pass	pass	none	yes	admitted_after_blind_oracle_leakage_release_gates	blind/oracle gates plus local programmatic audits	blind/static-cue gate pass; query-aware oracle gate pass; local leakage/diversity pass; release-schema gate closed
hard::hard_role_flip_416	hard_role_flip	L3	medical claims coding	hard_role_flip_416	2	blind_gate_pass	pass	none	yes	admitted_after_blind_oracle_leakage_release_gates	blind/oracle gates plus local programmatic audits	blind/static-cue gate pass; query-aware oracle gate pass; local leakage/diversity pass; release-schema gate closed
hard::hard_role_flip_417	hard_role_flip	L4	sales pipeline inspection	hard_role_flip_417	2	blind_gate_pass	pass	none	yes	admitted_after_blind_oracle_leakage_release_gates	blind/oracle gates plus local programmatic audits	blind/static-cue gate pass; query-aware oracle gate pass; local leakage/diversity pass; release-schema gate closed
hard::hard_role_flip_418	hard_role_flip	L4	sales pipeline inspection	hard_role_flip_418	2	blind_gate_pass	pass	none	yes	admitted_after_blind_oracle_leakage_release_gates	blind/oracle gates plus local programmatic audits	blind/static-cue gate pass; query-aware oracle gate pass; local leakage/diversity pass; release-schema gate closed
hard::hard_role_flip_419	hard_role_flip	L4	sales pipeline inspection	hard_role_flip_419	2	blind_gate_pass	pass	none	yes	admitted_after_blind_oracle_leakage_release_gates	blind/oracle gates plus local programmatic audits	blind/static-cue gate pass; query-aware oracle gate pass; local leakage/diversity pass; release-schema gate closed
hard::hard_role_flip_420	hard_role_flip	L3	sales pipeline inspection	hard_role_flip_420	2	blind_gate_pass	pass	none	yes	admitted_after_blind_oracle_leakage_release_gates	blind/oracle gates plus local programmatic audits	blind/static-cue gate pass; query-aware oracle gate pass; local leakage/diversity pass; release-schema gate closed
hard::hard_role_flip_421	hard_role_flip	L3	sales pipeline inspection	hard_role_flip_421	2	blind_gate_pass	pass	none	yes	admitted_after_blind_oracle_leakage_release_gates	blind/oracle gates plus local programmatic audits	blind/static-cue gate pass; query-aware oracle gate pass; local leakage/diversity pass; release-schema gate closed
hard::hard_role_flip_422	hard_role_flip	L4	sales pipeline inspection	hard_role_flip_422	2	blind_gate_pass	pass	none	yes	admitted_after_blind_oracle_leakage_release_gates	blind/oracle gates plus local programmatic audits	blind/static-cue gate pass; query-aware oracle gate pass; local leakage/diversity pass; release-schema gate closed
hard::hard_role_flip_423	hard_role_flip	L3	sales pipeline inspection	hard_role_flip_423	2	blind_gate_pass	pass	none	yes	admitted_after_blind_oracle_leakage_release_gates	blind/oracle gates plus local programmatic audits	blind/static-cue gate pass; query-aware oracle gate pass; local leakage/diversity pass; release-schema gate closed
hard::hard_role_flip_424	hard_role_flip	L4	sales pipeline inspection	hard_role_flip_424	2	blind_gate_pass	pass	none	yes	admitted_after_blind_oracle_leakage_release_gates	blind/oracle gates plus local programmatic audits	blind/static-cue gate pass; query-aware oracle gate pass; local leakage/diversity pass; release-schema gate closed
hard::hard_role_flip_425	hard_role_flip	L3	sales pipeline inspection	hard_role_flip_425	2	blind_gate_pass	pass	none	yes	admitted_after_blind_oracle_leakage_release_gates	blind/oracle gates plus local programmatic audits	blind/static-cue gate pass; query-aware oracle gate pass; local leakage/diversity pass; release-schema gate closed
hard::hard_role_flip_426	hard_role_flip	L4	retail assortment planning	hard_role_flip_426	2	blind_gate_pass	pass	none	yes	admitted_after_blind_oracle_leakage_release_gates	blind/oracle gates plus local programmatic audits	blind/static-cue gate pass; query-aware oracle gate pass; local leakage/diversity pass; release-schema gate closed
hard::hard_role_flip_427	hard_role_flip	L4	retail assortment planning	hard_role_flip_427	2	blind_gate_pass	pass	none	yes	admitted_after_blind_oracle_leakage_release_gates	blind/oracle gates plus local programmatic audits	blind/static-cue gate pass; query-aware oracle gate pass; local leakage/diversity pass; release-schema gate closed
hard::hard_role_flip_428	hard_role_flip	L4	retail assortment planning	hard_role_flip_428	2	blind_gate_pass	pass	none	yes	admitted_after_blind_oracle_leakage_release_gates	blind/oracle gates plus local programmatic audits	blind/static-cue gate pass; query-aware oracle gate pass; local leakage/diversity pass; release-schema gate closed
hard::hard_role_flip_429	hard_role_flip	L3	retail assortment planning	hard_role_flip_429	2	blind_gate_pass	pass	none	yes	admitted_after_blind_oracle_leakage_release_gates	blind/oracle gates plus local programmatic audits	blind/static-cue gate pass; query-aware oracle gate pass; local leakage/diversity pass; release-schema gate closed
hard::hard_role_flip_430	hard_role_flip	L3	retail assortment planning	hard_role_flip_430	2	blind_gate_pass	pass	none	yes	admitted_after_blind_oracle_leakage_release_gates	blind/oracle gates plus local programmatic audits	blind/static-cue gate pass; query-aware oracle gate pass; local leakage/diversity pass; release-schema gate closed
hard::hard_role_flip_431	hard_role_flip	L4	retail assortment planning	hard_role_flip_431	2	blind_gate_pass	pass	none	yes	admitted_after_blind_oracle_leakage_release_gates	blind/oracle gates plus local programmatic audits	blind/static-cue gate pass; query-aware oracle gate pass; local leakage/diversity pass; release-schema gate closed
hard::hard_role_flip_432	hard_role_flip	L3	retail assortment planning	hard_role_flip_432	2	blind_gate_pass	pass	none	yes	admitted_after_blind_oracle_leakage_release_gates	blind/oracle gates plus local programmatic audits	blind/static-cue gate pass; query-aware oracle gate pass; local leakage/diversity pass; release-schema gate closed
hard::hard_role_flip_433	hard_role_flip	L4	retail assortment planning	hard_role_flip_433	2	blind_gate_pass	pass	none	yes	admitted_after_blind_oracle_leakage_release_gates	blind/oracle gates plus local programmatic audits	blind/static-cue gate pass; query-aware oracle gate pass; local leakage/diversity pass; release-schema gate closed
hard::hard_role_flip_434	hard_role_flip	L3	retail assortment planning	hard_role_flip_434	2	blind_gate_pass	pass	none	yes	admitted_after_blind_oracle_leakage_release_gates	blind/oracle gates plus local programmatic audits	blind/static-cue gate pass; query-aware oracle gate pass; local leakage/diversity pass; release-schema gate closed
hard::hard_role_flip_435	hard_role_flip	L4	academic manuscript screening	hard_role_flip_435	2	blind_gate_pass	pass	none	yes	admitted_after_blind_oracle_leakage_release_gates	blind/oracle gates plus local programmatic audits	blind/static-cue gate pass; query-aware oracle gate pass; local leakage/diversity pass; release-schema gate closed
hard::hard_role_flip_436	hard_role_flip	L4	academic manuscript screening	hard_role_flip_436	2	blind_gate_pass	pass	none	yes	admitted_after_blind_oracle_leakage_release_gates	blind/oracle gates plus local programmatic audits	blind/static-cue gate pass; query-aware oracle gate pass; local leakage/diversity pass; release-schema gate closed
hard::hard_role_flip_437	hard_role_flip	L4	academic manuscript screening	hard_role_flip_437	2	blind_gate_pass	pass	none	yes	admitted_after_blind_oracle_leakage_release_gates	blind/oracle gates plus local programmatic audits	blind/static-cue gate pass; query-aware oracle gate pass; local leakage/diversity pass; release-schema gate closed
hard::hard_role_flip_438	hard_role_flip	L3	academic manuscript screening	hard_role_flip_438	2	blind_gate_pass	pass	none	yes	admitted_after_blind_oracle_leakage_release_gates	blind/oracle gates plus local programmatic audits	blind/static-cue gate pass; query-aware oracle gate pass; local leakage/diversity pass; release-schema gate closed
hard::hard_role_flip_439	hard_role_flip	L3	academic manuscript screening	hard_role_flip_439	2	blind_gate_pass	pass	none	yes	admitted_after_blind_oracle_leakage_release_gates	blind/oracle gates plus local programmatic audits	blind/static-cue gate pass; query-aware oracle gate pass; local leakage/diversity pass; release-schema gate closed
hard::hard_role_flip_440	hard_role_flip	L4	academic manuscript screening	hard_role_flip_440	2	blind_gate_pass	pass	none	yes	admitted_after_blind_oracle_leakage_release_gates	blind/oracle gates plus local programmatic audits	blind/static-cue gate pass; query-aware oracle gate pass; local leakage/diversity pass; release-schema gate closed
hard::hard_role_flip_441	hard_role_flip	L3	academic manuscript screening	hard_role_flip_441	2	blind_gate_pass	pass	none	yes	admitted_after_blind_oracle_leakage_release_gates	blind/oracle gates plus local programmatic audits	blind/static-cue gate pass; query-aware oracle gate pass; local leakage/diversity pass; release-schema gate closed
hard::hard_role_flip_442	hard_role_flip	L4	academic manuscript screening	hard_role_flip_442	2	blind_gate_pass	pass	none	yes	admitted_after_blind_oracle_leakage_release_gates	blind/oracle gates plus local programmatic audits	blind/static-cue gate pass; query-aware oracle gate pass; local leakage/diversity pass; release-schema gate closed
hard::hard_role_flip_443	hard_role_flip	L3	academic manuscript screening	hard_role_flip_443	2	blind_gate_pass	pass	none	yes	admitted_after_blind_oracle_leakage_release_gates	blind/oracle gates plus local programmatic audits	blind/static-cue gate pass; query-aware oracle gate pass; local leakage/diversity pass; release-schema gate closed
hard::hard_role_flip_444	hard_role_flip	L4	incident response handoff	hard_role_flip_444	2	blind_gate_pass	pass	none	yes	admitted_after_blind_oracle_leakage_release_gates	blind/oracle gates plus local programmatic audits	blind/static-cue gate pass; query-aware oracle gate pass; local leakage/diversity pass; release-schema gate closed
hard::hard_role_flip_445	hard_role_flip	L4	incident response handoff	hard_role_flip_445	2	blind_gate_pass	pass	none	yes	admitted_after_blind_oracle_leakage_release_gates	blind/oracle gates plus local programmatic audits	blind/static-cue gate pass; query-aware oracle gate pass; local leakage/diversity pass; release-schema gate closed
hard::hard_role_flip_446	hard_role_flip	L4	incident response handoff	hard_role_flip_446	2	blind_gate_pass	pass	none	yes	admitted_after_blind_oracle_leakage_release_gates	blind/oracle gates plus local programmatic audits	blind/static-cue gate pass; query-aware oracle gate pass; local leakage/diversity pass; release-schema gate closed
hard::hard_role_flip_447	hard_role_flip	L3	incident response handoff	hard_role_flip_447	2	blind_gate_pass	pass	none	yes	admitted_after_blind_oracle_leakage_release_gates	blind/oracle gates plus local programmatic audits	blind/static-cue gate pass; query-aware oracle gate pass; local leakage/diversity pass; release-schema gate closed
hard::hard_role_flip_448	hard_role_flip	L3	incident response handoff	hard_role_flip_448	2	blind_gate_pass	pass	none	yes	admitted_after_blind_oracle_leakage_release_gates	blind/oracle gates plus local programmatic audits	blind/static-cue gate pass; query-aware oracle gate pass; local leakage/diversity pass; release-schema gate closed
hard::hard_role_flip_449	hard_role_flip	L4	incident response handoff	hard_role_flip_449	2	blind_gate_pass	pass	none	yes	admitted_after_blind_oracle_leakage_release_gates	blind/oracle gates plus local programmatic audits	blind/static-cue gate pass; query-aware oracle gate pass; local leakage/diversity pass; release-schema gate closed
hard::hard_role_flip_450	hard_role_flip	L3	incident response handoff	hard_role_flip_450	2	blind_gate_pass	pass	none	yes	admitted_after_blind_oracle_leakage_release_gates	blind/oracle gates plus local programmatic audits	blind/static-cue gate pass; query-aware oracle gate pass; local leakage/diversity pass; release-schema gate closed
hard::hard_role_flip_451	hard_role_flip	L4	incident response handoff	hard_role_flip_451	2	blind_gate_pass	pass	none	yes	admitted_after_blind_oracle_leakage_release_gates	blind/oracle gates plus local programmatic audits	blind/static-cue gate pass; query-aware oracle gate pass; local leakage/diversity pass; release-schema gate closed
hard::hard_role_flip_452	hard_role_flip	L3	incident response handoff	hard_role_flip_452	2	blind_gate_pass	pass	none	yes	admitted_after_blind_oracle_leakage_release_gates	blind/oracle gates plus local programmatic audits	blind/static-cue gate pass; query-aware oracle gate pass; local leakage/diversity pass; release-schema gate closed
hard::hard_role_flip_453	hard_role_flip	L4	building maintenance planning	hard_role_flip_453	2	blind_gate_pass	pass	none	yes	admitted_after_blind_oracle_leakage_release_gates	blind/oracle gates plus local programmatic audits	blind/static-cue gate pass; query-aware oracle gate pass; local leakage/diversity pass; release-schema gate closed
hard::hard_role_flip_454	hard_role_flip	L4	building maintenance planning	hard_role_flip_454	2	blind_gate_pass	pass	none	yes	admitted_after_blind_oracle_leakage_release_gates	blind/oracle gates plus local programmatic audits	blind/static-cue gate pass; query-aware oracle gate pass; local leakage/diversity pass; release-schema gate closed
hard::hard_role_flip_455	hard_role_flip	L4	building maintenance planning	hard_role_flip_455	2	blind_gate_pass	pass	none	yes	admitted_after_blind_oracle_leakage_release_gates	blind/oracle gates plus local programmatic audits	blind/static-cue gate pass; query-aware oracle gate pass; local leakage/diversity pass; release-schema gate closed
hard::hard_role_flip_456	hard_role_flip	L3	building maintenance planning	hard_role_flip_456	2	blind_gate_pass	pass	none	yes	admitted_after_blind_oracle_leakage_release_gates	blind/oracle gates plus local programmatic audits	blind/static-cue gate pass; query-aware oracle gate pass; local leakage/diversity pass; release-schema gate closed
hard::hard_role_flip_457	hard_role_flip	L3	building maintenance planning	hard_role_flip_457	2	blind_gate_pass	pass	none	yes	admitted_after_blind_oracle_leakage_release_gates	blind/oracle gates plus local programmatic audits	blind/static-cue gate pass; query-aware oracle gate pass; local leakage/diversity pass; release-schema gate closed
hard::hard_role_flip_458	hard_role_flip	L4	building maintenance planning	hard_role_flip_458	2	blind_gate_pass	pass	none	yes	admitted_after_blind_oracle_leakage_release_gates	blind/oracle gates plus local programmatic audits	blind/static-cue gate pass; query-aware oracle gate pass; local leakage/diversity pass; release-schema gate closed
hard::hard_role_flip_459	hard_role_flip	L3	building maintenance planning	hard_role_flip_459	2	blind_gate_pass	pass	none	yes	admitted_after_blind_oracle_leakage_release_gates	blind/oracle gates plus local programmatic audits	blind/static-cue gate pass; query-aware oracle gate pass; local leakage/diversity pass; release-schema gate closed
hard::hard_role_flip_460	hard_role_flip	L4	building maintenance planning	hard_role_flip_460	2	blind_gate_pass	pass	none	yes	admitted_after_blind_oracle_leakage_release_gates	blind/oracle gates plus local programmatic audits	blind/static-cue gate pass; query-aware oracle gate pass; local leakage/diversity pass; release-schema gate closed
hard::hard_role_flip_461	hard_role_flip	L3	building maintenance planning	hard_role_flip_461	2	blind_gate_pass	pass	none	yes	admitted_after_blind_oracle_leakage_release_gates	blind/oracle gates plus local programmatic audits	blind/static-cue gate pass; query-aware oracle gate pass; local leakage/diversity pass; release-schema gate closed
hard::hard_role_flip_462	hard_role_flip	L4	lab instrument run review	hard_role_flip_462	2	blind_gate_pass	pass	none	yes	admitted_after_blind_oracle_leakage_release_gates	blind/oracle gates plus local programmatic audits	blind/static-cue gate pass; query-aware oracle gate pass; local leakage/diversity pass; release-schema gate closed
hard::hard_role_flip_463	hard_role_flip	L4	lab instrument run review	hard_role_flip_463	2	blind_gate_pass	pass	none	yes	admitted_after_blind_oracle_leakage_release_gates	blind/oracle gates plus local programmatic audits	blind/static-cue gate pass; query-aware oracle gate pass; local leakage/diversity pass; release-schema gate closed
hard::hard_role_flip_464	hard_role_flip	L4	lab instrument run review	hard_role_flip_464	2	blind_gate_pass	pass	none	yes	admitted_after_blind_oracle_leakage_release_gates	blind/oracle gates plus local programmatic audits	blind/static-cue gate pass; query-aware oracle gate pass; local leakage/diversity pass; release-schema gate closed
hard::hard_role_flip_465	hard_role_flip	L3	lab instrument run review	hard_role_flip_465	2	blind_gate_pass	pass	none	yes	admitted_after_blind_oracle_leakage_release_gates	blind/oracle gates plus local programmatic audits	blind/static-cue gate pass; query-aware oracle gate pass; local leakage/diversity pass; release-schema gate closed
hard::hard_role_flip_466	hard_role_flip	L3	lab instrument run review	hard_role_flip_466	2	blind_gate_pass	pass	none	yes	admitted_after_blind_oracle_leakage_release_gates	blind/oracle gates plus local programmatic audits	blind/static-cue gate pass; query-aware oracle gate pass; local leakage/diversity pass; release-schema gate closed
hard::hard_role_flip_467	hard_role_flip	L4	lab instrument run review	hard_role_flip_467	2	blind_gate_pass	pass	none	yes	admitted_after_blind_oracle_leakage_release_gates	blind/oracle gates plus local programmatic audits	blind/static-cue gate pass; query-aware oracle gate pass; local leakage/diversity pass; release-schema gate closed
hard::hard_role_flip_468	hard_role_flip	L3	lab instrument run review	hard_role_flip_468	2	blind_gate_pass	pass	none	yes	admitted_after_blind_oracle_leakage_release_gates	blind/oracle gates plus local programmatic audits	blind/static-cue gate pass; query-aware oracle gate pass; local leakage/diversity pass; release-schema gate closed
hard::hard_role_flip_469	hard_role_flip	L4	lab instrument run review	hard_role_flip_469	2	blind_gate_pass	pass	none	yes	admitted_after_blind_oracle_leakage_release_gates	blind/oracle gates plus local programmatic audits	blind/static-cue gate pass; query-aware oracle gate pass; local leakage/diversity pass; release-schema gate closed
hard::hard_role_flip_470	hard_role_flip	L3	lab instrument run review	hard_role_flip_470	2	blind_gate_pass	pass	none	yes	admitted_after_blind_oracle_leakage_release_gates	blind/oracle gates plus local programmatic audits	blind/static-cue gate pass; query-aware oracle gate pass; local leakage/diversity pass; release-schema gate closed
hard::hard_role_flip_471	hard_role_flip	L4	loan underwriting	hard_role_flip_471	2	blind_gate_pass	pass	none	yes	admitted_after_blind_oracle_leakage_release_gates	blind/oracle gates plus local programmatic audits	blind/static-cue gate pass; query-aware oracle gate pass; local leakage/diversity pass; release-schema gate closed
hard::hard_role_flip_472	hard_role_flip	L4	loan underwriting	hard_role_flip_472	2	blind_gate_pass	pass	none	yes	admitted_after_blind_oracle_leakage_release_gates	blind/oracle gates plus local programmatic audits	blind/static-cue gate pass; query-aware oracle gate pass; local leakage/diversity pass; release-schema gate closed
hard::hard_role_flip_473	hard_role_flip	L4	loan underwriting	hard_role_flip_473	2	blind_gate_pass	pass	none	yes	admitted_after_blind_oracle_leakage_release_gates	blind/oracle gates plus local programmatic audits	blind/static-cue gate pass; query-aware oracle gate pass; local leakage/diversity pass; release-schema gate closed
hard::hard_role_flip_474	hard_role_flip	L3	loan underwriting	hard_role_flip_474	2	blind_gate_pass	pass	none	yes	admitted_after_blind_oracle_leakage_release_gates	blind/oracle gates plus local programmatic audits	blind/static-cue gate pass; query-aware oracle gate pass; local leakage/diversity pass; release-schema gate closed
hard::hard_role_flip_475	hard_role_flip	L3	loan underwriting	hard_role_flip_475	2	blind_gate_pass	pass	none	yes	admitted_after_blind_oracle_leakage_release_gates	blind/oracle gates plus local programmatic audits	blind/static-cue gate pass; query-aware oracle gate pass; local leakage/diversity pass; release-schema gate closed
hard::hard_role_flip_476	hard_role_flip	L4	loan underwriting	hard_role_flip_476	2	blind_gate_pass	pass	none	yes	admitted_after_blind_oracle_leakage_release_gates	blind/oracle gates plus local programmatic audits	blind/static-cue gate pass; query-aware oracle gate pass; local leakage/diversity pass; release-schema gate closed
hard::hard_role_flip_477	hard_role_flip	L3	loan underwriting	hard_role_flip_477	2	blind_gate_pass	pass	none	yes	admitted_after_blind_oracle_leakage_release_gates	blind/oracle gates plus local programmatic audits	blind/static-cue gate pass; query-aware oracle gate pass; local leakage/diversity pass; release-schema gate closed
hard::hard_role_flip_478	hard_role_flip	L4	loan underwriting	hard_role_flip_478	2	blind_gate_pass	pass	none	yes	admitted_after_blind_oracle_leakage_release_gates	blind/oracle gates plus local programmatic audits	blind/static-cue gate pass; query-aware oracle gate pass; local leakage/diversity pass; release-schema gate closed
hard::hard_role_flip_479	hard_role_flip	L3	loan underwriting	hard_role_flip_479	2	blind_gate_pass	pass	none	yes	admitted_after_blind_oracle_leakage_release_gates	blind/oracle gates plus local programmatic audits	blind/static-cue gate pass; query-aware oracle gate pass; local leakage/diversity pass; release-schema gate closed
hard::hard_role_flip_480	hard_role_flip	L4	airline disruption handling	hard_role_flip_480	2	blind_gate_pass	pass	none	yes	admitted_after_blind_oracle_leakage_release_gates	blind/oracle gates plus local programmatic audits	blind/static-cue gate pass; query-aware oracle gate pass; local leakage/diversity pass; release-schema gate closed
hard::hard_role_flip_481	hard_role_flip	L4	airline disruption handling	hard_role_flip_481	2	blind_gate_pass	pass	none	yes	admitted_after_blind_oracle_leakage_release_gates	blind/oracle gates plus local programmatic audits	blind/static-cue gate pass; query-aware oracle gate pass; local leakage/diversity pass; release-schema gate closed
hard::hard_role_flip_482	hard_role_flip	L4	airline disruption handling	hard_role_flip_482	2	blind_gate_pass	pass	none	yes	admitted_after_blind_oracle_leakage_release_gates	blind/oracle gates plus local programmatic audits	blind/static-cue gate pass; query-aware oracle gate pass; local leakage/diversity pass; release-schema gate closed
hard::hard_role_flip_483	hard_role_flip	L3	airline disruption handling	hard_role_flip_483	2	blind_gate_pass	pass	none	yes	admitted_after_blind_oracle_leakage_release_gates	blind/oracle gates plus local programmatic audits	blind/static-cue gate pass; query-aware oracle gate pass; local leakage/diversity pass; release-schema gate closed
hard::hard_role_flip_484	hard_role_flip	L3	airline disruption handling	hard_role_flip_484	2	blind_gate_pass	pass	none	yes	admitted_after_blind_oracle_leakage_release_gates	blind/oracle gates plus local programmatic audits	blind/static-cue gate pass; query-aware oracle gate pass; local leakage/diversity pass; release-schema gate closed
hard::hard_role_flip_485	hard_role_flip	L4	airline disruption handling	hard_role_flip_485	2	blind_gate_pass	pass	none	yes	admitted_after_blind_oracle_leakage_release_gates	blind/oracle gates plus local programmatic audits	blind/static-cue gate pass; query-aware oracle gate pass; local leakage/diversity pass; release-schema gate closed
hard::hard_role_flip_486	hard_role_flip	L3	airline disruption handling	hard_role_flip_486	2	blind_gate_pass	pass	none	yes	admitted_after_blind_oracle_leakage_release_gates	blind/oracle gates plus local programmatic audits	blind/static-cue gate pass; query-aware oracle gate pass; local leakage/diversity pass; release-schema gate closed
hard::hard_role_flip_487	hard_role_flip	L4	airline disruption handling	hard_role_flip_487	2	blind_gate_pass	pass	none	yes	admitted_after_blind_oracle_leakage_release_gates	blind/oracle gates plus local programmatic audits	blind/static-cue gate pass; query-aware oracle gate pass; local leakage/diversity pass; release-schema gate closed
hard::hard_role_flip_488	hard_role_flip	L3	airline disruption handling	hard_role_flip_488	2	blind_gate_pass	pass	none	yes	admitted_after_blind_oracle_leakage_release_gates	blind/oracle gates plus local programmatic audits	blind/static-cue gate pass; query-aware oracle gate pass; local leakage/diversity pass; release-schema gate closed
hard::hard_role_flip_489	hard_role_flip	L4	restaurant menu analytics	hard_role_flip_489	2	blind_gate_pass	pass	none	yes	admitted_after_blind_oracle_leakage_release_gates	blind/oracle gates plus local programmatic audits	blind/static-cue gate pass; query-aware oracle gate pass; local leakage/diversity pass; release-schema gate closed
hard::hard_role_flip_490	hard_role_flip	L4	restaurant menu analytics	hard_role_flip_490	2	blind_gate_pass	pass	none	yes	admitted_after_blind_oracle_leakage_release_gates	blind/oracle gates plus local programmatic audits	blind/static-cue gate pass; query-aware oracle gate pass; local leakage/diversity pass; release-schema gate closed
hard::hard_role_flip_491	hard_role_flip	L4	restaurant menu analytics	hard_role_flip_491	2	blind_gate_pass	pass	none	yes	admitted_after_blind_oracle_leakage_release_gates	blind/oracle gates plus local programmatic audits	blind/static-cue gate pass; query-aware oracle gate pass; local leakage/diversity pass; release-schema gate closed
hard::hard_role_flip_492	hard_role_flip	L3	restaurant menu analytics	hard_role_flip_492	2	blind_gate_pass	pass	none	yes	admitted_after_blind_oracle_leakage_release_gates	blind/oracle gates plus local programmatic audits	blind/static-cue gate pass; query-aware oracle gate pass; local leakage/diversity pass; release-schema gate closed
hard::hard_role_flip_493	hard_role_flip	L3	restaurant menu analytics	hard_role_flip_493	2	blind_gate_pass	pass	none	yes	admitted_after_blind_oracle_leakage_release_gates	blind/oracle gates plus local programmatic audits	blind/static-cue gate pass; query-aware oracle gate pass; local leakage/diversity pass; release-schema gate closed
hard::hard_role_flip_494	hard_role_flip	L4	restaurant menu analytics	hard_role_flip_494	2	blind_gate_pass	pass	none	yes	admitted_after_blind_oracle_leakage_release_gates	blind/oracle gates plus local programmatic audits	blind/static-cue gate pass; query-aware oracle gate pass; local leakage/diversity pass; release-schema gate closed
hard::hard_role_flip_495	hard_role_flip	L3	restaurant menu analytics	hard_role_flip_495	2	blind_gate_pass	pass	none	yes	admitted_after_blind_oracle_leakage_release_gates	blind/oracle gates plus local programmatic audits	blind/static-cue gate pass; query-aware oracle gate pass; local leakage/diversity pass; release-schema gate closed
hard::hard_role_flip_496	hard_role_flip	L4	restaurant menu analytics	hard_role_flip_496	2	blind_gate_pass	pass	none	yes	admitted_after_blind_oracle_leakage_release_gates	blind/oracle gates plus local programmatic audits	blind/static-cue gate pass; query-aware oracle gate pass; local leakage/diversity pass; release-schema gate closed
