candidate_id	oracle_id	provenance_surface	domain	pattern_signature	query_1_expected_side	query_2_expected_side	query_1_target_mode	query_2_target_mode	skill_A_title	skill_B_title	skill_A_chars	skill_B_chars	length_ratio_max_over_min	heading_parity	title_purpose_static_cue_asymmetry	annotation_leak_terms	query_1_exact_title_anchor_A	query_1_exact_title_anchor_B	query_2_exact_title_anchor_A	query_2_exact_title_anchor_B	query_1_anchor_jaccard_A	query_1_anchor_jaccard_B	query_2_anchor_jaccard_A	query_2_anchor_jaccard_B	skill_A_sha256	skill_B_sha256	query_1_sha256	query_2_sha256
hard_role_flip_001	hard_oracle_initial_03r_01	early_hard_candidates	crystallographic Wyckoff analysis	human reviewed crystallographic report || symmetry dataset returned by the parser	A	B	symmetry dataset returned by the parser	human reviewed crystallographic report	Crystallographic Wyckoff Analysis - Symmetry Dataset Returned By The Parser Workflow	Crystallographic Wyckoff Analysis - Human-Reviewed Crystallographic Report Workflow	585	581	1.0069	yes			0	0	0	0	0.129	0.0303	0.0769	0.08	607a4243caede769d19572a434fc93a771a3f5abd4ac26243b5d0017cf9826da	f797627aea97090595b34b8299afd36bd269d37992a67d05060509797c588775	c19cd1e655f130b94e3cc85304f79207d4cfca67a6ad4aac568fa2785a1703ee	865568b3e4c57e6bbe86a91ce04747e672732e688f852ffba3df19162edd5968
hard_role_flip_002	hard_oracle_initial_03r_02	early_hard_candidates	Three.js structure parsing	rendering loader output || source asset tree	B	A	source asset tree	rendering loader output	Three.Js Structure Parsing - Rendering Loader Output Workflow	Three.Js Structure Parsing - Source Asset Tree Workflow	516	492	1.0488	yes			0	0	0	0	0.1154	0.1154	0.1304	0.0	e526b92a62df1755b1163e11ca85c70f96cee2be294937720b6b196e3c4d4920	04c4811f37d91609e8294d368facd7decb303e2c4289efdc4fa0100cda5bf063	49b77804f27336df1c333520f046676b3247a026ee814eb3aea8347a06a418de	f7aa4b4715204765e7d05065f25b0b0f3a885ff1a2f77a260fdef4bd65e697d1
hard_role_flip_003	hard_oracle_initial_03r_03	early_hard_candidates	Three.js object export	browser native asset bundle || obj export artifact	A	B	obj export artifact	browser native asset bundle	Three.Js Object Export - Obj Export Artifact Workflow	Three.Js Object Export - Browser-Native Asset Bundle Workflow	488	520	1.0656	yes			0	0	0	0	0.0909	0.0	0.0556	0.0526	87d32b65eed2e2dc09880e0d33e05cb10a2531d9f72d9197b6950928ce02a647	21c6e297b1b6105ca226f6a1963738ee124a73c091641ff511d240df453390f7	dc74380e214df142ede12e013fb396d283f87c4e8b0dd340f28c5fd6c731f025	30f9026c654b548875311b41ec021aefbe1ceca877c2ce6baba5dedcbb1de8fc
hard_role_flip_004	hard_oracle_initial_03r_04	early_hard_candidates	flood-risk analysis	local elevation and drainage inputs || published regional exposure layers	B	A	local elevation and drainage inputs	published regional exposure layers	Flood-Risk Analysis - Published Regional Exposure Layers Workflow	Flood-Risk Analysis - Local Elevation And Drainage Inputs Workflow	540	544	1.0074	yes			0	0	0	0	0.0417	0.1304	0.1765	0.0	fba618df7307a100647835010a17538183e83f4d85779764ded10e534846d8eb	d0bb88236a69e1f6c7bfb287a951f5ebdf9fbba69536fe42b10c230682ee147e	a3816819915ae869565fd7188ba55f021dcdfaac926635e04ebed5b055697a69	231427cd35072eb42c8279b72cc24317c56dbdd9ea1ff37b5b9cdf10538c14b2
hard_role_flip_005	hard_oracle_initial_03r_06	early_hard_candidates	court form filling	jurisdiction specific form packet || procedural filing checklist	B	A	jurisdiction specific form packet	procedural filing checklist	Court Form Filling - Procedural Filing Checklist Workflow	Court Form Filling - Jurisdiction-Specific Form Packet Workflow	502	526	1.0478	yes			0	0	0	0	0.0455	0.1429	0.1875	0.0	a1857b75f5ab5e44fa9af48d2730f591f8398492f5879721faeb3831e10b9de2	313b35c0e1df6e745f85272cb02be2f819bd9b22a39bccc6b8e3d8dd88fdf7f3	62b171e5d46b623b3a96560f1e5b8f1a07df0648df8bd155039f0a485984669f	317817602faa1d0e7e2a035fb4142aecc972d1d9eec921846b9710bdbf9db513
hard_role_flip_006	hard_oracle_initial_03r_10	early_hard_candidates	CI log analysis	ci log artifact || test history ledger	B	A	ci log artifact	test history ledger	Ci Log Analysis - Test-History Ledger Workflow	Ci Log Analysis - Ci Log Artifact Workflow	460	444	1.036	yes			0	0	0	0	0.0	0.1538	0.1053	0.0	86df7112ea97c77fefb47cd7fdc6937afc6f94cd36fcbf80f62bdea0b1bc8fc2	6bf59d2621012f3b041f10a4de9765a29cd73c14b1359dec5fc6d4ea721e244d	ea15be7c9651799adf56dcd6cb7c2cc0ef07b84b0a4280e5c1dfed86297c89b4	acbfc455eb31e6b17729319a8e075091d3f8f0960a8522662b8651fbbaf28e4f
hard_role_flip_007	hard_oracle_initial_04_04_rev1	early_hard_candidates	intrusion detection	alert triage taxonomy || detector feature schema	A	B	detector feature schema	alert triage taxonomy	Intrusion Detection - Detector Feature Schema Workflow	Intrusion Detection - Alert-Triage Taxonomy Workflow	505	497	1.0161	yes			0	0	0	0	0.0385	0.0	0.0	0.0476	55ba8eb542ccdf0e4328be73c3ade74c11d0be419ac9fbf6f4fe0a5377c84cbe	c5d4acffcb322e583fd6a41293b49226bfd7468ba2b2b14be938f6e7b0e9dc3a	e1ec193e1f006c38fd182c2c9b79413fd1717f2a3d0469ae5b2029a37c6e9f26	9176a1dd6d2ca6681421646f67e933a68e69158343ae441aeaa830f3e6471c0a
hard_role_flip_008	hard_oracle_initial_04_07_rev1	early_hard_candidates	enterprise information search	knowledge base index || policy document index	B	A	knowledge base index	policy document index	Enterprise Information Search - Policy Document Index Workflow	Enterprise Information Search - Knowledge-Base Index Workflow	512	508	1.0079	yes			0	0	0	0	0.0	0.0	0.0	0.0	6ee07ea9f3d293fa5ceb36095f62bddcfe79060e33b076c2517bd9e9f2640d76	3aa78e7613826054e92ea800e837ea99bc230482c4d3c60d7b87c64170d48b4a	7fd0f3d9c90971270de3667009735769fb9a031183a3521699447ee66f6fac79	fe7b770f713adb59cb61ebcade0d7de6cd73ee14f18813879ddcd4424881aca5
hard_role_flip_009	hard_oracle_initial_bulk_001	early_hard_candidates	Kubernetes rollout diagnosis	deployment event stream mode || service mesh trace sample mode	A	B	deployment event stream mode	service mesh trace sample mode	Kubernetes Rollout Diagnosis - Deployment Event Stream Mode	Kubernetes Rollout Diagnosis - Service-Mesh Trace Sample Mode	542	550	1.0148	yes			0	0	0	0	0.0435	0.0	0.0	0.0	7d9ca5f15d9b2c38441a019b558fa15b13e80b17ae68fec49c21975e69c39d6a	e79f6fa972bc737a0b3816f39cc3a4da5d3ce83220cd64c29c27d3ae81fbb32b	ec5de7b7422e11617963b4752525aea13fbd409969ec47f91c2b058f553548e1	415a21f78747e8515160a2466f66c762449522c30a0f126ce31b6f230e0a1219
hard_role_flip_010	hard_oracle_initial_bulk_002	early_hard_candidates	API integration debugging	openapi contract mode || production api call log mode	B	A	openapi contract mode	production api call log mode	Api Integration Debugging - Production Api Call Log Mode	Api Integration Debugging - Openapi Contract Mode	556	528	1.053	yes			0	0	0	0	0.0	0.0556	0.0476	0.0	42e64c2f4ccb4ee728c3cfc31a019db48d00cbf9600d92de5c81ab32027aa220	58b1832889cd20563dc17a1f952d83ddecad411902765fc9200f18736c0dd9b6	ef5d0e984c768bf5864475bdb3160730c675b5184eac66992d437b32f8e1185b	315ef5a57c8d36bf77df6e74638ea9685edcc9184390e9df5ebc9e69d629e91f
hard_role_flip_011	hard_oracle_initial_bulk_003	early_hard_candidates	database migration review	schema migration files mode || slow query log mode	A	B	schema migration files mode	slow query log mode	Database Migration Review - Schema Migration Files Mode	Database Migration Review - Slow-Query Log Mode	532	500	1.064	yes			0	0	0	0	0.125	0.0	0.0	0.1765	0c9f40f6831e135679e38ee78a209d8d924c5e6b401ec200e1485a23b6c3c246	55bbab3858d8f515401310c4670469954df6f180cb00e1e89e3123fca239be85	275c2984c23abdb4106c2b781f293d54a3a34a746f55bb9cb89527339fd3df08	938da6597bfdccdf6e8da39b770af2cd85201eab22493c5cbb6f40c070e287a4
hard_role_flip_012	hard_oracle_initial_bulk_004	early_hard_candidates	mobile crash triage	crash stack collection mode || mobile release note mode	B	A	crash stack collection mode	mobile release note mode	Mobile Crash Triage - Mobile Release Note Mode	Mobile Crash Triage - Crash Stack Collection Mode	507	519	1.0237	yes			0	0	0	0	0.0	0.1111	0.0952	0.0	15f55580b37bc062494a2ff062da628aee294906069c69873c52423181363fe6	828e76f0cbe5cb1f0448eb09cbaff7b842f9940152cce2a133234b1335f2692e	cc100c3f2d3026214bf50a77b5862a3e4a0863c2271a6b87a0f374c728fac2f8	0109b6ccbc0903de18805589e9fd5308642da7c4bdbc6aa0a9f4fd82c3bb5d1a
hard_role_flip_013	hard_oracle_initial_bulk_005	early_hard_candidates	privacy data request handling	account export table mode || data retention policy mode	A	B	account export table mode	data retention policy mode	Privacy Data Request Handling - Account Export Table Mode	Privacy Data Request Handling - Data-Retention Policy Mode	539	543	1.0074	yes			0	0	0	0	0.1053	0.05	0.0	0.0625	66a0a5e528e9d6b81462ddcb305471fcd6d017ab1e3d1739813d07c34142e968	39f89f589a2083da006dc7f66fcc2cdc79d48df29383314e6844ed0b424a9cf0	9c229d554b2898cfd931690bffd9c8af5a1fa224476063cc5c02d270a3de5f48	30ed03b8327e46aa7e9f879ddbc96d79414dd87f0d33e00f283542d1a25aca6f
hard_role_flip_014	hard_oracle_initial_bulk_006	early_hard_candidates	ad campaign performance analysis	campaign metrics table mode || creative review log mode	B	A	campaign metrics table mode	creative review log mode	Ad Campaign Performance Analysis - Creative Review Log Mode	Ad Campaign Performance Analysis - Campaign Metrics Table Mode	521	533	1.023	yes			0	0	0	0	0.0	0.0556	0.0526	0.0526	3ea8218a68eaac0d704dd6b4474280de85ba8b856f0c2ac7c8ac74f81ad4004c	328aa119760f1462faab591ecc11635bf9f260f7ad0b7b24136611c002fec07a	1510198cc87f44fc9f80d9791f8795017949f8aceeb278c4fb00a2b0ff3d3478	9038fae546a40d283e2d7eb72132ad7b53f9fad9fb3f9d5dcda4524dbcb89635
hard_role_flip_015	hard_oracle_initial_bulk_007	early_hard_candidates	robot task replay	robot trajectory trace mode || workspace setup note mode	A	B	robot trajectory trace mode	workspace setup note mode	Robot Task Replay - Robot Trajectory Trace Mode	Robot Task Replay - Workspace Setup Note Mode	530	522	1.0153	yes			0	0	0	0	0.1176	0.0	0.0	0.1111	02f956bd5e6a190d81275b0bde4de4c925818fb56275aaa8d310889bb7eb6200	4fb70a284760865d85bb7e1815bbb34c6b8906409f5eea85c052d9adc9095725	faa7ff43e48ab6a4a4bdf1c129daa27b580bc7b4f3edf95b21c57ff545879e09	b6a1cf934eb6fb8b95b8ae6a309e0591e1ebd4e9ff0dd5a4546d55bc18c1a89b
hard_role_flip_016	hard_oracle_initial_bulk_008	early_hard_candidates	scientific figure reproduction	figure caption note mode || plot source table mode	B	A	plot source table mode	figure caption note mode	Scientific Figure Reproduction - Figure Caption Note Mode	Scientific Figure Reproduction - Plot Source Table Mode	523	515	1.0155	yes			0	0	0	0	0.0588	0.125	0.1176	0.0	264d53b647ac1b02fc4f5fd87c8f39ed23af1c4d5747a735896305fb76340941	ed941a8ce51a3f688a881a2cfa6e52087bf7365bd8c9ddbf3236bdaa3d40d0c1	e1b17c15d1a5d68de3429a49a5ecb611a21d302b2e5f03a63ab3134aaad2fa3a	ef89893c163a93b39926e77a10d63001a7b8948c88520ca67c8138981d1f9208
hard_role_flip_017	hard_oracle_initial_bulk_009	early_hard_candidates	warehouse inventory reconciliation	inventory ledger mode || supplier exception memo mode	A	B	inventory ledger mode	supplier exception memo mode	Warehouse Inventory Reconciliation - Inventory Ledger Mode	Warehouse Inventory Reconciliation - Supplier Exception Memo Mode	528	556	1.053	yes			0	0	0	0	0.1333	0.0	0.0	0.0556	194cdee0d6b7e3cd3643e33e46e5af97fdc7902e830db79725b2bbb4cb03c056	66b214957550553222552007670c8134d01181757d5c03c22a42ef50a4769181	43ca44f86f85270c2b7548fb51c8d018e30641a5c104631b187c68c885d1c748	9a5dd65caa95022ccd34ddec51579a279e612625e44f3e76197e34bb596ac8dc
hard_role_flip_018	hard_oracle_initial_bulk_010	early_hard_candidates	clinical cohort extraction	structured cohort table mode || trial eligibility paragraph mode	B	A	structured cohort table mode	trial eligibility paragraph mode	Clinical Cohort Extraction - Trial Eligibility Paragraph Mode	Clinical Cohort Extraction - Structured Cohort Table Mode	559	543	1.0295	yes			0	0	0	0	0.0	0.1875	0.1538	0.0	a6d8aa8a5f4c62ac9296c0b0b0705054a043b72db62effa546972ac37d002871	ad28fa1f07b46ba23815abc27dd33c2d60001751bacfd3a06177a7ea7ee1e601	5bb70750d3777b0d2ff5457c5993c357ed4362d0a3b2238736d8ad9f2195f4cb	aaeeb112f609db1bc36daa575c88797197f8b2c728115535bf398e391d3f4b0a
hard_role_flip_019	hard_oracle_initial_bulk_011	early_hard_candidates	customer support routing	escalation policy document mode || support ticket export mode	A	B	support ticket export mode	escalation policy document mode	Customer Support Routing - Support Ticket Export Mode	Customer Support Routing - Escalation Policy Document Mode	521	541	1.0384	yes			0	0	0	0	0.1333	0.0	0.0714	0.0714	a282b8abb883190ab0e3388bafbaae531171e704e97e47769e1d8858b838406f	2e96f7f5e66a5818fbcd34ef26b9ede143fb26da8277c7fcfc53713ab219f2f1	485541f05a7ba51639a1968d82be201188df2b1d2292aa4ef29285ed466d45b1	65eb2e1671122180a9ced8bc8bac40b76670ad9b0c216cf910c9d8cd55b4644d
hard_role_flip_020	hard_oracle_initial_bulk_012	early_hard_candidates	code review triage	post merge test report mode || source diff patch mode	B	A	source diff patch mode	post merge test report mode	Code Review Triage - Post-Merge Test Report Mode	Code Review Triage - Source Diff Patch Mode	515	495	1.0404	yes			0	0	0	0	0.0	0.0625	0.125	0.0	89f6f840a82a7008901e2b3d7169887f7f0a11aed3e1bbecc3ad8ffd2dbae339	f21ab0e9f2ef9ae77ea44db8de275d7f05c8172f29cd988ad4f20f6ced7e43d1	af077e4c3b1fdd4d8f5439a7fcd5e80dc27ee69ddf5683e0efe3b851013f7ab2	8e00bd1d7c263e694849e884162ae0ea8fbb402e19b57251508a40e5cad9afa4
hard_role_flip_021	hard_oracle_initial_bulk_013	early_hard_candidates	geospatial address matching	parcel address table mode || zoning constraint memo mode	A	B	parcel address table mode	zoning constraint memo mode	Geospatial Address Matching - Parcel Address Table Mode	Geospatial Address Matching - Zoning Constraint Memo Mode	521	529	1.0154	yes			0	0	0	0	0.0625	0.0	0.0	0.1538	2c3741b34a6839a818447d1f5a88a0804aacb40d1c5f50afe6d3da7ca0712f53	3fd1c03ce1fc50cb620525af4d5a7e2fb646dc3b1a2c15f849a876c9ae5cfd66	e1b788c8349fd0bea5821baa62a1cb157783ee486dc87e99b3b836b4b6cab7f8	fd11a710d7dc3dcb06304bbe73974903baadab4d26e17edbd8c9c249d510f2d9
hard_role_flip_022	hard_oracle_initial_bulk_014	early_hard_candidates	logistics route planning	delivery manifest mode || driver incident report mode	B	A	delivery manifest mode	driver incident report mode	Logistics Route Planning - Driver Incident Report Mode	Logistics Route Planning - Delivery Manifest Mode	527	507	1.0394	yes			0	0	0	0	0.0	0.1429	0.1429	0.0714	681ca886856b7c34397a0186e78dfd1e44924572c1c15447ee65704c29334a1c	96bf61098b36f2f670f69803e61dd8207d631e5ba1f3727b4be5bdc80a0314bb	f646668d50532dda94846c3c7b72287f046a9327e82154e3f637bbc0332fad06	1f898cd4c603fdd871b45ddb51d91dd563155dd260e39a27fbd94e8157fc9af5
hard_role_flip_023	hard_oracle_initial_bulk_015	early_hard_candidates	financial statement audit	accounting policy memo mode || general ledger extract mode	A	B	general ledger extract mode	accounting policy memo mode	Financial Statement Audit - General Ledger Extract Mode	Financial Statement Audit - Accounting Policy Memo Mode	526	526	1.0	yes			0	0	0	0	0.1538	0.0	0.0	0.1333	d34e4d85ccb4b874177c2c9e49d03c921f6febf25fd413a5e64b6695475ed234	398c0a88fdd645db4ef560151c22bb0528d32db608b063c242b4839f6b2d980d	2b839dc645ecc054b947788ca671c5eb9b096e99f9fa2a1c3950965e4a6a7aff	fdce105b1b12b9849f0b28c647884c96345098546a0c56c19d4aaa43c276241b
hard_role_flip_024	hard_oracle_initial_bulk_016	early_hard_candidates	education rubric scoring	assignment instruction sheet mode || grading rubric table mode	B	A	grading rubric table mode	assignment instruction sheet mode	Education Rubric Scoring - Assignment Instruction Sheet Mode	Education Rubric Scoring - Grading Rubric Table Mode	551	519	1.0617	yes			0	0	0	0	0.0	0.1538	0.0769	0.0	86b8aeec1f98e34c0372e739082afb177a39b1cfbe997503697a6c7e077c2b9f	5fdf98fdee46e5a418eb2c48c22b1d84732fb231acdd0bbaaa9b7135f56c2d14	cc7c4e1d9af5a5173478766622e6c877285744175f50b65853579be0485458bb	f6d70e472e4bfa2003980712288b42e5c833077db3689206bb355687da3eb0f6
hard_role_flip_025	hard_oracle_initial_bulk_017	early_hard_candidates	security access review	access permission export mode || exception approval note mode	A	B	access permission export mode	exception approval note mode	Security Access Review - Access Permission Export Mode	Security Access Review - Exception Approval Note Mode	537	533	1.0075	yes			0	0	0	0	0.1429	0.0	0.0	0.1538	95f066faff923feed5e3dfabaceca0e5a0fd4c0a5f1e0c35d933442b58e36287	90e7b0802e64ebf6eb8f862d583d14460d3b3dacdc8201614e73c1c3fdbcc5dc	33fd4814740d973e3b98d464360a1f6984b50bf43fbe73276e13581c5a8c9496	528c6df23a3cfc5696baf62f097abfd2549361db1ad3db26a910dcfee623f0f5
hard_role_flip_026	hard_oracle_initial_bulk_018	early_hard_candidates	email campaign QA	copy approval thread mode || recipient segment table mode	B	A	recipient segment table mode	copy approval thread mode	Email Campaign Qa - Copy Approval Thread Mode	Email Campaign Qa - Recipient Segment Table Mode	494	506	1.0243	yes			0	0	0	0	0.0	0.0714	0.1429	0.0	f20ab8d05afe8c6c43e2f3534d0dfa5450ff28a9339586939e3425dfbbc5bf66	c619f4bf8d506af63f71175bde5ce6f61e3b9fa0e76b2342d61deea6a08350a4	b7237f525ae427164b225e3f657219637823defc407464dd4d5b96a647a1490c	ff7d4407dbe504f92e19babe631c689510e2793cbf739157fa04cb8aed9c2e72
hard_role_flip_027	hard_oracle_initial_bulk_019	early_hard_candidates	energy usage analysis	meter reading table mode || tariff rule note mode	A	B	meter reading table mode	tariff rule note mode	Energy Usage Analysis - Meter Reading Table Mode	Energy Usage Analysis - Tariff Rule Note Mode	490	478	1.0251	yes			0	0	0	0	0.0667	0.0	0.0	0.1667	aa2c866e30db11bf4c89560c740d4232b96bca9a7030a2da0d1b26d9b9d81b48	4fe8b0b4d2483f6c651ecb7b697bd922813eb4010a5c1b75f559b26a7200b434	75c44e2d81381b27b6c4061bf78b2ea25a0bbff37563e94e276b30f000796414	f176582b02779065f6fb4776e39d8b45f2cf67783ac3fe01f9a5e0fd43297029
hard_role_flip_028	hard_oracle_initial_bulk_020	early_hard_candidates	legal discovery review	document metadata export mode || privilege review note mode	B	A	document metadata export mode	privilege review note mode	Legal Discovery Review - Privilege Review Note Mode	Legal Discovery Review - Document Metadata Export Mode	518	530	1.0232	yes			0	0	0	0	0.0	0.0588	0.0	0.0	f224ee4971432bf7a3988dd29a1d19608acca25df6faad2ebd522cf50790c885	95471eda270864acfffcc8b1485932d59af4dfb56ed9dd625a3359910f2cb3c8	82c49b78bc95f32c834c3d6ee011c0f847333040fe0c87352c74df0114470234	f6dcab025641cca370dcd0589b88ef98a1de0a1001948287166dbe48341f71a6
hard_role_flip_029	hard_oracle_initial_bulk_021	early_hard_candidates	manufacturing defect analysis	inspection measurement table mode || maintenance shift note mode	A	B	inspection measurement table mode	maintenance shift note mode	Manufacturing Defect Analysis - Inspection Measurement Table Mode	Manufacturing Defect Analysis - Maintenance Shift Note Mode	564	540	1.0444	yes			0	0	0	0	0.0769	0.0	0.0	0.0588	d689377132e2036aaf9a78d60ceb6dd244bdd0ed1dc0049aad373c96f11e966e	7987e112ff6c81138ba01837eefc0ae22bf3c6876fe68daaa00df0ef1f4aba78	986a81fda2e698a6056d65fbdb6b5bac69e2a194c46dd11104007fb27ed207d0	654555b1c86e6cb883779ad4bc4f9a404c94d820187c07cb59da2730de0f745f
hard_role_flip_030	hard_oracle_initial_bulk_022	early_hard_candidates	product analytics funnel	event row table mode || experiment design note mode	B	A	event row table mode	experiment design note mode	Product Analytics Funnel - Experiment Design Note Mode	Product Analytics Funnel - Event Row Table Mode	527	499	1.0561	yes			0	0	0	0	0.0	0.0625	0.0	0.0	730690e5f17f8f9ed82bbd4b7da5046f75401d5bd5b4d815de6078d1f8cf95c7	67570cc76f57a6472d220fb99d30c769a7a5f8614c48c829ca83cba5e804ad59	77e64b44e6dee58c39dc3ffea7d274ee211f1a0cbf3be5c45592c47109534b2b	a35bf3ba06906468ee22004a2e3ec9e17d0aa6e5899b42773e2177d1169789ed
hard_role_flip_031	hard_oracle_initial_bulk_023	early_hard_candidates	cloud cost analysis	cloud billing export mode || reserved capacity agreement mode	A	B	cloud billing export mode	reserved capacity agreement mode	Cloud Cost Analysis - Cloud Billing Export Mode	Cloud Cost Analysis - Reserved-Capacity Agreement Mode	517	545	1.0542	yes			0	0	0	0	0.25	0.0	0.0714	0.0714	0bc87fcd38f6f3a89d29caaedcd99abda98c8be390c84df8361dc169d676dca6	5719d85adaac425ec7c144259947bdfa3218287eb83353f88c9df2ca2dec43e0	dd924db5229402c44d30c01327af50bbc48fb7cf0884eae3d39026625b7f7334	5b3b77b76bce5d45422e1971fdf34a96eaa63e485919dc5c49bf702097aaaa16
hard_role_flip_032	hard_oracle_initial_bulk_024	early_hard_candidates	survey response analysis	questionnaire text mode || survey response table mode	B	A	survey response table mode	questionnaire text mode	Survey Response Analysis - Questionnaire Text Mode	Survey Response Analysis - Survey Response Table Mode	510	522	1.0235	yes			0	0	0	0	0.0	0.1818	0.0	0.0	a542f4bef2da0d80f4e6e240551934fd461a78b546e870565c113863f83dc0f1	a23d95af8a5e3c9b95bdad09cd81a90953e5fc54ce8e6fd305c2d8dcc0c59a80	eeb41bdf63cf727b4290d350aa561966590b884001fa66726cc44843987aaa65	df201fd65939c166f58f75dfc612467d2aa6a82fd6ed559eaa64718e26988b2c
hard_role_flip_033	hard_oracle_initial_bulk_025	early_hard_candidates	video moderation review	appeal explanation note mode || frame annotation table mode	A	B	frame annotation table mode	appeal explanation note mode	Video Moderation Review - Frame Annotation Table Mode	Video Moderation Review - Appeal Explanation Note Mode	525	529	1.0076	yes			0	0	0	0	0.0667	0.0	0.0	0.25	a839898f945a1a33d3ad0e0a87025b4d92dd30cdbbe7e320d1db10f0a96a79a1	d69e81ac677ff2431b68a2abf5eb820bfbc5b09b751f14272af73ff39ff94cad	3a82ca9c933eac48eec11b785a7101daa7028b9bc151a8baa2ddb6729f28dfeb	3350328d6490541771d9ab3478458d02ec5ebd0621ce675d9d8e366ea525d2c4
hard_role_flip_034	hard_oracle_initial_bulk_026	early_hard_candidates	network capacity planning	traffic counter table mode || upgrade constraint note mode	B	A	traffic counter table mode	upgrade constraint note mode	Network Capacity Planning - Upgrade Constraint Note Mode	Network Capacity Planning - Traffic Counter Table Mode	539	531	1.0151	yes			0	0	0	0	0.0	0.0625	0.0714	0.0	9d804ae04fb65eee5477399e466f413697b8845601da6e60cb0c8db52afd29ef	ae7af3f7517017bfc9041fc545d2a75cb5f4089a58b422ea46cc6a4966855fa8	d70fece5358c79af79a16a80d476f098d7d32d18911630a26878655cd430255a	3186ab15270ac33617d42f97acc1ef8bcbd461551a3de65259992fdc11685c46
hard_role_flip_035	hard_oracle_initial_bulk_027	early_hard_candidates	HR compensation review	compensation policy note mode || payroll compensation table mode	A	B	payroll compensation table mode	compensation policy note mode	Hr Compensation Review - Payroll Compensation Table Mode	Hr Compensation Review - Compensation Policy Note Mode	541	533	1.015	yes			0	0	0	0	0.0625	0.0	0.0769	0.1667	98a6ba1261b320d4460d6a1a7c489c78ce7fd8d215b910155ab311119ee907b4	d90a510d237152b6b91e9e1bfa67a54d61d5c1779196bb5409c1c0cda6ff45cc	eb999f4b83578732cf37a585e29463bccc9574b6f96c19447a2665631fbed19c	2223606b990913d28dedfa0f234b78025cecce73b020d3c1176e24054bcd6d77
hard_role_flip_036	hard_oracle_initial_bulk_028	early_hard_candidates	insurance claim triage	adjuster note mode || claim field table mode	B	A	claim field table mode	adjuster note mode	Insurance Claim Triage - Adjuster Note Mode	Insurance Claim Triage - Claim Field Table Mode	479	495	1.0334	yes			0	0	0	0	0.0	0.0588	0.0769	0.0714	6f3ff54b87dd5791052f3bfbe85dde48ce9f062bc9df28e4a386c21a53e97f8a	30a939cc3246fb986eb7b83d29e3423096533ec0a44906324ecf722e2531bd1d	a612587366fa11ea9f549c724a497359e51ff5881a7a4efb148b4d0eb32f5676	ac4f4c469a822e758f551e0526adae6f68978106491b1715320d2192d32b6f53
hard_role_flip_037	hard_oracle_initial_bulk_029	early_hard_candidates	translation memory maintenance	bilingual segment table mode || terminology exception note mode	A	B	bilingual segment table mode	terminology exception note mode	Translation Memory Maintenance - Bilingual Segment Table Mode	Translation Memory Maintenance - Terminology Exception Note Mode	544	556	1.0221	yes			0	0	0	0	0.1538	0.0	0.0	0.1429	6629fb54af1f3352d8b715bdfd38bbd7fd579565f4b22e2652d1f004ed1f2db1	c5325b5ce989c6906dcefec1b3f98f32d7c2a30c6a4fa769af1f20291d7832ad	6bea13da1f4703fb1d2839ed79a7bf03aff6a47159f2e5404ede3d17a45241cb	f3cac6d2e0ba001ba5cd5efe3c925bd1079756c69917a71150f74222b8c2dd11
hard_role_flip_038	hard_oracle_initial_bulk_030	early_hard_candidates	data quality incident	incident timeline note mode || validation result table mode	B	A	validation result table mode	incident timeline note mode	Data Quality Incident - Incident Timeline Note Mode	Data Quality Incident - Validation Result Table Mode	525	529	1.0076	yes			0	0	0	0	0.0	0.0588	0.1538	0.0	c05001b0956a422129e30a97b689ca625e0509355da144ac432fda579d26507d	31dbcf22c5fb90d50fe782e1e7766ddc2e9cc6d15024df366a55c3d2a6e69b33	2e22ad9bcd62b94b8284904c52ed25af314da65800ba4b6f940756679e7babc2	43b435c7342bdc72d041d57d658f37ff4e1b095c05e9b10e89994b5b82fb1ebf
hard_role_flip_039	hard_oracle_initial_bulk_031	early_hard_candidates	search relevance evaluation	annotator guideline note mode || relevance judgment table mode	A	B	relevance judgment table mode	annotator guideline note mode	Search Relevance Evaluation - Relevance Judgment Table Mode	Search Relevance Evaluation - Annotator Guideline Note Mode	540	540	1.0	yes			0	0	0	0	0.0833	0.0	0.0	0.1538	987b1d4dfa6110ac07ea8e770a4ed566aa290a80530b378073e72f1d64cedade	978ad26d6c15c423684f53881dd2c02e914ead521492fa8dbb0a9ba3f71e971a	8a35da5cba80aa9f05e94c6a07adc4b4287b4e953c9a4f50721f4c27512f3597	cedd4eb89c1a687be36b1e55bc13530cc1d321c64724d97dd13d480f5ec02b17
hard_role_flip_040	hard_oracle_initial_bulk_032	early_hard_candidates	procurement bid comparison	bid price table mode || vendor qualification note mode	B	A	bid price table mode	vendor qualification note mode	Procurement Bid Comparison - Vendor Qualification Note Mode	Procurement Bid Comparison - Bid Price Table Mode	539	499	1.0802	yes			0	0	0	0	0.0	0.1667	0.0714	0.0714	a97b6ff5efa83b7798cc8957e31012b46a5951fa4e00694907d341aa655bef96	a50edc29d814b23e9be2e86e44309c103ef05c4964eb607ca1de34afd7ccf4ce	fe2f3bc5bd71e76f7cafa370187c48594b25949e368921f39ea6d2832360388a	0a8ec696f6fb2a1620026e46e1c57da9c3010cb1171f7862f8391359ac5fa43f
hard_role_flip_041	hard_oracle_initial_bulk_033	early_hard_candidates	IoT sensor calibration	installation note mode || sensor sample table mode	A	B	sensor sample table mode	installation note mode	Iot Sensor Calibration - Sensor Sample Table Mode	Iot Sensor Calibration - Installation Note Mode	507	499	1.016	yes			0	0	0	0	0.1818	0.0	0.0	0.0	ddcc329e3aea85bca4e6c9d6345db6e2dce29228c2e8efb87bbbbc4505467825	372038e0b2ccb3fdac91e0da8efaab8e91b84c210321ecb3846dc769bccd6f9f	6e38ace9866fbe37060ba85446bc0f56d9bfeb5d87f3f0ada73c22d1faaf9d28	a26d9aa4cb80e1681b02f4620c85a8164d658f7e8366d32ddc1e4b3da4475aec
hard_role_flip_042	hard_oracle_initial_bulk_034	early_hard_candidates	subscription churn analysis	account activity table mode || cancellation survey note mode	B	A	account activity table mode	cancellation survey note mode	Subscription Churn Analysis - Cancellation Survey Note Mode	Subscription Churn Analysis - Account Activity Table Mode	538	530	1.0151	yes			0	0	0	0	0.0	0.1333	0.1333	0.0	f107eaaa4ff0de7f661010b5b9bcf5ccf9f6bca7510cac7a321d8ccd65a01fef	2b279a0b635e23add48880969c3ef17871ecd77d715714f99e17e4a139f4a707	88f502c456c6d69c181692206ba98913a0189b17b151601b06b4d7c737817968	c61b0cfecae2a8291706ab87ef6a1b407ee4adbc5a53c3b7bbab82a5deb8827f
hard_role_flip_043	hard_oracle_initial_bulk_035	early_hard_candidates	content taxonomy mapping	article metadata table mode || taxonomy change note mode	A	B	article metadata table mode	taxonomy change note mode	Content Taxonomy Mapping - Article Metadata Table Mode	Content Taxonomy Mapping - Taxonomy Change Note Mode	519	511	1.0157	yes			0	0	0	0	0.0667	0.0667	0.0	0.2308	e90689926c7fd998ffbb0ae4280b9d69b7d1b8e1eecee493887a45ee3c2dc295	d3a58262d27c352995500f297fc1a64370603366d43538d22ae4b9598a0ec0a8	e89680d185c058339f014ee300c89968c9287efe3f9094f80c2c6baa4270e433	9c4c055cb1a330f18fd1f0dd313365dde5e04f1265228588977e78a00e77ff9f
hard_role_flip_044	hard_oracle_initial_bulk_036	early_hard_candidates	call center quality audit	call transcript table mode || coaching note mode	B	A	call transcript table mode	coaching note mode	Call Center Quality Audit - Coaching Note Mode	Call Center Quality Audit - Call Transcript Table Mode	479	511	1.0668	yes			0	0	0	0	0.0	0.0625	0.0769	0.0	0cef15ad8ec2124fc0ed74ad071d091305b00039606af5995a7e1cd76206a411	f893ca49807351dd3afb7c0e56fdae927bdd0d33067f13b828632745d72ea804	e9e6b82504c71d721756b01fe8de036e1dd72879eb530ad54c8cd7f7c3483e46	e545d7980223b121a099460d6a870f6cdf53edec4551d1967066595d8a45e320
hard_role_flip_045	hard_oracle_initial_bulk_037	early_hard_candidates	environmental permit review	emissions monitoring table mode || permit condition note mode	A	B	emissions monitoring table mode	permit condition note mode	Environmental Permit Review - Emissions Monitoring Table Mode	Environmental Permit Review - Permit Condition Note Mode	552	532	1.0376	yes			0	0	0	0	0.1429	0.0	0.0	0.0714	5d48be051b334be54d2bbb562551d183b74d847ec96b143f0cb9e871d8e521fe	2e119894bfd8274f37adb7b4bfa63c1f5c377228212c90339d39198066c99d58	c7c59c6fd0df3c84d649202e90c45f39aef0e80f73d8848a358f44be6587cd3d	29e41276391e06c6159da6503082a1a063ef4db7b6b8c63aac27c33d44396847
hard_role_flip_046	hard_oracle_initial_bulk_038	early_hard_candidates	repository dependency review	dependency manifest mode || upgrade rationale note mode	B	A	dependency manifest mode	upgrade rationale note mode	Repository Dependency Review - Upgrade Rationale Note Mode	Repository Dependency Review - Dependency Manifest Mode	535	523	1.0229	yes			0	0	0	0	0.0	0.0	0.0714	0.0769	7a1bdf3dd266af8c6bbacb63b906e14bc6076032171966dc4b31f4bd75ea243b	ed216cd26e401121ded675cb722ab217a5fc651a310d4e524448e7514f3ecfec	db99eadee051a53aaa0e452208b9e635948954d4ec6d5c0758754be48273b6b6	a596762b1a1dff66a17915237bb4d00a568af711dab60ad31b5e7e6d76b1438f
hard_role_flip_047	hard_oracle_initial_bulk_039	early_hard_candidates	market research coding	codebook definition note mode || verbatim response table mode	A	B	verbatim response table mode	codebook definition note mode	Market Research Coding - Verbatim Response Table Mode	Market Research Coding - Codebook Definition Note Mode	525	529	1.0076	yes			0	0	0	0	0.1667	0.0	0.0	0.0769	2c74f8178b0f8fda7889bd787ed4ccb42ee17810407a38f729fddfad11fcfaea	f7b5ca9809bd7f26575572ceb1e4de8a7f885c55c2e96634b3605d60739f9824	4e869fd5dd6c57bb3b007fdb9e7b8b839cf5bd8ddec234f1b932edb340600069	4f69a18b0ce7793a5b4562902fab88b6976587f2cc940a3408c4b1ffdc921ee7
hard_role_flip_048	hard_oracle_001	full_naturalized_repair	Kubernetes rollout	review note || row export	A	B	row export	review note	Kubernetes Rollout - Row Export Workflow	Kubernetes Rollout - Review Note Workflow	525	534	1.0171	yes			0	0	0	0	0.0	0.0	0.0	0.04	837e1227d1aa1cb3866c0f7d81c43f9b7419780c34f34ac3d0dc53e2271fc58f	feb8fb084c1abf10705bd2a896aabfec5d5fbd031bc7b67ac7c47a5356c35a3e	851877c8097db8a46ac3891488c3142266a46abad3efd782b1f67f8e1d518a8c	faf4dd3ab3ad0304f091d7f29675ba3ddd6885d17a7161df878dd81161c9f710
hard_role_flip_049	hard_oracle_002	full_naturalized_repair	Kubernetes rollout	configuration sheet review || runtime log review	B	A	configuration sheet review	runtime log review	Kubernetes Rollout - Runtime Log Review	Kubernetes Rollout - Configuration Sheet Review	525	533	1.0152	yes			0	0	0	0	0.0	0.0	0.0	0.0	fde398ad6e9cef26386bfff519f72d8d97834b6c5824b04335f22d4bf28cd205	b677b2062a0387380e812f8e913891ac36dd924b01a13c5a8bd688fb76577b25	89d1026f48fe396dc5325c002ade228597a93836253c56599abc9347432df598	bd1af37e9fea381b5a98bbb5a5bca6f74f1938e4663352d19c0450b3678cdadd
hard_role_flip_050	hard_oracle_003	full_naturalized_repair	Kubernetes rollout	observation trace procedure || source specification procedure	A	B	source specification procedure	observation trace procedure	Kubernetes Rollout - Source Specification Procedure	Kubernetes Rollout - Observation Trace Procedure	546	528	1.0341	yes			0	0	0	0	0.0	0.0	0.0	0.0	08abe892c19f1534ec9ab030be6159d7fa7aa216196c56656f51929050d998da	9d52e79f387151df34518d72ef42b78b9f6e88135e1381046f33f9442469ac58	1ee7bf04a729d4740f091c0438dd909b9fc533824c07e3657bd749b6dca65ddb	953721cd90c256b695a36c9dd72d4bf67fef2af13026046b1c290ca66bd9fb17
hard_role_flip_051	hard_oracle_004	full_naturalized_repair	Kubernetes rollout	case record || policy rubric	B	A	policy rubric	case record	Kubernetes Rollout - Case Record Workflow	Kubernetes Rollout - Policy Rubric Workflow	513	519	1.0117	yes			0	0	0	0	0.0	0.0	0.0	0.0	08b58a5d0c97d563c15d7cdbdbe16ec7ab2c3dd56f041176dde326afb98281cc	9354b1c8c1a92432d90281c90d7e244140553915ab8edb4a5ef2da38758e790f	aa69ad860e391794f21f91d5667a8c1fe66c1fe2fd023a11ca5fa505957e0d01	189a6becbe91e30ccb81399740ae1de98f43cafb105b92c6872105cacfa661c7
hard_role_flip_052	hard_oracle_005	full_naturalized_repair	Kubernetes rollout	incident note review || work plan review	A	B	work plan review	incident note review	Kubernetes Rollout - Work Plan Review	Kubernetes Rollout - Incident Note Review	517	508	1.0177	yes			0	0	0	0	0.0625	0.0	0.0625	0.0	184f59f7f7527092ad5cfe0f5b35789a2d5d327c6689c3f491d3f22c26987f2d	e53616372cf3c4413cf940bbb251dacd5f6b75f212e3db12cb4e02aa0b804b88	46d66fcc30b51e6ccb1fcf7953d4a1c0a838f377888b807d7e93ac5c65411ea1	0f8226d4d15c713313ebc68c8f1517f192fbeb781f71a428a134e0d03efb8a5e
hard_role_flip_053	hard_oracle_006	full_naturalized_repair	Kubernetes rollout	calibration note procedure || measurement table procedure	B	A	measurement table procedure	calibration note procedure	Kubernetes Rollout - Calibration Note Procedure	Kubernetes Rollout - Measurement Table Procedure	528	514	1.0272	yes			0	0	0	0	0.0	0.0	0.0	0.0	bb9ab96d6a36bf64590e0043231d47c8750714a5b06136a83f5396b30dd4ff7f	0e315cb3e7d817e4f1df032b092ecde132a74629561eaf6faae2e9c9d02721ec	bec6150773c358811f145ed1e164a5cbbcf98388412b0aa85caa545e205b2bd7	e3a5ecb258a4691c668a7f0061389f81eb9b3a76c46cc2b353e3378fd5bad051
hard_role_flip_054	hard_oracle_007	full_naturalized_repair	Kubernetes rollout	request form || response transcript	A	B	request form	response transcript	Kubernetes Rollout - Request Form Workflow	Kubernetes Rollout - Response Transcript Workflow	540	548	1.0148	yes			0	0	0	0	0.0	0.0	0.0	0.0	1c2e13a240635289ff0573cba6f8815eb56adaff174fb091b0c43481236abfef	1f336476e6527d8951d5c50602baf46ebfd39aed0dc1e3b11f2adc773ceb852a	3c53ee9e6524d99a609f47d1304c6fbbf535c8ea7bb11fda5eeb6187be7d9d50	46dd00f7a3bc1905f03905a068f4182a65e5945a5227f56d0a75de05b77ebd87
hard_role_flip_055	hard_oracle_008	full_naturalized_repair	Kubernetes rollout	change memo review || inventory list review	B	A	inventory list review	change memo review	Kubernetes Rollout - Change Memo Review	Kubernetes Rollout - Inventory List Review	501	515	1.0279	yes			0	0	0	0	0.0	0.0	0.0625	0.0	4c09b995e9e89e45608fc9dbd65d9d2e323e86eca33a762e85d7bb71aa92049f	f91833c30ffd33e6e1fab305c719bb3ed4383be9980e413709104789b0f905cb	965ebca07f918cded748e09002a1a36d30de344d7bb894820252fc8b856b1855	fbf917a54ecb0a6afcde98a90726c5219b361f7f3907664ea203dabbfdc72b80
hard_role_flip_056	hard_oracle_009	full_naturalized_repair	Kubernetes rollout	guideline note procedure || judgment table procedure	A	B	judgment table procedure	guideline note procedure	Kubernetes Rollout - Judgment Table Procedure	Kubernetes Rollout - Guideline Note Procedure	536	511	1.0489	yes			0	0	0	0	0.0	0.0	0.0	0.0	b52c35798e063ce46ec78970b6f7550f356ba77767aaaeaa66e058ce3aa137a8	3b638a0b0fa76ee657ff3e3918cd31d7b43c7563498b1e8cc651d93bc02edb41	0c7d0eae54bcaca6f648ec6309b2cc9db0fb87ed144a69be65ba7daf29cf6d19	1a1c31bd51274c584f8a3770bb59a2a0181f5fa335c92f2d926749d18d0c21fe
hard_role_flip_057	hard_oracle_010	full_naturalized_repair	API integration	review note review || row export review	B	A	row export review	review note review	Api Integration - Review Note Review	Api Integration - Row Export Review	517	512	1.0098	yes			0	0	0	0	0.0	0.0	0.04	0.0385	5c6ea3ed749f83e7f1bffbcd02e164e86bbad18aefcc89f519d2968e05d193f0	0cd17ffb61c69b76a004f49deb4e4df126a54c7f729f6f5850573443aa7589fd	b807ba1ad5a9dd65d1780bd8977f8bab095f8122483441dd2ab87c69162c8c72	e4d2cc21b4e9b86cdd8b6cf7579cfb1790d63a9837974b4c29250c2e7e43f0f4
hard_role_flip_058	hard_oracle_011	full_naturalized_repair	API integration	configuration sheet procedure || runtime log procedure	A	B	configuration sheet procedure	runtime log procedure	Api Integration - Configuration Sheet Procedure	Api Integration - Runtime Log Procedure	530	522	1.0153	yes			0	0	0	0	0.0	0.0	0.0	0.0	232a910fed175e172c5b649b87eaccdbb39dc55b0c5ac842a85e223abff4353a	86ec7c94d17a0bb16cd1dfe404cb9f2a0b3fb2cbadb172d610453bc93c64e639	7b7475b8c8fa65de53ba0bba5988f373eddc89cf5f2af11f5e860091ff975e12	e55df5571ff06c0fefbdc98f8842e696509023f9e1b0a537a2d192040fe69dad
hard_role_flip_059	hard_oracle_012	full_naturalized_repair	API integration	observation trace || source specification	B	A	source specification	observation trace	Api Integration - Observation Trace Workflow	Api Integration - Source Specification Workflow	539	560	1.039	yes			0	0	0	0	0.0	0.0	0.0	0.0	7ac09e0a36e3db16f7f0cdf845e49c16aa65e26e1d1bc0c03726baea88681392	5d349b8e1e43e74efc1b1d75b63805629b1da0e0bc769c7bb835d5b51c7c990b	33b34a4e3f135beec9a1097499f25bc428b178cd43ae1aeed991d9b0facdc766	04cd471bd19e7b8d4790b9ca3a1c6a0cffaab74bcc4c52f4021ef983d7428da5
hard_role_flip_060	hard_oracle_013	full_naturalized_repair	API integration	case record review || policy rubric review	A	B	policy rubric review	case record review	Api Integration - Policy Rubric Review	Api Integration - Case Record Review	500	499	1.002	yes			0	0	0	0	0.0	0.0	0.0	0.0	f96e33eed60d8e8d00f454655755211fec0c67f4ad672eb1662e9ef3d9e1e0e6	d528d7d5333220bcd300fb86f53969afc39b17c8f6d04b5057904e4aa8a886b7	6e9a7c605230463ab2354afeda7a11e826407adffc498bf88990a656ca192a90	12e21332396f6fc4a7950ff97c0905ff63ade36389ae3c800dc72bcf1f0060eb
hard_role_flip_061	hard_oracle_014	full_naturalized_repair	API integration	incident note procedure || work plan procedure	B	A	work plan procedure	incident note procedure	Api Integration - Incident Note Procedure	Api Integration - Work Plan Procedure	504	513	1.0179	yes			0	0	0	0	0.0	0.0625	0.0	0.0625	2f353f4c2de36a500046da6cc3bd537f68971a4e9d9c611dfefbb2e386b4d5e8	70cbeab73b661ff3a0feda5c956c0830c19f9de11087c971b157eaef3c126439	810678eaf8cb1c5858e2571386f44ec8cd01a086c24daa4609443b1db2de96aa	13a8dd36c115bfe7441e0535c7c7a441b6e86028d687a9cc6ad8359d004d69eb
hard_role_flip_062	hard_oracle_015	full_naturalized_repair	API integration	calibration note || measurement table	A	B	measurement table	calibration note	Api Integration - Measurement Table Workflow	Api Integration - Calibration Note Workflow	520	537	1.0327	yes			0	0	0	0	0.0	0.0	0.0	0.0	9a0dacfbc37cd20adeb0906f4fe3d5e73c326b317ce4e4a9ffe87baeb16ceb66	2a5b572ff251fb5d48872f6baf45a2c0bdcc7507a765fd05d79f1a367a7046ba	2e64cd1e8526e6b8bb0dd0fa0607e2f2e713b7af066506e8f4a71fb786f7b3c8	9102cbe115c1a244b7caec19591da0938af018dc7d03f8d7e1bdb0aaa6c8912f
hard_role_flip_063	hard_oracle_016	full_naturalized_repair	API integration	request form review || response transcript review	B	A	request form review	response transcript review	Api Integration - Response Transcript Review	Api Integration - Request Form Review	524	523	1.0019	yes			0	0	0	0	0.0	0.0	0.0	0.0	c143c868aade959f2dd1a91686c0622111ec80713533bcfd3b0a66ac3165f7a9	02012562b57741eac470b3be03a9c88961db04d0e7bad7217a27cce154535215	45e16e75843d74caa5f87e6311ab1564c0c041043fd39e94f8f1213114d5e4a8	0012cadedfc27f94df47cea8cbe6d3e33ec9d876b2f65fcef3b2483fb3ea23f6
hard_role_flip_064	hard_oracle_017	full_naturalized_repair	API integration	change memo procedure || inventory list procedure	A	B	inventory list procedure	change memo procedure	Api Integration - Inventory List Procedure	Api Integration - Change Memo Procedure	511	497	1.0282	yes			0	0	0	0	0.0	0.0	0.0	0.0625	b91a505ba5eef8d0e74e32c77cbb4af51c58251d25892fe6a41cedacb9e22d0a	b823ece92e7d89b50a26ad46fbc6cac58b66742529660adadc348a8f147542eb	67939e2ec3b6ef73454f7e5c158dac61c6360505fa313b71c3d95888ddb19c11	da3cb1255dc87c26193939c239de6604190b7bfc8e18f65375897ebb1d69f4c4
hard_role_flip_065	hard_oracle_018	full_naturalized_repair	API integration	guideline note || judgment table	B	A	judgment table	guideline note	Api Integration - Guideline Note Workflow	Api Integration - Judgment Table Workflow	519	544	1.0482	yes			0	0	0	0	0.0	0.0	0.0	0.0	a680580d2e07e632c8f559cf7457f53dc07e6389d3a3dba2e860251226b31121	54ae036b044236f0679d100ee1cf2fbb716816d112d38e6cab4f5dad410ce28b	0a5afb16212cc17ca502762ef522ba5a49187210785f322d2c870cd063f55f18	0295ceef144cc97258bb2b4fca8b528c44edb627bb938458e9bda6eefda51edf
hard_role_flip_066	hard_oracle_019	full_naturalized_repair	database migration	review note procedure || row export procedure	A	B	row export procedure	review note procedure	Database Migration - Row Export Procedure	Database Migration - Review Note Procedure	518	523	1.0097	yes			0	0	0	0	0.0	0.0	0.0	0.0385	894fe1dd5e92ec379075a7034a0dc312d1fea3c4bfad1ae99594f1216bd72e79	f6b4af401b98fa0f1e2854a104a7c92189e4264e3aae384a1a44042812ae2d7e	8d3bc8f171763e6217a51d7d015950e3f731e934250b126828b8e15dca77af4e	d85344779d8ad90f8ae345e362c8a80e59e53b9f8a6cf893c72b1ff5b5f71c87
hard_role_flip_067	hard_oracle_020	full_naturalized_repair	database migration	configuration sheet || runtime log	B	A	configuration sheet	runtime log	Database Migration - Runtime Log Workflow	Database Migration - Configuration Sheet Workflow	531	547	1.0301	yes			0	0	0	0	0.0	0.0	0.0	0.0	65d24e195291966f776f6888b565ecb5ce39d87532d7ce5c04d8d4cfda63a117	d04244c3d7b8ebf696551877e90487d0fe8a912fb483c77d91072619a983fccf	6a4da886e8ac5cfbd5b1bc638001b098b5261433eeca98352920e91f27c4929b	67e665a74f387fe649fdfe6442fddc06461641effa58da492c63cd5e187a5a6d
hard_role_flip_068	hard_oracle_021	full_naturalized_repair	database migration	observation trace review || source specification review	A	B	source specification review	observation trace review	Database Migration - Source Specification Review	Database Migration - Observation Trace Review	543	525	1.0343	yes			0	0	0	0	0.0	0.0	0.0	0.0	845a9b45348ee4df539c04ee02a7081d769a9e73361795d19db1b16468f72c65	31d16f13703e98291541da6a0f34ab57e3893e92da69cf48f763702d50e845b0	ce21c530ba2ed532c38e62e39680e11ed51c2343cbe3a63fc88942a87a0fa0a3	1f334edb4bf4bae81b0f1080c4b271f334664e852fcc30ef76bf4d673237cebc
hard_role_flip_069	hard_oracle_022	full_naturalized_repair	database migration	case record procedure || policy rubric procedure	B	A	policy rubric procedure	case record procedure	Database Migration - Case Record Procedure	Database Migration - Policy Rubric Procedure	505	506	1.002	yes			0	0	0	0	0.0	0.0	0.0	0.0	8e767e03f5646a143fba1f2366adee4ee8513413ba29d63fd2ab91117395a28e	18c1033712fd15ebc9043475a901fa32704c793466bf2f4aeda09e991d338e0e	0941999e19171a7a48c8bc77d26976d4be8c17e8616711a933a03fc949b7447d	5919f3bc759ea55d109aa297050d87d5f6ae6e5702395e24502602e834d26cb3
hard_role_flip_070	hard_oracle_023	full_naturalized_repair	database migration	incident note || work plan	A	B	work plan	incident note	Database Migration - Work Plan Workflow	Database Migration - Incident Note Workflow	520	511	1.0176	yes			0	0	0	0	0.0667	0.0	0.0667	0.0	b8bcd17c701e2526c54ad3a9e8da82603d364e326bb632d61dd740c3fe6ee239	c5a020a7ef3a40bf4bc59f7e3971e1e49710f27762753d070e5df50166138944	8f853725363d143516a102b38841728976e987e7ac9c02811cc94c61a9236692	18d88a8c83ec662bd7b41c9ae92e960769725b12466a097ed36ae42806971287
hard_role_flip_071	hard_oracle_024	full_naturalized_repair	database migration	calibration note review || measurement table review	B	A	measurement table review	calibration note review	Database Migration - Calibration Note Review	Database Migration - Measurement Table Review	524	510	1.0275	yes			0	0	0	0	0.0	0.0	0.0	0.0	73dc1bb5027fed1f99384fa669c87ff07ea167f3af1c14b0bd3bf7a0edcea843	a016e9965542fbc4be507acac06ee4a470333d8c60bea4a8bf19a7e9202b8e15	a01b207a7c6c1df99dc7cedf31a32091f8166fd15546f0ca0c2dde3932be776d	773833a628bdfc3657bd14da93c37c40b0110fb103e4c6ca723b764653864a77
hard_role_flip_072	hard_oracle_025	full_naturalized_repair	database migration	request form procedure || response transcript procedure	A	B	request form procedure	response transcript procedure	Database Migration - Request Form Procedure	Database Migration - Response Transcript Procedure	529	530	1.0019	yes			0	0	0	0	0.0	0.0	0.0	0.0	4faff95cfd6c986a9a80eed1ef6fa7d799a3bb45dd327d2642778541b9f4f57c	09f192affc003a50b03169b429d1ece1235f019889dd425524f7a6725df8c2d7	521fc40e27188467ade64a049bda43439022b229d4910f3a9af77aaef034adf2	a322590a23b385cf38e15add0c257e9512da93373c46a7aa1e0549f25ea35681
hard_role_flip_073	hard_oracle_026	full_naturalized_repair	database migration	change memo || inventory list	B	A	inventory list	change memo	Database Migration - Change Memo Workflow	Database Migration - Inventory List Workflow	506	519	1.0257	yes			0	0	0	0	0.0	0.0	0.0667	0.0	3508a7156d63d23210f4c2754b21ff3e986556f8ee50b7952a1d85dd836afce2	ac26ce07ba508b60782a0c720e394157abb908019c3f50f9aaf8040bc62a0df7	1e62267e280861a40a616ec26b9cfad364b6fb27a2e86531c49aa5bcb6242a73	4d8d473726ad1a1c5199c2ccf2a901b28d4b4f423e06b8b87c943e5f5bddd9b7
hard_role_flip_074	hard_oracle_027	full_naturalized_repair	database migration	guideline note review || judgment table review	A	B	judgment table review	guideline note review	Database Migration - Judgment Table Review	Database Migration - Guideline Note Review	533	508	1.0492	yes			0	0	0	0	0.0	0.0	0.0	0.0	8167f43dc25ef0ea53aa45b5a9c76daa5dc2108e4c0e9e5497c9f11276b1cad8	7b275ffb72a7d9638916825233da3325a4e7fbf83b32ae162cf570fe6484e751	27db169e324730340799c0551a94ac50667378454824227b5e15785c1ab3adef	e925bb537db728da6c831db6c159800be377d9b4acb390855b996708345e21b3
hard_role_flip_075	hard_oracle_028	full_naturalized_repair	mobile crash triage	review note || row export	B	A	row export	review note	Mobile Crash Triage - Review Note Workflow	Mobile Crash Triage - Row Export Workflow	538	525	1.0248	yes			0	0	0	0	0.0	0.0	0.0385	0.0	2231083dcc1814b8f5a03bf28cf61732032b9650deeb904152bdfa28cdbc1a0f	fbccc6c24f143c31035a979c4fec741aba328c24144a8c9f60fad04c4a62643e	9db27e27635fe708e34ac3734463f72d3e0ac3fdb2d95c82d6b6b0c697ab06f7	670c67fe6c381b7b032f90d79d8c56d88277ee5ba070ae2153c8ffdd7d82d5cf
hard_role_flip_076	hard_oracle_029	full_naturalized_repair	mobile crash triage	configuration sheet review || runtime log review	A	B	configuration sheet review	runtime log review	Mobile Crash Triage - Configuration Sheet Review	Mobile Crash Triage - Runtime Log Review	540	532	1.015	yes			0	0	0	0	0.0	0.0	0.0	0.0	001fe78e3c123df260d8ab71e6e30962351dad9d58c321a8683042b6e666cf7c	8a987adfc14a58dc603d76a1d0e8911f908671170a39df4a9f00430b6fb213ae	f7fbe39c50258933779012d070b567a9d4783f18f9012503a9b13f47b83d3093	d6bbb4c1fc1eaf1d3d47c7226ff7160f5a874fac134a2751fc193d418333a943
hard_role_flip_077	hard_oracle_030	full_naturalized_repair	mobile crash triage	observation trace procedure || source specification procedure	B	A	source specification procedure	observation trace procedure	Mobile Crash Triage - Observation Trace Procedure	Mobile Crash Triage - Source Specification Procedure	534	552	1.0337	yes			0	0	0	0	0.0	0.0	0.0	0.0	1cb2e64bfbaa758843e15b9ab36ef22876ba3929886a8665aa49fe0c5625032c	2b5af221d42b5e6b296fcd16bbd6887aded539b9fc76fda8cc7b6c7b1ce11df8	61e1f106ad87d0ddd9fd20f9f1a716c2ce2fa770fdfd189d6d48d7e8f5af10f7	29055ec7e377fbe27c8ce7813da7268ae78e80441eb9ad6ba558aa328499e81a
hard_role_flip_078	hard_oracle_031	full_naturalized_repair	mobile crash triage	case record || policy rubric	A	B	policy rubric	case record	Mobile Crash Triage - Policy Rubric Workflow	Mobile Crash Triage - Case Record Workflow	523	513	1.0195	yes			0	0	0	0	0.0	0.0	0.0	0.0	18192e0dc25d47a5abe4074a550e0107d1dd7e2b88fb37b8d3807f98dda49ab9	f19be10a0306433ec176730daf6e010febd2f580a9365af15508173a5a34bb42	c5413e65df2206974195d076d701c0004beaf7253f90aa3ba89ec461e0153c7d	d8570c1b3f215cd271fcae07988fe1201f3df6a0a3dcc6f726adf8e7e3f6ea71
hard_role_flip_079	hard_oracle_032	full_naturalized_repair	mobile crash triage	incident note review || work plan review	B	A	work plan review	incident note review	Mobile Crash Triage - Incident Note Review	Mobile Crash Triage - Work Plan Review	511	520	1.0176	yes			0	0	0	0	0.0	0.0588	0.0	0.0588	d22b8162ebe8bf6357387ebbc6c60abe3caee8997af4ba340f1935f11883ad6f	d42a584475e34e7d92db6c89a4401fe05c7f15b6b9ec03310bfc665e5dc07d5f	68165e7b834f682808730d40b649b2684a29a742b772fc6dc9bc9939fbee62c3	6aa4ec8712fd7bb573b5df952a19f4a901e3269a97ae8a185efc1d2d0729b632
hard_role_flip_080	hard_oracle_033	full_naturalized_repair	mobile crash triage	calibration note procedure || measurement table procedure	A	B	measurement table procedure	calibration note procedure	Mobile Crash Triage - Measurement Table Procedure	Mobile Crash Triage - Calibration Note Procedure	516	530	1.0271	yes			0	0	0	0	0.0	0.0	0.0	0.0	c706774ad76a0f281261c7a0433bb147f83e3cbafba49097d6a9d322d7253697	9cf3105521b49e3445ef9db8b6dbbbd2a8fc8849f24be3c8b17e9a852b811720	081c273e5508baded88165bc63b19c59efdb8e10e755bf9acd58b42e1630e9a0	4fe0f21eaaffff84859d54d70f189c8b5e8b4c060eb6711bbf5a3e049bb1cc6c
hard_role_flip_081	hard_oracle_034	full_naturalized_repair	mobile crash triage	request form || response transcript	B	A	request form	response transcript	Mobile Crash Triage - Response Transcript Workflow	Mobile Crash Triage - Request Form Workflow	556	548	1.0146	yes			0	0	0	0	0.0	0.0	0.0	0.0	ecb72772846bfdb3115c6baff7394ab938339fb2f7c7485de2fbf6794199fea1	6087f19329a6ae4c1dc4a1f0ac6bf83ed223ca8a0e732de9e4d0e8bd86a628be	2554dbfc1358d57f0a2475f93af5b9ccded77b571bcd281ddf9d93a795116b45	7fb73d99fa61600f1895da50924f465c19bca4a8320f22ded5be3a8bb59b9b36
hard_role_flip_082	hard_oracle_035	full_naturalized_repair	mobile crash triage	change memo review || inventory list review	A	B	inventory list review	change memo review	Mobile Crash Triage - Inventory List Review	Mobile Crash Triage - Change Memo Review	518	504	1.0278	yes			0	0	0	0	0.0	0.0	0.0	0.0588	74bf8c02a06f570e3f2590ee96d67966974f7533e34d7b61c0bf0b22c0cb8620	6e2678636695f9281c055a653f1ce9eebb2f0302a43485feeabe550cfceacb8d	49ba962ca99ff6a240bc19726fc3430f58ca1b3ada5c8415c05a4b58a492d81f	af81956ab3041f6ce753ed6cd23e8214eb38e12e52136885cae059b7630fcdd2
hard_role_flip_083	hard_oracle_036	full_naturalized_repair	mobile crash triage	guideline note procedure || judgment table procedure	B	A	judgment table procedure	guideline note procedure	Mobile Crash Triage - Guideline Note Procedure	Mobile Crash Triage - Judgment Table Procedure	517	542	1.0484	yes			0	0	0	0	0.0	0.0	0.0	0.0	b59cfad7282bfe8e08af36de58c6847226f6f9e864a56fa932a7fe49f45879ee	0057ab2c096b7651e0818978d84147079c05adb6f22c3dc5f1c4b2122455d3d6	37ce78dfa28e3c5f0d0a92709a4e85b24af4fe82ed0b21e47953d67980c8f271	3ec88b3c756839abae33d5cc294587a2e6835a5cc78920861461a2aae36a05e8
hard_role_flip_084	hard_oracle_037	full_naturalized_repair	privacy request handling	review note review || row export review	A	B	row export review	review note review	Privacy Request Handling - Row Export Review	Privacy Request Handling - Review Note Review	543	548	1.0092	yes			0	0	0	0	0.0	0.0	0.037	0.0385	2888d7cbc63aeb38abcb58a99a1ec9936ceb117cc1c1795864f7c66e5e35f23c	2b6a2f7b7c3966026053f73e759fba775fe7bf524ec1165c6617eb9d0794af7a	bb2ebdd79335594c9c1bf9c406639f8c4b89e8e69c98f4fa6418908352000ba3	145a5e441dfaec7968357b66fb642a6795ca0e01fbe3b6f36bbbe61c63f023c4
hard_role_flip_085	hard_oracle_038	full_naturalized_repair	privacy request handling	configuration sheet procedure || runtime log procedure	B	A	configuration sheet procedure	runtime log procedure	Privacy Request Handling - Runtime Log Procedure	Privacy Request Handling - Configuration Sheet Procedure	548	556	1.0146	yes			0	0	0	0	0.0	0.0	0.0	0.0	3dc8b939c4826ef61f957439a8e8e1a233e9dbddf73ce3aed6a2f206866a01b5	06a1ee8e41978c5eeaa272b6a619a21ccf3c92539f1d7267d15e978a580aeb9c	bb874c2a4623c283a26f67395377d9d231295fae1edfc129468478fa1145d264	61c95c73483cec63231e85318ca9d9bf0dc80c19760973bfe48d5b3ee859c7f4
hard_role_flip_086	hard_oracle_039	full_naturalized_repair	privacy request handling	observation trace || source specification	A	B	source specification	observation trace	Privacy Request Handling - Source Specification Workflow	Privacy Request Handling - Observation Trace Workflow	590	569	1.0369	yes			0	0	0	0	0.0	0.0	0.0	0.0	b8693985381304a87fb1c8612bc571394b1642b321e2a2421f9123db5ffd0796	96b346f25ecef8e6cc3c24b0d1ca25ee0dc94b687dc2e16224d5f3cf59118f3f	786ae91a2a002d04142b1ad86e8b300a1d6a12fd2f8eacbc06fd6d4fac347aa8	f103922d852f7259b9e6549b3042df19158426c2ba8ffc6504f83bfdcabf8a8b
hard_role_flip_087	hard_oracle_040	full_naturalized_repair	privacy request handling	case record review || policy rubric review	B	A	policy rubric review	case record review	Privacy Request Handling - Case Record Review	Privacy Request Handling - Policy Rubric Review	530	531	1.0019	yes			0	0	0	0	0.0	0.0	0.0	0.0	164657e1985f9864ee5dc2a57876f1006d765ff9eff4b0efca988cd3d480216c	fddd8602a0b1eb94dabba1a83dfd841d186f1744e8dffeaa778f57cd9d2d29dc	ff6d0013b636a73654040329a617600565a77c6ee23f2182ba674d50182eb6aa	4dd137fe799e722d26250e60bab2fc902781dfe3b01a0115ba4033b4c147eb9a
hard_role_flip_088	hard_oracle_041	full_naturalized_repair	privacy request handling	incident note procedure || work plan procedure	A	B	work plan procedure	incident note procedure	Privacy Request Handling - Work Plan Procedure	Privacy Request Handling - Incident Note Procedure	535	526	1.0171	yes			0	0	0	0	0.0588	0.0	0.0588	0.0	91a4abefd7d7e4f6dac8a133ecbe1209962c702f086477b7f66c14b01aca7869	d1ebf1a2a1c11809ad2f261632ffa5715bc97dbf09413840d0c6f761f3db2d20	d7e4dad5b34c640daf43569add13320c99fff30dc2b0962a17aeeb4a8b695018	2443e67a361bd8b7aa5e080ffe13fa8fcb3286feccb9655526f5760f6516d2ae
hard_role_flip_089	hard_oracle_042	full_naturalized_repair	privacy request handling	calibration note || measurement table	B	A	measurement table	calibration note	Privacy Request Handling - Calibration Note Workflow	Privacy Request Handling - Measurement Table Workflow	563	542	1.0387	yes			0	0	0	0	0.0	0.0	0.0	0.0	5d682ee913f2346741009111d45c78a107bd9c6d2386da01be8e6eb29cb00d5b	487a9037e138117fb331427515edfc68e4e3b09705fa72caa4479e5b5cc18882	5e13ea360bfab87dd49ef9021147c9b0cd8cb706993bac2c9fcd3ce63a5454b3	6ea8200c8acbb5b5e6dd997ef4a6df26ad58686a59cde543e9934f466029f768
hard_role_flip_090	hard_oracle_043	full_naturalized_repair	privacy request handling	request form review || response transcript review	A	B	request form review	response transcript review	Privacy Request Handling - Request Form Review	Privacy Request Handling - Response Transcript Review	558	559	1.0018	yes			0	0	0	0	0.0476	0.0	0.0556	0.0	f56bf6e4f1f05fe1d9ce3e47d2cbc286a82e2948c2b57e4eca6b22e60060b6af	1427f54557ca23292f80150569c89388a8402acc733136fda580a2664d0119b0	4fa17cb922793b430a252ff652c5d12f5ef194ff7013a8b8016b9c59ce64ba52	961f88ce8b8d9429107300bd50e388b0aad1cc82275000fdb82de8a40865c02b
hard_role_flip_091	hard_oracle_044	full_naturalized_repair	privacy request handling	change memo procedure || inventory list procedure	B	A	inventory list procedure	change memo procedure	Privacy Request Handling - Change Memo Procedure	Privacy Request Handling - Inventory List Procedure	519	533	1.027	yes			0	0	0	0	0.0	0.0	0.0588	0.0	7ce148a580e8f5083ffdfa8c27f6544e855e823765842be9884e3d7577b302e9	eb884df4a3cf7e4c90968efcb4d6e2be93fb5d865f5d6e8b64c9a410904ca679	899751a2cdebfd5f0b3262c298c473875dc1ebcf3be33736c42da4340cbf5f33	64adde304ec0470df31cdf204319b5af7a7dcc10427656ad8c7ffb2058b614b7
hard_role_flip_092	hard_oracle_045	full_naturalized_repair	privacy request handling	guideline note || judgment table	A	B	judgment table	guideline note	Privacy Request Handling - Judgment Table Workflow	Privacy Request Handling - Guideline Note Workflow	574	549	1.0455	yes			0	0	0	0	0.0	0.0	0.0	0.0	1119173998c1666395a7e617971dc08b7cb75f4c3b57af4cd4230a68fe1c18bb	58dabd21c99da8b870b344282b5d97e2974d11d684df16d8deed0f84a5c99b68	afa1af6140aed5c759db9ba16be851306ab15ec56bd044c1cbb5c7bf1e7f3ab2	b95ead21f5bb1adbfc33a182fea9119052ef3048f0f4cb3e0e271c127723c5a6
hard_role_flip_093	hard_oracle_046	full_naturalized_repair	ad campaign analysis	review note procedure || row export procedure	B	A	row export procedure	review note procedure	Ad Campaign Analysis - Review Note Procedure	Ad Campaign Analysis - Row Export Procedure	536	531	1.0094	yes			0	0	0	0	0.0	0.0	0.0385	0.0	e088b0b1403ede1ec0aef8f003ce61c522033a6ead9420d3acd8a3c3e9de4bed	953653fa8f06315d2868abc748820797df7bfd7e0530cba9aa69018dc4b01b68	46ff5fb963a5ad62aa09bc68632f9b27e598da9a1c50a953313d592cbedd71e3	52ecbfd8feaeb5d931a2f42fd4eab22571f58239ecaebf8f6681ca1d2515a459
hard_role_flip_094	hard_oracle_047	full_naturalized_repair	ad campaign analysis	configuration sheet || runtime log	A	B	configuration sheet	runtime log	Ad Campaign Analysis - Configuration Sheet Workflow	Ad Campaign Analysis - Runtime Log Workflow	569	553	1.0289	yes			0	0	0	0	0.0	0.0	0.0	0.0	e263a3076ae743d518c85ecc0886c43155dee3bd66afb89c409ad4b82c6dbb28	bf9a271570a7a9ccb0ac6c12e4b99d802a6808858063349fcb5ae05a5c29b6d7	60a9ecd66148df2bbc18acac1535af416a87cd36da8ea96667d012928983e146	527d49dc94fc51124891badd36323bfaa28b36e8c92fc62204dbf6675e8a9525
hard_role_flip_095	hard_oracle_048	full_naturalized_repair	ad campaign analysis	observation trace review || source specification review	B	A	source specification review	observation trace review	Ad Campaign Analysis - Observation Trace Review	Ad Campaign Analysis - Source Specification Review	543	561	1.0331	yes			0	0	0	0	0.0	0.0	0.0	0.0	62622a6fe66276fd94e7551b13058a194f50d52b1a0eba2eaff3314e329c126f	45725c6cc3cfc2c71290fbc8d594bde46d465d2ad7614a37014de8a7332c3587	fee26e985ce15310428cfe6753e0f2c5263d21cd29408c809a78ac77b42daa49	156645a683a5ecd3fb5e8447fa7e4c0d77d3099999b60f176ba8e668cd8cea33
hard_role_flip_096	hard_oracle_049	full_naturalized_repair	ad campaign analysis	case record procedure || policy rubric procedure	A	B	policy rubric procedure	case record procedure	Ad Campaign Analysis - Policy Rubric Procedure	Ad Campaign Analysis - Case Record Procedure	519	518	1.0019	yes			0	0	0	0	0.0	0.0	0.0	0.0	49d75b725db541ca05abe3661e556a460f1a3dbe07ee0bdde4a2efd6ee5b9a83	33aa7938de1f2d2e8044fb5da80de448bb358e9542ad0d32ba2e5618de247d35	9f26a83f4e8803cc619a75aa601ab9f1831422a9090193e721a68cb8a976dda7	94290439a99b5112f5fcafc50781fc30fdcd9506599baf233fca4f55c2b84aaa
hard_role_flip_097	hard_oracle_050	full_naturalized_repair	ad campaign analysis	incident note || work plan	B	A	work plan	incident note	Ad Campaign Analysis - Incident Note Workflow	Ad Campaign Analysis - Work Plan Workflow	527	539	1.0228	yes			0	0	0	0	0.0	0.0667	0.0	0.0667	edbfeb3ca2b83fa2361a8a51f19987e9cb9279a812945020a10c2774209c9750	d30094ce504eb2494f4e0ff160d9793fdadf9f59d14e95ba232509fa72d3bcb1	ba6225b3e84a9854ae40c53fda0cc8e777ce0ac96c003a4e5ba316d80a8786bd	66c4ebd77d2cefe785cc418424fabae1de88cf768aa4071620bff352d5e636dc
hard_role_flip_098	hard_oracle_051	full_naturalized_repair	ad campaign analysis	calibration note review || measurement table review	A	B	measurement table review	calibration note review	Ad Campaign Analysis - Measurement Table Review	Ad Campaign Analysis - Calibration Note Review	525	539	1.0267	yes			0	0	0	0	0.0	0.0	0.0	0.0	ac3083145ea6985716766be9579cb252e06931ac70410e503852d2c74f7c62ff	4aefc1696e901d0cb445f3f0130d07eda3b946476a580e93d1be05e751c995b1	37aa74149d3635138b8f841947b38c35d00a0041b0954b5de59bdb0bf18af34b	138de8c2eef676626f7db119d7c04e9887bf9ef47a8ae39e8631efd8b2cd372f
hard_role_flip_099	hard_oracle_052	full_naturalized_repair	ad campaign analysis	request form procedure || response transcript procedure	B	A	request form procedure	response transcript procedure	Ad Campaign Analysis - Response Transcript Procedure	Ad Campaign Analysis - Request Form Procedure	546	545	1.0018	yes			0	0	0	0	0.0	0.0	0.0	0.0	9d471e9b639a1efc0db2ecb880f07725c13be80dfe8505e1e40111f84a35bbaf	de5930fccb23ce7ecdaae3eeebf43c02d064a5c15e5630ea8e5a034531c810b4	dce5c3c84d9696cd7a442734e64acb0af3a4342d014a53ce02f3340f45faf20f	4edc1c63e399eacc5ef75c7b613917b760ebd8bed515bf887302b4b56301be94
hard_role_flip_100	hard_oracle_053	full_naturalized_repair	ad campaign analysis	change memo || inventory list	A	B	inventory list	change memo	Ad Campaign Analysis - Inventory List Workflow	Ad Campaign Analysis - Change Memo Workflow	535	525	1.019	yes			0	0	0	0	0.0	0.0	0.0	0.0667	2ca160349c28e31d0b835338a1cdb3d0662f84bfa08e6b4cc05efe47ae5a1ce6	a6112b23733546e590cb1140f71cde201dc6b4653e61919aa6e50d77f6c50514	ee677e7447e667f40e5e42c67e77e677ecd76d418a59885831f6b67a7ad79bf4	f85cda86878b182d3f529769046c37d67143149ec93849fd35900442776d2221
hard_role_flip_101	hard_oracle_054	full_naturalized_repair	ad campaign analysis	guideline note review || judgment table review	B	A	judgment table review	guideline note review	Ad Campaign Analysis - Guideline Note Review	Ad Campaign Analysis - Judgment Table Review	526	551	1.0475	yes			0	0	0	0	0.0	0.0	0.0	0.0	893eee419ac73f1badc38bd6925deea9d766bc5996c28837a8dc74091d61681e	1fc9303902ddb2291e78b6e8cc1a4a1c75bc988046e9137922ac70df0e017498	692ab3f8a55c47dd491fd560a3d8429e41c6959549744b55288c24686b0731ba	fca4b6c81978b71b39f2e6ec65331e325f3673f9c630285e81c1f3e018de6e9c
hard_role_flip_102	hard_oracle_055	full_naturalized_repair	robot task replay	review note || row export	A	B	row export	review note	Robot Task Replay - Row Export Workflow	Robot Task Replay - Review Note Workflow	523	532	1.0172	yes			0	0	0	0	0.0	0.0	0.0	0.0385	ebf845d3aa85c7cfc54c09adae30d62fbbd1565cb9a85ba39502b56739aad4e7	f24047ae02e5b7aacc332f036d12177266934499cb5bb73240735fe27f13605f	79e7d27e07d95e4951f10af06c4df85b532d33e9059fda2ced7f14e33ad2b8fe	64168763d23b54983e8a7c2f0d3b2a2dac2e32d69c480b3b8737249c8eeacb5b
hard_role_flip_103	hard_oracle_056	full_naturalized_repair	robot task replay	configuration sheet review || runtime log review	B	A	configuration sheet review	runtime log review	Robot Task Replay - Runtime Log Review	Robot Task Replay - Configuration Sheet Review	522	530	1.0153	yes			0	0	0	0	0.0	0.0	0.0	0.0	d9321b294fad736a64f6bfcb77d2f5b95c6a09967ada6d1fbc0af5483f7fcd14	079996c4e5158f3975f6a210a871d03d50a5e39dc852a110543dcfcd4253ba5f	48eb253f7e5f31fe177b62c0e5630a37dfd58bbaec14ca299969b19c119926eb	974f7351419e6c19bbf99916a2b3ba845cac68d3a2ca76dbbec7291a29ad2fd9
hard_role_flip_104	hard_oracle_057	full_naturalized_repair	robot task replay	observation trace procedure || source specification procedure	A	B	source specification procedure	observation trace procedure	Robot Task Replay - Source Specification Procedure	Robot Task Replay - Observation Trace Procedure	544	526	1.0342	yes			0	0	0	0	0.0	0.0	0.0	0.0	fa593f0073b48b07c6aae8f7e7de8d25f7a3017645b066fa6250e942d922fa87	f7dd9e4afbc52e3c76e1e17254aa7f9700032da387e0646d2b63e75bdb824cc5	4cd461c901e618b61f124b255fdbecab16eb3b0014fe644630bd4cc92a3e8173	79654c74233506c7297d96a026a9b3e3887714775f2149c01c5dfbaa07508109
hard_role_flip_105	hard_oracle_058	full_naturalized_repair	robot task replay	case record || policy rubric	B	A	policy rubric	case record	Robot Task Replay - Case Record Workflow	Robot Task Replay - Policy Rubric Workflow	511	517	1.0117	yes			0	0	0	0	0.0	0.0	0.0	0.0	4777224b26d89037794b28692fce3b0ddeefe673f345d76a587b78ee94a40631	ef62026155d9fe5b5a48a691debc5445bf7f6c8cfe351de1182b5737ba923069	53ab4b9e5cdf7468fb0cc3636c022f156566e285e72836fc564a2dbd33243d0b	0f127de12f3ad767dca034f395767b332fbcf9c6102047fc244516cffe9be2b6
hard_role_flip_106	hard_oracle_059	full_naturalized_repair	robot task replay	incident note review || work plan review	A	B	work plan review	incident note review	Robot Task Replay - Work Plan Review	Robot Task Replay - Incident Note Review	514	505	1.0178	yes			0	0	0	0	0.0588	0.0	0.0588	0.0	d73e4e034a400a8ac433ea4d373906e874b0e6f5b69a9142041853b67a4fe185	9aefa09087db1c323b5fdd897d638fe00965c8edc40925bba18587c209dc6d0e	e7900136be800928d2ed09167b53d4180bfe0637942a60a98b67c80aaa94e927	51a4037ff165f37615d72ec908c4b184b59e61441c3e9f382547aa4fae8e24e4
hard_role_flip_107	hard_oracle_060	full_naturalized_repair	robot task replay	calibration note procedure || measurement table procedure	B	A	measurement table procedure	calibration note procedure	Robot Task Replay - Calibration Note Procedure	Robot Task Replay - Measurement Table Procedure	526	512	1.0273	yes			0	0	0	0	0.0	0.0	0.0	0.0	5f8e0172f1815ae76150e6c6f836e98638ae5d0024f12cd4e5f76a5b9b3a3d21	02fa53df676db9aac4e0bd2e608b12519ad464ade3c3541ad641f1598b218689	fddd5185d49bf335d04438d9d9e174f4eac77e4a2bb3fe6ef3f0dd18c8a50cb2	91344d772b923d01102b2f2f1d95bbb457695af9e754e45011c2831911c2be75
hard_role_flip_108	hard_oracle_061	full_naturalized_repair	robot task replay	request form || response transcript	A	B	request form	response transcript	Robot Task Replay - Request Form Workflow	Robot Task Replay - Response Transcript Workflow	538	546	1.0149	yes			0	0	0	0	0.0	0.0	0.0	0.0	b97b54f190ab9d6a2e0721562c9c861b6182b1df2959512519a395e8fde2fedf	9241aa7fb34624dc900c0a490717cb816089595805271dac212c0a85450d277c	4170c5fc8a9cbf2bc25891b7e89bc0f1310392e6bcfba4e836df544186d29bf0	936d5b712d6bdd2668ebb9b31e593208e482c94877942d5af0afb4534cc52d40
hard_role_flip_109	hard_oracle_062	full_naturalized_repair	robot task replay	change memo review || inventory list review	B	A	inventory list review	change memo review	Robot Task Replay - Change Memo Review	Robot Task Replay - Inventory List Review	498	512	1.0281	yes			0	0	0	0	0.0	0.0	0.0588	0.0	6ced33323849204956ad58d7831cbe4df42f1a541dea97102bc23e5718ede68c	177273598b8ae67e837326475799fcdefb0faef69dd73cc23fc3b28d1a8bc460	2524a9f2a77e27c3d80c16b16135e80af33e7f569acce4ddac01d4adf3bd666d	e64aa5eeedd48ab5273d71a49ab1a141e68265438a33ed3adb7d5bb7a2844338
hard_role_flip_110	hard_oracle_063	full_naturalized_repair	robot task replay	guideline note procedure || judgment table procedure	A	B	judgment table procedure	guideline note procedure	Robot Task Replay - Judgment Table Procedure	Robot Task Replay - Guideline Note Procedure	534	509	1.0491	yes			0	0	0	0	0.0	0.0	0.0	0.0	1de406503951762a1c55a7b4539b74009937ed233c04820a91590a25bbca721f	15520363b15633df70602596d4afa896dfc71ef332f806e5c07e5b5eedc97cd5	d113b8c71c4f8a88d2ba9b4f32e675ffa93e769b4e489d45c863ef6e574d9453	f460dadc81da919189e93666a25352ab4154411f00fb72672663c78a0cd64c8c
hard_role_flip_111	hard_oracle_064	full_naturalized_repair	scientific figure reproduction	review note review || row export review	B	A	row export review	review note review	Scientific Figure Reproduction - Review Note Review	Scientific Figure Reproduction - Row Export Review	565	560	1.0089	yes			0	0	0	0	0.0	0.0	0.0385	0.037	b5d5ddd3ce8f2c2b2d79ff6a86807bd37b9cf0615f9804b957be29ad966c7fb8	c443453d7d82e6fd78969398f3672a9b3604fb1e13ae25a614d4c87657076837	273a2bb9e3a722c35a6c07b304f2b300ce0662b3d8e43dee5a9c8414fb5dfdc0	510c04421a0bcefdbb46e87cdf7f96995f661a53e73eb9a99cc68305d7010dd2
hard_role_flip_112	hard_oracle_065	full_naturalized_repair	scientific figure reproduction	configuration sheet procedure || runtime log procedure	A	B	configuration sheet procedure	runtime log procedure	Scientific Figure Reproduction - Configuration Sheet Procedure	Scientific Figure Reproduction - Runtime Log Procedure	568	560	1.0143	yes			0	0	0	0	0.0	0.0	0.0	0.0	54122c31e97d2561009526db4291b4bab20706dfb6ed27a2c58450a8a2933a12	055e75eea5bba17dc55663b650d8c24b00ac5c9861418b39a8e9a7e5ac42f30e	13e02dd28296fe7139ec127f2d74cec1244ca2ffc4a53509de0dee5bb58df6d0	7d92e9b930648bf08455bedfa73422b8514e725abeaefb0aac499b9444f9ccf2
hard_role_flip_113	hard_oracle_066	full_naturalized_repair	scientific figure reproduction	observation trace || source specification	B	A	source specification	observation trace	Scientific Figure Reproduction - Observation Trace Workflow	Scientific Figure Reproduction - Source Specification Workflow	581	602	1.0361	yes			0	0	0	0	0.0	0.0	0.0	0.0	d22294663aae424adabe053d1f7d1385eee05618d92e5fb971f37e18f7354ede	59ba63c3ae8a7d851bcad1a698aa115605c518a77c7470af840cbbd22647763d	3fc6723a4c75f22d1398c693039d62640ee386c8b1b8a175f6b9f855a28fe3de	a8cbf06a8574e746ff9b0db50fdb1ac363233be6e4e58eabee4fd5884dd5842d
hard_role_flip_114	hard_oracle_067	full_naturalized_repair	scientific figure reproduction	case record review || policy rubric review	A	B	policy rubric review	case record review	Scientific Figure Reproduction - Policy Rubric Review	Scientific Figure Reproduction - Case Record Review	548	547	1.0018	yes			0	0	0	0	0.0	0.0	0.0	0.0	6e01e9c0bcca8bb3736b3e3ebcda59d2549710185b47a1a64a518fb260ac92b0	7edbbd2b742cd01e16ba3aeb5758d78edb8bdac94ae4671844d763e181593bf6	40cf47d437da9e82eaf4dc3cfc62c20c8be1385e7f236816c6a5b4583b8fdc0d	77fb9fdbd13e32f7b508000792d467fd192155329383ed11def2f87dad29137f
hard_role_flip_115	hard_oracle_068	full_naturalized_repair	scientific figure reproduction	incident note procedure || work plan procedure	B	A	work plan procedure	incident note procedure	Scientific Figure Reproduction - Incident Note Procedure	Scientific Figure Reproduction - Work Plan Procedure	537	546	1.0168	yes			0	0	0	0	0.0	0.0588	0.0	0.0588	c705844ff53471710e5908bbfb257b1a5fb997d6b9b9053c90d1cf0fad0c60d9	befa46d087678d9b3a1bc4a66c24b3090350f371171c7c3f909c7ab9f908c47b	26ddc17c396ee21ae5cf288d59258a1e7aee60dc19349745d818520c960e44bd	ab103c260bcb32be21f787004c3076ebf7bb087c5533c8b530c5c70cc10dbbd5
hard_role_flip_116	hard_oracle_069	full_naturalized_repair	scientific figure reproduction	calibration note || measurement table	A	B	measurement table	calibration note	Scientific Figure Reproduction - Measurement Table Workflow	Scientific Figure Reproduction - Calibration Note Workflow	552	574	1.0399	yes			0	0	0	0	0.0	0.0	0.0	0.0	01b19c68f6ec25368bb96a2ca054aa466f6eadb535641495039aa5220686ba75	cce3b45ea888d502f2b862da1786884138cdfaa4116f9a691937d59366fb9102	29c7db954d36d6f4d513819f9dfdc13889be40224ebf8d123feab8992b880443	ee945fc988c650626e808e40bfd4e43fe46a4a1176eae509bc9ed56588252dff
hard_role_flip_117	hard_oracle_070	full_naturalized_repair	scientific figure reproduction	request form review || response transcript review	B	A	request form review	response transcript review	Scientific Figure Reproduction - Response Transcript Review	Scientific Figure Reproduction - Request Form Review	577	576	1.0017	yes			0	0	0	0	0.0	0.0	0.0	0.0	165b05f3c44e97771a7a83a29a42d071587f9d2865f94f64790d921e851acb53	1dc37112b0f1a0057c565e6447e8d3037a7d6bf66012bf1171136140537e48ab	6c9f719a9567a2a84cc2c62a1c9f453caf2febd5d7bb25c258bfd6a94e2c8130	f2ac21e1232e196f96b161d9c93b33f3516c36d91d8e2051d457cb9106081612
hard_role_flip_118	hard_oracle_071	full_naturalized_repair	scientific figure reproduction	change memo procedure || inventory list procedure	A	B	inventory list procedure	change memo procedure	Scientific Figure Reproduction - Inventory List Procedure	Scientific Figure Reproduction - Change Memo Procedure	544	530	1.0264	yes			0	0	0	0	0.0	0.0	0.0	0.0588	7a2f7cd3c05c8ad0da448b7ac4566b97594777c583b019e360ee2a489223746f	95faf7bfaf22fc1e3a0a82564124d0cb4d654428193b67b79e8d32e8ae8a3d07	8cb57c6bcb4fd6ee6435f02822a930552e1aef0193262427718a60f1ceb4694e	027449fd8a4f38a131f8e52e9c59678455b5cc2d2338ed7f72c0fbbf334530a5
hard_role_flip_119	hard_oracle_072	full_naturalized_repair	scientific figure reproduction	guideline note || judgment table	B	A	judgment table	guideline note	Scientific Figure Reproduction - Guideline Note Workflow	Scientific Figure Reproduction - Judgment Table Workflow	561	586	1.0446	yes			0	0	0	0	0.0	0.0	0.0	0.0	8101591a30d5b79ef406f2e4645c3fe008f68cb3f0f24ee9d1ee33850534009e	ca58bcdcd76600d684e47efa674f1a96724f59f4233b3005d80e3f853d640fe3	57e5491fc3b3210b7abc2d39114e591f9500dc53b716d29032eca148070c8da8	210d0553f8b4fc4a195377b227320ce6aef4bee12c900e9afa1a834aab97721b
hard_role_flip_120	hard_oracle_073	full_naturalized_repair	warehouse reconciliation	review note procedure || row export procedure	A	B	row export procedure	review note procedure	Warehouse Reconciliation - Row Export Procedure	Warehouse Reconciliation - Review Note Procedure	534	539	1.0094	yes			0	0	0	0	0.0	0.0	0.0	0.0385	b6eedbe1a6187b73729d5446b2c9d358bbd4953e40c0f08594b19405ebe2cd39	243f274dd55fa3fa652277dd0a145b2b91d042ce56297bad77ad9b489fd82ec2	c0b132fb4b8d65c07c792f619b8acc054762b5332456e2ee69883265589c5c31	62d0cfadd8da5fd82af05cbd3f9c5cd7399b1fa951a2bf5410f63ba66a8fc0c0
hard_role_flip_121	hard_oracle_074	full_naturalized_repair	warehouse reconciliation	configuration sheet || runtime log	B	A	configuration sheet	runtime log	Warehouse Reconciliation - Runtime Log Workflow	Warehouse Reconciliation - Configuration Sheet Workflow	561	577	1.0285	yes			0	0	0	0	0.0	0.0	0.0	0.0	d778d94d68940cd69f9763f80c7258fe7ba82f45f8cd46ab438a17a6e1a82a86	05dc985a4a300e76d3b685a4fc9227fc6cad22227f7136b4f932a83824bdd1d0	14a8ad756ff2269c418a92ebde37c930c4f7ae059ac50337d6ad34996fd2d851	2af9043cd63044c03f2c63a78911be33f37d8880c411bee5d4cb2e26fd8e3d8f
hard_role_flip_122	hard_oracle_075	full_naturalized_repair	warehouse reconciliation	observation trace review || source specification review	A	B	source specification review	observation trace review	Warehouse Reconciliation - Source Specification Review	Warehouse Reconciliation - Observation Trace Review	573	555	1.0324	yes			0	0	0	0	0.0	0.0	0.0	0.0	a7c97f71034327fc2276ff472eebfedffe9eb1efbbdff692120498b0208bad72	82376acf06ffe73755093c166763a9cfd13d3967ab0059400db996cad2b00113	336c730e2081e27a348933e872c76483190ebc113421a55b1ae2e4273f6e6e97	dae3f1f8c2b188810a597ea7a8fe327aa5888cd7f65e22a1274619c98af42b45
hard_role_flip_123	hard_oracle_076	full_naturalized_repair	warehouse reconciliation	case record procedure || policy rubric procedure	B	A	policy rubric procedure	case record procedure	Warehouse Reconciliation - Case Record Procedure	Warehouse Reconciliation - Policy Rubric Procedure	521	522	1.0019	yes			0	0	0	0	0.0	0.0	0.0	0.0	37f76e64d67939765b3c045924deceb88105ffed065f586eac9a2e5033411bd2	eb56b27bc198622b43c554134a5a8055583439187efcc3efc2f6fdee5338d991	0f601c5ec2023a58fd4296edabc11f37393ebd4610d34d9e92b8960ddfba2540	a449b02a099a4df5423832f4b26dd9a2d3d5d7f353a57cc644ec503fce8edf7d
hard_role_flip_124	hard_oracle_077	full_naturalized_repair	warehouse reconciliation	incident note || work plan	A	B	work plan	incident note	Warehouse Reconciliation - Work Plan Workflow	Warehouse Reconciliation - Incident Note Workflow	542	525	1.0324	yes			0	0	0	0	0.0667	0.0	0.0667	0.0	6c0a7283a996cd8c5c87002ff6fe920858d52fb397e61a55567b1706792425fa	782151620f6e4c875047db32461af33ce61ac1a9869f5ca45f36021c7e2ad40a	b00483a848354e91c71f1a9f192e6ec71e30f1ecec49226db8ae306a6bada770	02f8ffef2b1c6360c1703424589a068437246214df97bf73b2aab36c8d497114
hard_role_flip_125	hard_oracle_078	full_naturalized_repair	warehouse reconciliation	calibration note review || measurement table review	B	A	measurement table review	calibration note review	Warehouse Reconciliation - Calibration Note Review	Warehouse Reconciliation - Measurement Table Review	546	532	1.0263	yes			0	0	0	0	0.0	0.0	0.0	0.0	210a2e59be0b5f144e6a5f61f23f9663c18ef00dacd9e3c78440788205b5f1e9	90f4e8bec08ec27f01bd24d85f4477958ef5e4dbfcd33992fb5781ab2bb8306f	a373b31e82d3fe344f53c27a4cb1acc74bbfe156fda5c82e0015c7304a793939	388b455f37a63569ca690396793ad6630d5bd76d0333c056fa9b98581dc681ce
hard_role_flip_126	hard_oracle_079	full_naturalized_repair	warehouse reconciliation	request form procedure || response transcript procedure	A	B	request form procedure	response transcript procedure	Warehouse Reconciliation - Request Form Procedure	Warehouse Reconciliation - Response Transcript Procedure	553	554	1.0018	yes			0	0	0	0	0.0	0.0	0.0	0.0	9c40e0f096fccaf056f918da2d22a03f55931b9d7c7f578b848b25fe9b5ad76a	c37c7cea285f8c5958cda709b263cd4eef7e1cda2277d5302e00bc171142dcd9	5dca32e182802bfd1a08df52acdbcd56dde09f0bdc9f9d651866d7119431ae9d	3c9f43242270ae8ea761b5814c3acac2ac94984f1f6aa6793b617ca8aa8c05fb
hard_role_flip_127	hard_oracle_080	full_naturalized_repair	warehouse reconciliation	change memo || inventory list	B	A	inventory list	change memo	Warehouse Reconciliation - Change Memo Workflow	Warehouse Reconciliation - Inventory List Workflow	528	533	1.0095	yes			0	0	0	0	0.0	0.0	0.0667	0.0	f15e7013bc9f10e254b3643dfe40f70834ca10a06c36d427ff0715b3c7ef983e	5dbc422d2e9517e67c479f2384326fe3a2d75e137d5e1643358aa6c4b4843d37	abf958f1acc6c0060979b73a8c101b3e1b37fe21494c910be0bf2cd0b9539b1d	54cd01c51522a855525790e1bedad2a90971cd64dc2a65189d9e641cacde41ec
hard_role_flip_128	hard_oracle_081	full_naturalized_repair	warehouse reconciliation	guideline note review || judgment table review	A	B	judgment table review	guideline note review	Warehouse Reconciliation - Judgment Table Review	Warehouse Reconciliation - Guideline Note Review	563	538	1.0465	yes			0	0	0	0	0.0	0.0	0.0	0.0	ec5ba7c6b335be16f8ff8605a02e65ded847523f6a75fb89287e4e3fc02ab7d5	ee41f576a1079d8301c41631fd509fa156420290e42d6d285cc28b21ea967934	715a77dc1f4a0e8620da9ffab50123f4a0e903933502b9e50304680b83bebd70	8d79b9607ac862f4c2fd4d2e498d471e806d0a955dff7b916d2c37d9d5af7a13
hard_role_flip_129	hard_oracle_082	full_naturalized_repair	clinical cohort extraction	review note || row export	B	A	row export	review note	Clinical Cohort Extraction - Review Note Workflow	Clinical Cohort Extraction - Row Export Workflow	542	537	1.0093	yes			0	0	0	0	0.0	0.0	0.0385	0.0	1add71d1f92af508ba07a1bd5d967a316d3b0de021af1459d310d92462811a1c	b8496555fb7d256bde09f060a50da8b36773d572846e14fe172dbabb3eaae44d	07ca1dd9aeb726a436b08200dfcdbb28c8a791bb019dd47790f9bdf528696a3b	caa5b369126232cf2c5932afb43fa0306af5ed9a6d0d5d06dc6b1740232b7c59
hard_role_flip_130	hard_oracle_083	full_naturalized_repair	clinical cohort extraction	configuration sheet review || runtime log review	A	B	configuration sheet review	runtime log review	Clinical Cohort Extraction - Configuration Sheet Review	Clinical Cohort Extraction - Runtime Log Review	549	541	1.0148	yes			0	0	0	0	0.0	0.0	0.0	0.0	6b7163b12ae09621040a9d6b07da227befba080c6a1fdedf0de37712a2650d59	78e6f9d8bba990850ff3c0cb795649ee552550955cd7d85974405cd3b2090086	866612b6584ad175a205953bc1c5d5d37a32d8401b8782c142b2691de0004690	d24063db4d9ee31d418298c70b71136ce4fb1b2a6bc5f8bfa07c6f7c36562b01
hard_role_flip_131	hard_oracle_084	full_naturalized_repair	clinical cohort extraction	observation trace procedure || source specification procedure	B	A	source specification procedure	observation trace procedure	Clinical Cohort Extraction - Observation Trace Procedure	Clinical Cohort Extraction - Source Specification Procedure	536	554	1.0336	yes			0	0	0	0	0.0	0.0	0.0	0.0	7c839816650e348c190f97225fdc43094a4e02f46738bf9c39ae2edd49e946e6	834245d17ba8c2be24e57c6d4ccd1415c199d82f4a415392f5959c8ace4fa21f	e9b002a2c5de477a914f0028056b57dfdf669296f290957c1c98143805bca6c0	b816ac4a0e5c53d2996b915a1e8edf72b9ebeabbea32d8431bc423e0a0e1a2c1
hard_role_flip_132	hard_oracle_085	full_naturalized_repair	clinical cohort extraction	case record || policy rubric	A	B	policy rubric	case record	Clinical Cohort Extraction - Policy Rubric Workflow	Clinical Cohort Extraction - Case Record Workflow	527	525	1.0038	yes			0	0	0	0	0.0	0.0	0.0	0.0	370c677e1408be6b4becb71b5e6367c4dcc0193a1b0b737c5a51a019ef5b45e3	2d9348626871646fe572abda6988445f3cff80cec1f2031192b267bc6f8db329	2f7c98ac37884f24b01df22e99e5595c200ae8cdbd72ee56d7be489c48dcf97e	501590b18dc51efa4d0eb69c128ace39a28d8230ba57112675df000fcc73752f
hard_role_flip_133	hard_oracle_086	full_naturalized_repair	clinical cohort extraction	incident note review || work plan review	B	A	work plan review	incident note review	Clinical Cohort Extraction - Incident Note Review	Clinical Cohort Extraction - Work Plan Review	528	537	1.017	yes			0	0	0	0	0.0	0.0588	0.0	0.0588	097bf8574f65c84bba371aca6dfb6cdd7f20bc2469af2f5738b0bf824fe002fa	8c65562abcace2bb1aaec8fa2927e3eebd482296022dd1b5a0354fb3003be5cc	8cbaff673c38fc901bd6bd80fa302fa02809c57464dd5fdd0bf1486006003f17	4acb0a93c94d358df616a5d79c39ac3a7489f3aafe587bdaa70d5f546cde20ed
hard_role_flip_134	hard_oracle_087	full_naturalized_repair	clinical cohort extraction	calibration note procedure || measurement table procedure	A	B	measurement table procedure	calibration note procedure	Clinical Cohort Extraction - Measurement Table Procedure	Clinical Cohort Extraction - Calibration Note Procedure	526	540	1.0266	yes			0	0	0	0	0.0	0.0	0.0	0.0	0b5483862c21df89a3ad7ce401b38da70fe93d3217b6d32d56b106d58df93d7c	884211acb6aecdd0a06664af6320faed8fbbe21513b68ef9006926d162dcca8c	75f44db6d4ebab10396985090a924540086728583e17dd67c80bb0fccf065850	6d7df7bfbaea4f3e7ccfed488ea914851d3deaceaf4d76747bb35e18fd37c72b
hard_role_flip_135	hard_oracle_088	full_naturalized_repair	clinical cohort extraction	request form || response transcript	B	A	request form	response transcript	Clinical Cohort Extraction - Response Transcript Workflow	Clinical Cohort Extraction - Request Form Workflow	552	544	1.0147	yes			0	0	0	0	0.0	0.0	0.0	0.0	0a50728650c4dd631d0acb37d6a7a06d1c8b941f02f72408cd1057335bc09d4e	e71fb8e50a0c7dcc010fb5c69bc51e0c13187fc3c332dd0a610c0c84037725c3	12739fc3dc0ac8fcf206c2dd3b9f4f46cbb94c47db197b9b34ecb93f994f4355	76e482b1fd4b5875df7ecaa3949681dc98996b13788afd41b686690a510f9bfa
hard_role_flip_136	hard_oracle_089	full_naturalized_repair	clinical cohort extraction	change memo review || inventory list review	A	B	inventory list review	change memo review	Clinical Cohort Extraction - Inventory List Review	Clinical Cohort Extraction - Change Memo Review	535	521	1.0269	yes			0	0	0	0	0.0	0.0	0.0	0.0588	83102597783c2072772e5548da7b14d565a041cba2f7fba96d2f549540f13c4f	0381cbfd111bef36e5333a4102d03a1b1b612589bda210212f03e52708c7fcc7	75d36ce8324f5765739550f6f767f26fc6fe3bb2aa34f0ce7092c10b694c0085	47ddecb2ced0fed53885a184123421f15afc9d5b53f756ad61dbfc79347234e3
hard_role_flip_137	hard_oracle_090	full_naturalized_repair	clinical cohort extraction	guideline note procedure || judgment table procedure	B	A	judgment table procedure	guideline note procedure	Clinical Cohort Extraction - Guideline Note Procedure	Clinical Cohort Extraction - Judgment Table Procedure	519	544	1.0482	yes			0	0	0	0	0.0	0.0	0.0	0.0	b5e217cd401be96710f09c7a040cb032169d12d0be220ca2d4431ced418c3209	c9e0edf2eb6850776aca92afb9b6f4ba6a0246097d9e562825af0cbd4380eff6	af7955d596a45186407ea12cfd30df4873eb74eee1463cfc54e9c5c0562d8fd2	6ca281562314db70979e7a08287142a2a4005ec3f3ba7339e18a6924fefcd587
hard_role_flip_138	hard_oracle_091	full_naturalized_repair	customer support routing	review note review || row export review	A	B	row export review	review note review	Customer Support Routing - Row Export Review	Customer Support Routing - Review Note Review	539	544	1.0093	yes			0	0	0	0	0.0	0.0	0.037	0.0385	8c24bd916db6b88336556551d0df6b1b781d78dc5654b87498e51d060af1bd4d	c5d7f7a3e259ffe9d75c1ecd960d6d20dc2a8e2424cbe0fb415f953666dfd842	9b56a84a203dae91be085a4975acae5a0728c7634a7f281e3c44669267b3971b	65a8a5edd03ddaefc2a878f8baed8e960c9f3c12d27a899934eb6ccfef96ea79
hard_role_flip_139	hard_oracle_092	full_naturalized_repair	customer support routing	configuration sheet procedure || runtime log procedure	B	A	configuration sheet procedure	runtime log procedure	Customer Support Routing - Runtime Log Procedure	Customer Support Routing - Configuration Sheet Procedure	542	550	1.0148	yes			0	0	0	0	0.0	0.0	0.0	0.0	69d63cbca5c617449a7a4d82c86d7f149f1c0868e85afedb3183e7702ac1146e	138973cd804d692bce819789b220d5d680394b94d7e1a2c3a1cea8235aacbf61	b71f5d0ee1e37f6f369c1aa60090a8b4bff12c2edc327184cec70233d1cceabd	e6f5d388e26a5394d7101ca775b3a1e48999e4607996fe6c3167b3b084223af6
hard_role_flip_140	hard_oracle_093	full_naturalized_repair	customer support routing	observation trace || source specification	A	B	source specification	observation trace	Customer Support Routing - Source Specification Workflow	Customer Support Routing - Observation Trace Workflow	581	560	1.0375	yes			0	0	0	0	0.0	0.0	0.0	0.0	06171b43670ff45f5ef194c1a08a603c1423f03f7a8e02b442d03605fc2281af	db1cb9a5c66c316b087e204be5d8fb4a7a54abaee7d9506ea187afd3891285af	9360bde23a3ce9590733ce98e69ce3d76f8134b42e4a7b951fb2ed5b27eee18f	e599815526d32bcc473c115d4042a56431c34b4c550bdff80040a7a72f24bbde
hard_role_flip_141	hard_oracle_094	full_naturalized_repair	customer support routing	case record review || policy rubric review	B	A	policy rubric review	case record review	Customer Support Routing - Case Record Review	Customer Support Routing - Policy Rubric Review	526	527	1.0019	yes			0	0	0	0	0.0	0.0	0.0	0.0	5b87a510f5575bbbeffebea4651eb8ef39f1f78a3b69710f0a50d0d03c76c5ef	c93fde0614662b8be9a714ab11ce220e51526578b1413855ee21b48dff365d82	5cfa34851a93d9962c8a10681d559c12e8b586fcda901d7c06f658c039b2ec2c	5e44d276db2ff7a90a648bccc91593dfbcead4a0b36b2fb4cac93b9bcddb7a30
hard_role_flip_142	hard_oracle_095	full_naturalized_repair	customer support routing	incident note procedure || work plan procedure	A	B	work plan procedure	incident note procedure	Customer Support Routing - Work Plan Procedure	Customer Support Routing - Incident Note Procedure	531	522	1.0172	yes			0	0	0	0	0.0588	0.0	0.0588	0.0	acdb2194f43b26904aabcaf8c781a342672c1fea0b3c55a3221ef924181bc787	55b19c916a9b8dd1ef240227cbd03b6a4bc629dfd6fca1bd994f248efb0cafb3	a96cd79db990dff6ffd1713d909bb7817607eb38dab710e93ee92d427cbbf4da	226b904d8e77923c4b7a974d25178bde0c834af097d46fd60ef58ce576a46bae
hard_role_flip_143	hard_oracle_096	full_naturalized_repair	customer support routing	calibration note || measurement table	B	A	measurement table	calibration note	Customer Support Routing - Calibration Note Workflow	Customer Support Routing - Measurement Table Workflow	556	537	1.0354	yes			0	0	0	0	0.0	0.0	0.0	0.0	3640a8d9c491f8d631ed9b8de6ed39abac293076c83dbc6f3e9628d64b3d0ea0	6d9729c44f96bf88b6373467c8970ec6a831aa104cddc4572138167742ff119f	6dddf3766d66e146d7e511777a8449340534f54406a1e09a720ee0674299bdb8	2c12259d00a69e738ad5684a0f2c174aea8a18eb33939c569ec0c0b937a8fa86
hard_role_flip_144	hard_oracle_097	full_naturalized_repair	customer support routing	request form review || response transcript review	A	B	request form review	response transcript review	Customer Support Routing - Request Form Review	Customer Support Routing - Response Transcript Review	552	553	1.0018	yes			0	0	0	0	0.0	0.0	0.0	0.0	68e779cc20c88713a6b0fd59e5f81310bf98888ff34feb8d734a2b76d9f6d240	50ae65308caa9194324e09acbf822cd4026cf27e3624ff80a38669d4d971832b	4187b96a311100c0810fb7b553d7c2655a22add4eaae9c34c615423ada1d612c	2b2bc1cd851b5fa800765d9e6ad6186ea0c8fe858215658cd4228c5efe460ae0
hard_role_flip_145	hard_oracle_098	full_naturalized_repair	customer support routing	change memo procedure || inventory list procedure	B	A	inventory list procedure	change memo procedure	Customer Support Routing - Change Memo Procedure	Customer Support Routing - Inventory List Procedure	515	529	1.0272	yes			0	0	0	0	0.0	0.0	0.0588	0.0	2af10ee3c3975016424354e849ffa06d10d21b50c609aef837fee7e245bdebad	a0fba896a63f76a1558b952cef1b4be14a81532b3aded166845315d541af7cd6	9ecc1fa00d5e293116add7a10f3a2eee274b30457f43db54e539544da496f665	980cc479ff7d774928017150f2e290d41f272a8368fad1649d222e9e26469d92
hard_role_flip_146	hard_oracle_099	full_naturalized_repair	customer support routing	guideline note || judgment table	A	B	judgment table	guideline note	Customer Support Routing - Judgment Table Workflow	Customer Support Routing - Guideline Note Workflow	565	540	1.0463	yes			0	0	0	0	0.0	0.0	0.0	0.0	efae56f9058d029ea79c635f31bf53b560aa359434ce9ac1a9e81e32e37e3d3a	c25e8d25c582e317ab8ce674ed2ef93d6a0528c0819815403e01144d75b21fdb	60ce251f06b43ceb751e40696ff4bf1e1eef6b0398475226bcf72fb1b04e4961	db140356fd2c3eac0d0920217c7d3c79c5fba5bb79112cf98b9c7aa76e12fb94
hard_role_flip_147	hard_oracle_100	full_naturalized_repair	code review triage	review note procedure || row export procedure	B	A	row export procedure	review note procedure	Code Review Triage - Review Note Procedure	Code Review Triage - Row Export Procedure	528	523	1.0096	yes			0	0	0	0	0.037	0.0	0.0385	0.0	6d3c30a62bb9591189726e9e48cc92c3bfe7526cdcc83d5c30e9b0e00d7f7130	bb15002fab2c1ab33d118c502d5dd2f0bb9da9b810209b29d93fc07d4ca58cd2	135ef98a02314c65019972d852e3f70b3392799f13da78071cdfb396d648e249	47622b911be02daf9952525c89b7a22a7c22d2b23acde84eee93d4bf959cad4d
hard_role_flip_148	hard_oracle_101	full_naturalized_repair	code review triage	configuration sheet || runtime log	A	B	configuration sheet	runtime log	Code Review Triage - Configuration Sheet Workflow	Code Review Triage - Runtime Log Workflow	559	543	1.0295	yes			0	0	0	0	0.0	0.0	0.0	0.0	43fb37c0d8ecdbc47c35567dcd9229c4a868c0bb3d729d49fb241020fa85b038	c685516b5d36ca9990d0490fa25368134e42393ce56427c025424a6cdbe1b338	9d967b5828ea4c68f38796ed44b6bfd54a99abea020eff5dbfcb84ef9aabcfff	f45d560d6a9dccb9639872d59282ae88ea60f322919af6c7bf29dea1c8e6b9dc
hard_role_flip_149	hard_oracle_102	full_naturalized_repair	code review triage	observation trace review || source specification review	B	A	source specification review	observation trace review	Code Review Triage - Observation Trace Review	Code Review Triage - Source Specification Review	533	551	1.0338	yes			0	0	0	0	0.05	0.05	0.0556	0.0556	4aea00872bb989f18eb1fa9ba8aac60a4a3da79da6dd7f9036114275911197b2	90cb8446e587122e6470ec9c3a2dd2028b1b712cb3fec372d9140e0cd3307c0f	33c577e96b64061bd95be1d172faf65b1fc97242d903331ef17e35286f086d5b	22e454725911367f4a6fe7903e81bef4c019ea3364c23ad09501cc9ea72dbdc2
hard_role_flip_150	hard_oracle_103	full_naturalized_repair	code review triage	case record procedure || policy rubric procedure	A	B	policy rubric procedure	case record procedure	Code Review Triage - Policy Rubric Procedure	Code Review Triage - Case Record Procedure	511	510	1.002	yes			0	0	0	0	0.0	0.0	0.0	0.0	5247f9515170e195fca2bf96ca96c1ee54f98f4002e65794865eb8c556fbb0e5	aac78d2cf925888901e5bb5a77ea1f4f6698706c33244d0237c5cd0e6e287218	1227b8915053337bec241e40c6c4c8129636bceaf48ec486e683604178b79c0f	6bd03488a3dccc9676a6a33f7b4a2cc0e6d09c36b778050730d0695e6f577ea7
hard_role_flip_151	hard_oracle_104	full_naturalized_repair	code review triage	incident note || work plan	B	A	work plan	incident note	Code Review Triage - Incident Note Workflow	Code Review Triage - Work Plan Workflow	517	529	1.0232	yes			0	0	0	0	0.0	0.0625	0.0	0.0625	cd1d12e56fc5f69fa7138f4d15b77bfc7c350c5961bce5454f8358bbdc9390a6	954e24a6281a2dcf7ad836f7722a6916f1d7549f885d4f3588f2e5a724a841b5	d4f33027980dc4d3e00f870c4ad5f772d3d0eef05e238fa98e47dafef5a2eafc	ff8b7c8a93f8a6dd5128099b16a3e1a76ef9adcb5a4325ddd01adca024839356
hard_role_flip_152	hard_oracle_105	full_naturalized_repair	code review triage	calibration note review || measurement table review	A	B	measurement table review	calibration note review	Code Review Triage - Measurement Table Review	Code Review Triage - Calibration Note Review	515	529	1.0272	yes			0	0	0	0	0.0588	0.0588	0.0476	0.0476	af37464334de47b01d24928c30a097cb587c3d5800c9d304cc86d9fd86e41090	37359868f801a13ed0405aab52ac6a1d39bdbc2ec0430aa18a264213289d3f1c	5866c8bc478274b91ec6272fdce687955acd51a7c73df92ab646b6522df1ddd0	ab0ff59e000351ffbf7e668eeeca841a110aaf08f2d5f7b49521c1f3a06dd059
hard_role_flip_153	hard_oracle_106	full_naturalized_repair	code review triage	request form procedure || response transcript procedure	B	A	request form procedure	response transcript procedure	Code Review Triage - Response Transcript Procedure	Code Review Triage - Request Form Procedure	538	537	1.0019	yes			0	0	0	0	0.0	0.0	0.0	0.0	75141e81cee114091c65393368c1a4b0385e1ec9f785b5e41f80e301cf771b79	734add41c0f82f3d58d44ebd22d287970d6535bfd5ec9a153f6c5fd06286af06	9b44ecb60a8d7ece9cc748b4c556575c9a9ebf0fdb8db7eae87c4eb058144b9d	927a318ff588cfab0c2449613c9bf29a030b0a0a1b9c03cf59b9f53f3468b02e
hard_role_flip_154	hard_oracle_107	full_naturalized_repair	code review triage	change memo || inventory list	A	B	inventory list	change memo	Code Review Triage - Inventory List Workflow	Code Review Triage - Change Memo Workflow	525	515	1.0194	yes			0	0	0	0	0.0	0.0	0.0	0.0625	795604a353e3adf5cbecc0b876315f11b61c2443da9cf847efbaa2b1c854353b	a903039d9a1bc8ad7d18f53d611c572f7ab3905bcb435d752a29cf56582fcbfc	250cf0d2b0c22194a3cbfe5f9e2be85ee491e1bfd67c6965506564cc184dac79	33c833b2f5ea75b4532bce364b7e29dec699a794d64376c1589db8bfb043d1d2
hard_role_flip_155	hard_oracle_108	full_naturalized_repair	code review triage	guideline note review || judgment table review	B	A	judgment table review	guideline note review	Code Review Triage - Guideline Note Review	Code Review Triage - Judgment Table Review	516	541	1.0484	yes			0	0	0	0	0.0625	0.0625	0.0667	0.0667	951d0ddabc49e95bca725eb01ff3d4ec2300fa6c2de4b197ad7826669523771a	659ec301c3b555ac75096e825cb761b40c209b62c444ffd788d627b94441e423	5d4fa5504ac551f53944b48f6eff543479f00f81f65502490c3bf510badac97c	99db068d347ed24eed128f2fe36bede3e350f2556be29d1f31755cb20863887d
hard_role_flip_156	hard_oracle_109	full_naturalized_repair	geospatial address matching	review note || row export	A	B	row export	review note	Geospatial Address Matching - Row Export Workflow	Geospatial Address Matching - Review Note Workflow	544	557	1.0239	yes			0	0	0	0	0.0	0.0	0.0	0.0385	8a1ae690a55bc8a1a131aad56c2f040897ac5e03e90ae39c4fd10ef4dd9a8a12	c71ceeb4e63ee64c1affb2dc3d4735e42ae3fb13eb09a4e2133dad87be3aca5b	cdb7ccbc33218a3ee4bddf4c3cf64f5addd65c7a62691a8bfb748cd761e6c28b	b02b63dfbf7f8dc9179719c1843f55a59b5d7914fcbe68ffc1fbd611bedeccd6
hard_role_flip_157	hard_oracle_110	full_naturalized_repair	geospatial address matching	configuration sheet review || runtime log review	B	A	configuration sheet review	runtime log review	Geospatial Address Matching - Runtime Log Review	Geospatial Address Matching - Configuration Sheet Review	558	566	1.0143	yes			0	0	0	0	0.0	0.0	0.0	0.0	3b862f598b569a39e312d291b6e71a5ede7a0bb25eca07ff723008eb45bc7252	ffbd7e71944260e381f199f2db2ba831f167b085d6d3a1573c6d19ca59f26522	ed6003625624e8989676ae7c26c74e1d3aef62f9af492e5967b0d601480607f1	dcf65a184c9e07e7c3e8fc712657cc7b63ca88f12b71559082ddb254eb6ecc36
hard_role_flip_158	hard_oracle_111	full_naturalized_repair	geospatial address matching	observation trace procedure || source specification procedure	A	B	source specification procedure	observation trace procedure	Geospatial Address Matching - Source Specification Procedure	Geospatial Address Matching - Observation Trace Procedure	570	552	1.0326	yes			0	0	0	0	0.0	0.0	0.0	0.0	6a9e0d4c22992f1869bbea6cf50ad3b1e20154a2e73cf8c2b4b0ddd8517aa83c	fba1f30f8a0938be3b94008e757a1ddc00b6eec24a6527a794c30981a4663585	1d85a7c40292584ddd329c32f6d28c4d0e18bc50f2f6e8e9184e9a21e4e48abf	95a37c38190411bfaa70411a5323cf1e961ee5e940e82481ad60d9880fa756f9
hard_role_flip_159	hard_oracle_112	full_naturalized_repair	geospatial address matching	case record || policy rubric	B	A	policy rubric	case record	Geospatial Address Matching - Case Record Workflow	Geospatial Address Matching - Policy Rubric Workflow	532	542	1.0188	yes			0	0	0	0	0.0	0.0	0.0	0.0	a3255305bf43a8421ff1598ec0f9c8d9bcd45fd99a7068959711abe33a36443f	bb6231812d28b68b75af1dd71157bff03f811409b93a3dcb97df7b2e4876a7ed	80894df83a8385a8e6399452c29f78b9f6cba4f14d262510d6ef16c58d87b8ce	399daa69a981c1208f35dec51b2187a1adad38987d92f16f3dbe8402eda0ae24
hard_role_flip_160	hard_oracle_113	full_naturalized_repair	geospatial address matching	incident note review || work plan review	A	B	work plan review	incident note review	Geospatial Address Matching - Work Plan Review	Geospatial Address Matching - Incident Note Review	546	537	1.0168	yes			0	0	0	0	0.0588	0.0	0.0588	0.0	df770d5551ba9c266dae4b223d59df83fbceb1f9cc7212da5ca4b652b5114736	1f5ed0a98155a7e7278ca11060413757b7194a2674413092856adbe0973f1d40	cd497ca9742dbf26c9f22dfe77caf21d65a37f12e9087ed2605f7c24e9cdc303	878699fa308655312e091c009677e2a49caee08a759e8ac9525db46cd34b3713
hard_role_flip_161	hard_oracle_114	full_naturalized_repair	geospatial address matching	calibration note procedure || measurement table procedure	B	A	measurement table procedure	calibration note procedure	Geospatial Address Matching - Calibration Note Procedure	Geospatial Address Matching - Measurement Table Procedure	548	534	1.0262	yes			0	0	0	0	0.0	0.0	0.0	0.0	b5148f1801a168e93045fa6ac515f0c0baad41ac436192060a8ab990c0c0daf4	c253b08885f87bdd59150c11576eb8aa845fe318964ea390fe3bba1c5d8f0acc	e91c764ec5560bd09a905cadec462e05fadf0750d7580b85d9dba6534a125f09	0d6834171501d1832fb1d80f3cb6b7c7f7634a3adbc8f84d21330be6aa9741a8
hard_role_flip_162	hard_oracle_115	full_naturalized_repair	geospatial address matching	request form || response transcript	A	B	request form	response transcript	Geospatial Address Matching - Request Form Workflow	Geospatial Address Matching - Response Transcript Workflow	567	575	1.0141	yes			0	0	0	0	0.0	0.0	0.0	0.0	e5f14e4c294b74fed2e6849caacced0b3b8c5f6c3c1eaa56dbb0b01de76126a1	3e886f553968aa4bce807ff32e629c88020cb618df8273a25e3cd5f4126b7d25	d0f3167c2ed676ca312909b2d72a96a83b16b666643c20b03d011cfb34ba4547	4bb712578a8bc7cb2313ec6320a1c3f45a5e8798e50224785428a63a15db4527
hard_role_flip_163	hard_oracle_116	full_naturalized_repair	geospatial address matching	change memo review || inventory list review	B	A	inventory list review	change memo review	Geospatial Address Matching - Change Memo Review	Geospatial Address Matching - Inventory List Review	530	544	1.0264	yes			0	0	0	0	0.0	0.0	0.0588	0.0	020de95dde03b052acf731589d9c269ad5e3dfa500cf164e7e9be3823236b229	6d2ccc0d90b579277b7ae4b6c34581f01899cef6cd222638f769f9472b10f5bc	9c462a93b047c963a1dbabebc208d07a726ac405b0bb6d62bbf06752f65da9fd	f54fd949ec140e6b687a8dbca62e9041bf3f351b918e559ca64126bd1c865ddf
hard_role_flip_164	hard_oracle_117	full_naturalized_repair	geospatial address matching	guideline note procedure || judgment table procedure	A	B	judgment table procedure	guideline note procedure	Geospatial Address Matching - Judgment Table Procedure	Geospatial Address Matching - Guideline Note Procedure	560	535	1.0467	yes			0	0	0	0	0.0	0.0	0.0	0.0	004cc8827239f962a729724e346fbc4d3af027b205717fe6cc719f963e0ef2dc	3d5a08cee2bfbea73d557861d84b9a404ec4c8b70e404c07c43d4064ca6019df	eb2061e66e7479393b7727b7c14e098e1000430300ad817094654ca5198917ec	00cf5ced130059be37d62ad136b412a75393b6d13ed4f16ab18b6d99389f5ae2
hard_role_flip_165	hard_oracle_118	full_naturalized_repair	logistics route planning	review note review || row export review	B	A	row export review	review note review	Logistics Route Planning - Review Note Review	Logistics Route Planning - Row Export Review	544	539	1.0093	yes			0	0	0	0	0.0	0.0	0.0385	0.037	fb54b2b4992ecbfa642304fbd4ead2d6153993c0749f9266d72971ea43bd7593	1b0f51b16639d6b035b3cea0814647a1ac604e30b45f86f23ef68528d537b9ae	8b4e2bcca43a5cb88fd9e1c7946fc84af27a2286126dee858ec0868fd3834cbb	ff4410be72ebfff13755e8f47f2954951f778e463106427ef943ce38908c0663
hard_role_flip_166	hard_oracle_119	full_naturalized_repair	logistics route planning	configuration sheet procedure || runtime log procedure	A	B	configuration sheet procedure	runtime log procedure	Logistics Route Planning - Configuration Sheet Procedure	Logistics Route Planning - Runtime Log Procedure	554	546	1.0147	yes			0	0	0	0	0.0	0.0	0.0	0.0	774198659f438dd5636ae3c9a4fc40e8be72c58706b27ec935b901505ccad836	8acacf4bcdec0af1eb3a797f8ee222fe1ca80e8c41a72e7ca4b6c370b892c4a2	259cafcf3938d69cfcf5d84983cb1788b049c615316aa6a73aa63e0a412d054f	2a9d3b779371b1e013e4e1e8ff1c8e3cb07cfc71e4166e1ae48121ef875408c8
hard_role_flip_167	hard_oracle_120	full_naturalized_repair	logistics route planning	observation trace || source specification	B	A	source specification	observation trace	Logistics Route Planning - Observation Trace Workflow	Logistics Route Planning - Source Specification Workflow	566	587	1.0371	yes			0	0	0	0	0.0	0.0	0.0	0.0	510d47452c16d2873f994a5f6fa26a4c86d83ec56cd0ae5e46989053337cfd81	6d108110d2a5492301ec6c2bb6ebf616ddafdd1264958062013d89364dddc68a	517cf65b81a4fc0bcad6cce180ab3a8c82dd02a9e938da209ab7edea9b6b292a	c4bc57b7c6d043c1a717dcda44230d508cec51344f65320cb4d6c6c0350f4b43
hard_role_flip_168	hard_oracle_121	full_naturalized_repair	logistics route planning	case record review || policy rubric review	A	B	policy rubric review	case record review	Logistics Route Planning - Policy Rubric Review	Logistics Route Planning - Case Record Review	527	526	1.0019	yes			0	0	0	0	0.0	0.0	0.0	0.0	1e067bfb8c7d078f00841eed427ceaff707832fdf66a40acdc83750ecf8e0438	76d34eaa6518021c1d72c5f53579f6627cefab773a1a4fa50a46b46e8917727c	aec316cdf0619c9d21d618b0e871c5809a0f4be384607153660f4c2059304572	02a5b036250127ee813285bccdee5ab7965c5bba844e90b3ba970bed05277626
hard_role_flip_169	hard_oracle_122	full_naturalized_repair	logistics route planning	incident note procedure || work plan procedure	B	A	work plan procedure	incident note procedure	Logistics Route Planning - Incident Note Procedure	Logistics Route Planning - Work Plan Procedure	522	531	1.0172	yes			0	0	0	0	0.0	0.0588	0.0	0.0588	c8128f995fc9894a8ee6bc863b6e5bdcd45f020fe9552535985bf0b6c0eb1982	caa8c50fda3a3d5a38155f775ff602855647a58aff5cc55f78715b35263c6fe2	4b5f6cbdfab9ca400a28e1050869d2276a4dfa888485f2780e95c472a1e9b3cd	ad377fa4486a3c1eaafcfb2a48f871052e26ee3f4e224c9e149ec3b5d7afbe51
hard_role_flip_170	hard_oracle_123	full_naturalized_repair	logistics route planning	calibration note || measurement table	A	B	measurement table	calibration note	Logistics Route Planning - Measurement Table Workflow	Logistics Route Planning - Calibration Note Workflow	535	558	1.043	yes			0	0	0	0	0.0	0.0	0.0	0.0	b24cbd181f2d27a68580a9bdc29b828a32a6b8e6136eae6825551b7caa4e8134	a5182d3806d6190ca1db1031c1fe1bb889786dca76056e0145967476752c8d5a	8e6299bbf41e51aef591d2719779cb8483d9bd963b9a5c74fbe00344683e10e6	3e832c24ad1138ffe4f63fb78349b96b9acb9369f99c959f06649475265df542
hard_role_flip_171	hard_oracle_124	full_naturalized_repair	logistics route planning	request form review || response transcript review	B	A	request form review	response transcript review	Logistics Route Planning - Response Transcript Review	Logistics Route Planning - Request Form Review	557	556	1.0018	yes			0	0	0	0	0.0	0.0	0.0	0.0	584c03d02505f2bf1e5f9db7e32d90ae94a2bd506222e99094b69a9743989f07	43f609bad3afca9111239d5e263aa502fcbc440c3aacf1635729f0d0cf27e834	cb7470d47cb6fed1c46648c126c4a506f0c6f46f893e544c668a1344b0ecccee	28bd75d8f622ceb60ee99b44ad2675de27e4909f55391d25fc473e9ca0e70b4b
hard_role_flip_172	hard_oracle_125	full_naturalized_repair	logistics route planning	change memo procedure || inventory list procedure	A	B	inventory list procedure	change memo procedure	Logistics Route Planning - Inventory List Procedure	Logistics Route Planning - Change Memo Procedure	529	515	1.0272	yes			0	0	0	0	0.0	0.0	0.0	0.0588	c571bccd049b66f9c8a927704a3f404c40fa4aa4d66b55ea16614633ec29a0f2	e55fde2bdc42e96ee19910555d75262becdd4180058e841c20c5a88c48e1032b	ce47224b083c243e0a9941f03a950ed2c2374144bb426fd9f835b081b9e6fb6b	c68f0f6fc8a2a8adc6482d9499aa0fc46bc7071a78b60621f763cb1c05f8b823
hard_role_flip_173	hard_oracle_126	full_naturalized_repair	logistics route planning	guideline note || judgment table	B	A	judgment table	guideline note	Logistics Route Planning - Guideline Note Workflow	Logistics Route Planning - Judgment Table Workflow	546	571	1.0458	yes			0	0	0	0	0.0	0.0	0.0	0.0	2166f370737f251c61df93d6be6af584d0670837e0e0fd355cce4c3e101a938a	e1c63e4cd2e24f55170cec7dbd0d0e4df5ebe4b37af4b9d835acf3c8c39315c0	b80151ad4946039a4ddda4e92e504205b2deb5b44dda37d3b6ba6b79e4cfd11b	713b71b5862d38f594e8243a796effc718e6d63d6a843afad0b9c73ff7df5a17
hard_role_flip_174	hard_oracle_127	full_naturalized_repair	financial statement audit	review note procedure || row export procedure	A	B	row export procedure	review note procedure	Financial Statement Audit - Row Export Procedure	Financial Statement Audit - Review Note Procedure	535	540	1.0093	yes			0	0	0	0	0.0	0.0	0.0	0.037	4dc8b1994f4d217341df1a9208f146815cec184effb7497138e64401c313f404	bf8074104f04df99e23d1d7e62cbdaa55c0c4e924dbfdebc8294b54576330ec8	6dd75c76cee1dc66d66f988c1fbc902babd7959d7b607ae28dc517ea814ef2ce	870ad38a597f346256d73e2d0c0912f02bdd083c52a55f622e6a2aac1362345b
hard_role_flip_175	hard_oracle_128	full_naturalized_repair	financial statement audit	configuration sheet || runtime log	B	A	configuration sheet	runtime log	Financial Statement Audit - Runtime Log Workflow	Financial Statement Audit - Configuration Sheet Workflow	554	570	1.0289	yes			0	0	0	0	0.0	0.0	0.0	0.0	f93426b899492b8334c525ca860bd095f59cc3da07cf4c49e30a46e1141c5d24	0aefa71ac58ba3b6d068dd548e6bd924545cfe80fd4ccff9ff25e95a69960afd	2b115b08f13da7567e70a07072120a266ced37cff1fb1d299a98f5c5c0a9799e	c707a03648b8aea14b1555033eacae6952639f5fe38f83657ddfcacca473fa07
hard_role_flip_176	hard_oracle_129	full_naturalized_repair	financial statement audit	observation trace review || source specification review	A	B	source specification review	observation trace review	Financial Statement Audit - Source Specification Review	Financial Statement Audit - Observation Trace Review	570	552	1.0326	yes			0	0	0	0	0.0	0.0	0.0	0.0	dfe566c367bde6ba4e2df3c414d88be9582497282c2882f9eaf5ef5e35e15b3b	8dc6d46759b1899179999dc925b69bcee0d58323ac5fa470553077890f20940a	7bc90ba3d3c4b95237b983dc1b0f8dd65ab603ae14b91bdaabaf2f3d52a1ce5a	1ece24deccdf413cba72b69b2aadf303658131065f8b6df54a02ff73d9cee6f2
hard_role_flip_177	hard_oracle_130	full_naturalized_repair	financial statement audit	case record procedure || policy rubric procedure	B	A	policy rubric procedure	case record procedure	Financial Statement Audit - Case Record Procedure	Financial Statement Audit - Policy Rubric Procedure	522	523	1.0019	yes			0	0	0	0	0.0	0.0	0.0	0.0	5ab962d131dbc35ea94cbf6f56cfa35797fd1177e4a84525b2a425148a6c49da	fa86e6e69910e2ebc249f6389182971e8ece0e72ce7e6e0033c7c6fc77869adb	91bd08c1698f19b14c5561c522958f434050c7e2c717b9c55d66253b1f68d2a3	9e59cd921c1640c0d978aa722c235185cebd0e4101d004f3d2bb28a966c9f04e
hard_role_flip_178	hard_oracle_131	full_naturalized_repair	financial statement audit	incident note || work plan	A	B	work plan	incident note	Financial Statement Audit - Work Plan Workflow	Financial Statement Audit - Incident Note Workflow	540	528	1.0227	yes			0	0	0	0	0.0625	0.0	0.0625	0.0	b791d4c5357f1c88568417fc4079baa59985e9e2f93f54e7dd03c59de143cfbf	2299737c807784c0062d63b9ef43ff039ca3c84db682898635e7b35a3abe7469	21d35a2d4e3b5664121e7896ce8b64088018e22c3d03f70651bab603a3ecfe8d	5e7462f37e2408c0925f15b1e9cd335b411a64e31d4665a979535e408e7b5c22
hard_role_flip_179	hard_oracle_132	full_naturalized_repair	financial statement audit	calibration note review || measurement table review	B	A	measurement table review	calibration note review	Financial Statement Audit - Calibration Note Review	Financial Statement Audit - Measurement Table Review	548	534	1.0262	yes			0	0	0	0	0.0	0.0	0.0	0.0	bddcd319fe9e9fab63e0e20fa885eaa0f262c827dcee0f42fb8bf6fdc6d5e104	f8dbef6a0069598cb0d6f653caa5269f8b93e603068134d2eaf167a06ef9f26d	15665c7f91ba9ca684f0493e498f02ffc1d849eaf596a61758ce5f7c902401db	f279851add57a189dfcf6aed51d4d2fa42e217fcd31b9e5d440c829fc7ad6693
hard_role_flip_180	hard_oracle_133	full_naturalized_repair	financial statement audit	request form procedure || response transcript procedure	A	B	request form procedure	response transcript procedure	Financial Statement Audit - Request Form Procedure	Financial Statement Audit - Response Transcript Procedure	549	550	1.0018	yes			0	0	0	0	0.0	0.0	0.0	0.0	6a382e2db278c80513e8e6e4e31ba854be5958f86c2e49ba004234cbcafd91d7	4ad10400fd35420f908a2c390dea0ce7ee948d62e98bbd0b778aed504f464b89	c34be29d99596e38507168e13c88251d82d45cd8eb6abe0e2f124208f2b516d7	e147342940aaa3da001128974a5d9c595e59a30d3d623865fd13152c4e776602
hard_role_flip_181	hard_oracle_134	full_naturalized_repair	financial statement audit	change memo || inventory list	B	A	inventory list	change memo	Financial Statement Audit - Change Memo Workflow	Financial Statement Audit - Inventory List Workflow	526	536	1.019	yes			0	0	0	0	0.0	0.0	0.0625	0.0	6ad5d58d2b2261386e9714ba5fe6d7243e4e36e5b973e846584213e0e0b38d76	6893cbc097c78433a44fb3e770dcad94927fedf18e4a02278a1c10795efa63fe	9b8ed7ca64382b48a95a4f2feb0b832ee067474c2978ce5ca89d8c3092ff21cd	dfd3546ad04a1c2443a8bba7582ef791c94f19fe490a0958a164a356668f3931
hard_role_flip_182	hard_oracle_135	full_naturalized_repair	financial statement audit	guideline note review || judgment table review	A	B	judgment table review	guideline note review	Financial Statement Audit - Judgment Table Review	Financial Statement Audit - Guideline Note Review	560	535	1.0467	yes			0	0	0	0	0.0	0.0	0.0	0.0	665d4b21e4532ec4825aa128407b6c6d21a22a8ff562574230e3ba4553a334b5	9e26f97ee740866e0d8997ba115832077843d0790f5dc5414e960b31200908d8	85b735a8190375e1819cff395c599b9f5b7b97a342bc40f7a0c72471740970f6	fad1ba53e25970b5c1e84586c325c7fe70ee73843643d9a6da6ea78c620593a8
hard_role_flip_183	hard_oracle_136	full_naturalized_repair	education rubric scoring	review note || row export	B	A	row export	review note	Education Rubric Scoring - Review Note Workflow	Education Rubric Scoring - Row Export Workflow	549	543	1.011	yes			0	0	0	0	0.0	0.0	0.0385	0.0	64f3ae97f54a3adf5bd6792906a1c06815c3e5b79dff097ccbb8259ef79cbc8a	94136f3c51bba9060d89e49956d12d8078ad814d284e498d02563f2d8f0256df	c9fa2e14beabaa25dcccbb5a98dccf414971625aee6057579f53299a10ce4204	4700a3aedd948f7f38cc1d2c3242ffc9e92a94c621ec5cc6a3c55036fbaa1646
hard_role_flip_184	hard_oracle_137	full_naturalized_repair	education rubric scoring	configuration sheet review || runtime log review	A	B	configuration sheet review	runtime log review	Education Rubric Scoring - Configuration Sheet Review	Education Rubric Scoring - Runtime Log Review	551	543	1.0147	yes			0	0	0	0	0.0	0.0	0.0	0.0	07b33a7ec49dc5fe4478974d271be11a51ad4e2c50a3dc1da81d5a86c9b624a8	802a7a467612dde8d43a5ea9384a958137bac50cc5e5efa0a6e289ea8a33c9a7	00f924041b6e657fcfdc5a4cdf3e9f5568c1cef5316a8255832186527d2b4efc	bf3908ffce383644d9672f312513df7cd4be64ad85989820ff4999a8a67c7f52
hard_role_flip_185	hard_oracle_138	full_naturalized_repair	education rubric scoring	observation trace procedure || source specification procedure	B	A	source specification procedure	observation trace procedure	Education Rubric Scoring - Observation Trace Procedure	Education Rubric Scoring - Source Specification Procedure	540	558	1.0333	yes			0	0	0	0	0.0	0.0	0.0	0.0	775f5c23090f32912ecb973f30977aeb348ef44fb121120656a01d222b520783	d521b0a0b2d618a6af388067f8ed1bffed838291bbfd808ea5ad24d54504df15	d06b12dba3dc730f0d2640b88cee6d7e7c758723c2efcf42d3313bd1881c5ec6	b8308bbc456db67af9c03f89b46534851aa83c294362c1a6cce005ff6d544d3b
hard_role_flip_186	hard_oracle_139	full_naturalized_repair	education rubric scoring	case record || policy rubric	A	B	policy rubric	case record	Education Rubric Scoring - Policy Rubric Workflow	Education Rubric Scoring - Case Record Workflow	534	531	1.0056	yes			0	0	0	0	0.0625	0.0	0.0526	0.0	e279c1081ff23967ac61b2beb92ba25ab3c6276af3fbdcf30591af868ee00134	24dafcb4d519344fb11b3d8142787f49ad35fc78071944a713d8801c63abad35	3c06e9747ffc27133127517bb5b80a09ef2206729dd1bb54ff9b13fb1a4c7375	abfb93dccf126df132b251829768dc420a683474d2a910ac3626fe06f6cce663
hard_role_flip_187	hard_oracle_140	full_naturalized_repair	education rubric scoring	incident note review || work plan review	B	A	work plan review	incident note review	Education Rubric Scoring - Incident Note Review	Education Rubric Scoring - Work Plan Review	529	538	1.017	yes			0	0	0	0	0.0	0.0588	0.0	0.0588	e31e0be6a830ea310d6a1a2b5f3945f18018337576ae601c14458e444f4e8af3	327ddf4b28827a2d4e6dc87a147d0868b41821824e571f38d33dd9c20450b48d	930f3c8c642f352510b5fb3913bb811cc319a633207f4afef4cfa116684b79b9	9da71b525b6951545ca2886c0483b8e32d246f903f1586400aea35f7ce4c85ed
hard_role_flip_188	hard_oracle_141	full_naturalized_repair	education rubric scoring	calibration note procedure || measurement table procedure	A	B	measurement table procedure	calibration note procedure	Education Rubric Scoring - Measurement Table Procedure	Education Rubric Scoring - Calibration Note Procedure	529	543	1.0265	yes			0	0	0	0	0.0	0.0	0.0	0.0	18a6886203451ba3d566d26f5e2984e893c07c01152e9d45f62aa4e9192c1fdc	34bcb19e078330da4c3114977ba08d34c3d3aac544383f0d9cee932df0c291eb	583bcee184bda4dfd8678de61d701e4e9977c0d4039563fd1d1de437b7bcde6a	abf3fced612414eb61183ee01bcc800a239ce586d5380cd565f37d3674962ef3
hard_role_flip_189	hard_oracle_142	full_naturalized_repair	education rubric scoring	request form || response transcript	B	A	request form	response transcript	Education Rubric Scoring - Response Transcript Workflow	Education Rubric Scoring - Request Form Workflow	560	552	1.0145	yes			0	0	0	0	0.0	0.0	0.0	0.0	dffc82d5daf2af7a6db3ddc70ffb9b62b976ce187284d2d85fee83732ef93f4c	cb84c16afcead3941179188a6899332f62194a3191adb5685c1e20a5457ff844	51680e7d19e4a6e9c2744e83a9269345ffd7133eb232d69569e85cceb5c149d0	ed89b7e24123c1469053e1fdfe17e15dd35c1b9c11c5d24d2079f555ff857383
hard_role_flip_190	hard_oracle_143	full_naturalized_repair	education rubric scoring	change memo review || inventory list review	A	B	inventory list review	change memo review	Education Rubric Scoring - Inventory List Review	Education Rubric Scoring - Change Memo Review	536	522	1.0268	yes			0	0	0	0	0.0	0.0	0.0	0.0588	cb2e0b3fbe9d68edae744c303d6eb8b92e6a71e8a4a5eb9ab5419a8e3c9b183c	06ceac9c295d6b3cb8a132ef401abf67ae0bbc3d4125cbd4dd6790d5bb7e6ecc	2ef893b95d104f6540da3ebe237fb6903c8ae0a31188a0e8714b4b2e96143f1f	cd0e0f4f0cfa77664dd93dfe34f924a951bb6533910bb16b4a6d864107b81640
hard_role_flip_191	hard_oracle_144	full_naturalized_repair	education rubric scoring	guideline note procedure || judgment table procedure	B	A	judgment table procedure	guideline note procedure	Education Rubric Scoring - Guideline Note Procedure	Education Rubric Scoring - Judgment Table Procedure	523	548	1.0478	yes			0	0	0	0	0.0	0.0	0.0	0.0	2f1734718a5195c387cd16f4ad7ac335f0278ca14bcc2aa195e18b33057d7ac0	3e5441f9fed801893bb20ee759cb738ab69f9b2fabc4c5fde6e21cb57d34a7fc	b7b7685809e70cc4e800f07a2c2a275a921e6f7ee744614b6d078fdc3a9523e6	78dd0775e22aace52c51bb4eea4b4cb949692d24ad9899de93f8b3231d73af7c
hard_role_flip_192	hard_oracle_145	full_naturalized_repair	security access review	review note review || row export review	A	B	row export review	review note review	Security Access Review - Row Export Review	Security Access Review - Review Note Review	532	537	1.0094	yes			0	0	0	0	0.037	0.0385	0.0385	0.04	fb2adca51afd4de345053e096a434c34cfe38a19b8d8f7f7eb71e4db2c3d2345	ceb2ae0046b618f9d37676455359a5b4f4810ad41dcad75ad372b51229c9978f	bcbac72884e66495d6d9bfb1f47e6ea3adc19d57a768a844686e30b1ad8b42ba	df39a484d95fb281325df77587636d0385e116662a84d2b2950407ffb1b75668
hard_role_flip_193	hard_oracle_146	full_naturalized_repair	security access review	configuration sheet procedure || runtime log procedure	B	A	configuration sheet procedure	runtime log procedure	Security Access Review - Runtime Log Procedure	Security Access Review - Configuration Sheet Procedure	540	548	1.0148	yes			0	0	0	0	0.0	0.0	0.0	0.0	53f04b118bdb1798911f53a5baf1248e24e480ab9b8aad5bbaee09827d428f77	7cf8d01d66b5b7ebe596c7000de80c86484b6a14b834343397f7771a15a8a2fc	700bea5ce14a26ee8bba0145b49da9081cb9f5b04dc0d1242ac5898fa90e734b	430197124e32c05a4053796222894f17ccf524a9006fa2e8209cb8f1b2c45a2f
hard_role_flip_194	hard_oracle_147	full_naturalized_repair	security access review	observation trace || source specification	A	B	source specification	observation trace	Security Access Review - Source Specification Workflow	Security Access Review - Observation Trace Workflow	580	559	1.0376	yes			0	0	0	0	0.0	0.0	0.0	0.0	d7d7b2b48cd1eacc295574ddab3c479d181afc33960f3e9ff8fea6e33578a7d0	30cf9a1d036e05e0841410dd04f421d2aa2a04bc893ae637cfeee45322d2d40c	f9809eb259597e5f63bb8966f13106f377160e3874de74115ec654a87e9e7868	b05c853b745074dfa20d9dde3dd12462856302a1bf739da8b55d28fadc4bacdf
hard_role_flip_195	hard_oracle_148	full_naturalized_repair	security access review	case record review || policy rubric review	B	A	policy rubric review	case record review	Security Access Review - Case Record Review	Security Access Review - Policy Rubric Review	519	520	1.0019	yes			0	0	0	0	0.0588	0.0588	0.05	0.05	e85450f7be940d5ad35843e89ebfc115d781c252abc48b1362d32a48cc3e896b	a527df1adadfe51ee8339a9c935481eca4efd2aa54432382415f717415a08661	7f875e1f20660a9a4f5cb4e0ad924a9fb56a598242e9a9c9c5cd715185ff0ae8	7f18133bf1693b2c7ada8fc1706680820989c5bdc1c459b12285ebdb3501b171
hard_role_flip_196	hard_oracle_149	full_naturalized_repair	security access review	incident note procedure || work plan procedure	A	B	work plan procedure	incident note procedure	Security Access Review - Work Plan Procedure	Security Access Review - Incident Note Procedure	526	517	1.0174	yes			0	0	0	0	0.0588	0.0	0.0588	0.0	ceee5bd17871903c3afb6ec30909043ee694cd9ac5337f0f1f6489d9fc35ac1e	7cc102ebbd50413165a467a3624239ac409bf8439c05fd34747c0141631de310	e2a30046fd5621e1aa2d7e58b0990a99103690a9131b6bebc5cbc8b6ed343e41	1a1623468b005d0290524b19a6920914f78f4a67f59d4ebce4cdfbc543e5faa0
hard_role_flip_197	hard_oracle_150	full_naturalized_repair	security access review	calibration note || measurement table	B	A	measurement table	calibration note	Security Access Review - Calibration Note Workflow	Security Access Review - Measurement Table Workflow	552	530	1.0415	yes			0	0	0	0	0.0	0.0	0.0	0.0	1523c6be489ff7ca0b6dddfd3cc2c32640036f908a0105271af2529b1563385b	e7c874be7558a6a4063a2ac1602e1bb165f8635cd5404328f21763492f72b5a3	2cf931dc52fbc5a4fbc067d39a6d18e647acc8767838c96873f641750088eab7	836afd17c9c752308904fb52aa349a3e9d2bee09e8112bd0af9d3ac6260ef935
hard_role_flip_198	hard_oracle_151	full_naturalized_repair	security access review	request form review || response transcript review	A	B	request form review	response transcript review	Security Access Review - Request Form Review	Security Access Review - Response Transcript Review	548	549	1.0018	yes			0	0	0	0	0.0476	0.0476	0.0556	0.0556	e4b2545987038c36a1c5273cef9ac0e235d5c06110902233ad9552e238d8b125	aee31e835826071927bf4db4b23039972b7c5014c90ce40f53c1e7f92699a102	03e55440a033307fcd3bad9876e480216464db88654cfbb31eee2677363edc9c	08ee65c76b60004853e402bcbc37957cf4f8c741b0b464a78fc034f344199cf3
hard_role_flip_199	hard_oracle_152	full_naturalized_repair	security access review	change memo procedure || inventory list procedure	B	A	inventory list procedure	change memo procedure	Security Access Review - Change Memo Procedure	Security Access Review - Inventory List Procedure	510	524	1.0275	yes			0	0	0	0	0.0	0.0	0.0588	0.0	1e6fc45e2f2ad56b559b704865827ff0afd4a9ad9a365afda438a608aa0068a7	8e61f0a7416490aa2d8ad666ece8d5fd273999caa1fc05495215721d09e36145	3ef925a2ef52b19bf131837e3dcbf2fb734185355cceee43e0cb0bfa315ba323	306d39bd8ead3cc85f3b709b72dbe7d973d45e1b0368339638b1ae82cf2ac29c
hard_role_flip_200	hard_oracle_153	full_naturalized_repair	security access review	guideline note || judgment table	A	B	judgment table	guideline note	Security Access Review - Judgment Table Workflow	Security Access Review - Guideline Note Workflow	564	539	1.0464	yes			0	0	0	0	0.0	0.0	0.0	0.0	479fb4d1a5a2f6b41f53db89526b6eceec61cd62f2c80d345b4956376822b071	b47746559b78bf059d302865ae9dd803189fae2d058ebf1c52f82e26f0d55ed9	0a24558dffbd8da48a3ec5fb6c509e45ea8d9b87b9a7cb30620c05ed1d13815a	eeccece2f9e9db4815d421b73b7b432e021b0891b67ae3f5d1273e6f645489a9
hard_role_flip_201	hard_oracle_154	full_naturalized_repair	email campaign QA	review note procedure || row export procedure	B	A	row export procedure	review note procedure	Email Campaign Qa - Review Note Procedure	Email Campaign Qa - Row Export Procedure	530	525	1.0095	yes			0	0	0	0	0.0	0.0	0.0385	0.0	086f0653cd2816a31c7290a5839c809e6aa3eeb0434dd71f5d4d64dd24bef180	8c0609149d054216226326e6ffa4402fc0acf9faafec4a7654bbcc68d8d51f56	9e1d08f0ac5847d33dea3a39e949786c486a3a59ab40c10aca362a80f8b2e332	55146056cdff0149cbb12c401c1b18c736826cc569e28485ec4fe989af9cb039
hard_role_flip_202	hard_oracle_155	full_naturalized_repair	email campaign QA	configuration sheet || runtime log	A	B	configuration sheet	runtime log	Email Campaign Qa - Configuration Sheet Workflow	Email Campaign Qa - Runtime Log Workflow	560	544	1.0294	yes			0	0	0	0	0.0	0.0	0.0	0.0	883f998ef20b7a280ac7fb062486d41de9f48aca2e59806e86ebaf9a075211bc	3d2bc8627371adf887326e61cd6f2b8b26b3b09d7fa1d99e5c233af01d527bac	e02e940d10c89f938c8268dfe7e4495a5f3b9e726ba323efcdbec1bf5ea3825c	bcf576286ab951412fb5c0b8fd09bb90bdb1b81f4a91542580d1c202c368fe9e
hard_role_flip_203	hard_oracle_156	full_naturalized_repair	email campaign QA	observation trace review || source specification review	B	A	source specification review	observation trace review	Email Campaign Qa - Observation Trace Review	Email Campaign Qa - Source Specification Review	532	550	1.0338	yes			0	0	0	0	0.0	0.0	0.0	0.0	931768337b63859cded41f201c8406c8d8191640a4601b944bd30464a2ebe5c5	7fa6583512bbd969aafd8356b33c9ddcb89051aedd77398743657fb470c34660	0107687e0989debc35ca45d81f0136bf3944bd0fe226374c2235dd00b59c3bae	fb76d806c7c2b074b1c1e32ae6bedd0c09e278f8d0d56fe217fe564b5d48e5e3
hard_role_flip_204	hard_oracle_157	full_naturalized_repair	email campaign QA	case record procedure || policy rubric procedure	A	B	policy rubric procedure	case record procedure	Email Campaign Qa - Policy Rubric Procedure	Email Campaign Qa - Case Record Procedure	513	512	1.002	yes			0	0	0	0	0.0	0.0	0.0	0.0	e81d55a1fcbf0426a9679c8fb63a6d100e17ab3dd3f28dd3a7b30c94e6a2fcd2	80e57b10d6b6a61800f79c9a8a3a51f627cbe4616162557ec04491ec3cb02ad9	087668ed73d51fa96a29f23cd843884a762c2a047cdeb5d5c3ef7ca158992502	854f9dbb1bf082a79e15987e9bdeb4c9636d7cfaa6617848524dcbf62aa0930b
hard_role_flip_205	hard_oracle_158	full_naturalized_repair	email campaign QA	incident note || work plan	B	A	work plan	incident note	Email Campaign Qa - Incident Note Workflow	Email Campaign Qa - Work Plan Workflow	522	532	1.0192	yes			0	0	0	0	0.0	0.0667	0.0	0.0667	60e68c59f6cf15998776650707d38caf56f7102f46b9604c17953ac43bf99a97	7fb363fa5790733fa3b260e8816987aeafe5c78d8baf266b750275022f70d88f	688c515ecd777af2d65b0b64f94728950bd7ec62f874b2eede5009b803b14da3	8e432d5e504ff8cc45c378dcfbc0a70bd07e5c14fab12a338cc447142dbd6eba
hard_role_flip_206	hard_oracle_159	full_naturalized_repair	email campaign QA	calibration note review || measurement table review	A	B	measurement table review	calibration note review	Email Campaign Qa - Measurement Table Review	Email Campaign Qa - Calibration Note Review	516	530	1.0271	yes			0	0	0	0	0.0	0.0	0.0	0.0	a92c5b71fb9941e55109f9094d463a0cb72f7000f93c131938cd57e9c97e7994	d2de1586371d169e62ef1be78f0547377fc48e33c0ac7fd11b827ae0698c6fdb	5d646977c0716331b70f189f564bc86fbf90003265a9c8f0efda416c1979786f	2fa0be6f83d2d4289642a10d6972846790313af12cc1b7efaa33413e58754371
hard_role_flip_207	hard_oracle_160	full_naturalized_repair	email campaign QA	request form procedure || response transcript procedure	B	A	request form procedure	response transcript procedure	Email Campaign Qa - Response Transcript Procedure	Email Campaign Qa - Request Form Procedure	538	537	1.0019	yes			0	0	0	0	0.0	0.0	0.0	0.0	03963023d423c5ab0c7b2cb657abe7daaeb6af353466b5bb57905ad9afd509d1	03297020974b02b5aee62199a3ffd59c65ae59c79dd37dd9d88fbbe09129ef6c	fe86e87d67164d62cd2c833722fb7071b5514141067f6bf79015a387c00825df	ac6985d1d9e4ca13b38214e88e8a8a7d7bb5f98028f480ec7db7856496ed920b
hard_role_flip_208	hard_oracle_161	full_naturalized_repair	email campaign QA	change memo || inventory list	A	B	inventory list	change memo	Email Campaign Qa - Inventory List Workflow	Email Campaign Qa - Change Memo Workflow	530	518	1.0232	yes			0	0	0	0	0.0	0.0	0.0	0.0667	0af69f5dde4e7405bd61a7a56a6108330f9e45789182c6fab37d5af939249323	26606f39249d61770eaf2f87602364dc37b12f0542b1406b993b245d844c1ed9	4c6f6fd54fd34d7aed7bb0780ac0141ff0dd6aaa3e20ca3fe131975cc477d7ab	9eb52e1d7f76e474caf6688eca92944edf76da532744d8a4c7e162377120b0be
hard_role_flip_209	hard_oracle_162	full_naturalized_repair	email campaign QA	guideline note review || judgment table review	B	A	judgment table review	guideline note review	Email Campaign Qa - Guideline Note Review	Email Campaign Qa - Judgment Table Review	515	540	1.0485	yes			0	0	0	0	0.0	0.0	0.0	0.0	fa135b5a3426286dcb7717673bbb5c2a9fedb1a4d725e99caa9766c69f646b1c	2f55045bd015bc01c8eb31b3e5dbacf8a02cfc54a6bed177bf8b84d4176069c3	c09cd5bd929c1a4f0585a363c66ad951773f127579a518c562707130572e42fd	aca4c3e8f855d00793a056677385a5c0997d8425cefc183fc45e06e7b7d7ad06
hard_role_flip_210	hard_oracle_163	full_naturalized_repair	energy usage analysis	review note || row export	A	B	row export	review note	Energy Usage Analysis - Row Export Workflow	Energy Usage Analysis - Review Note Workflow	531	546	1.0282	yes			0	0	0	0	0.0	0.0	0.0	0.0385	4ffca0c63ea8e2d5bb5dcc4ea50504a42c883612a255395a0f99c38114c1d31c	827999545c1b94e3664ba2d256501c3d7b09006116d7ccb3489f6b243982ba73	d949cab52da292ca31aa0a5375fa8f68c833826ef8de481f835ef19bb443d270	d1908eed246950c918eefb4944a06d36a7581ec527f78b95cd56ba014c077c87
hard_role_flip_211	hard_oracle_164	full_naturalized_repair	energy usage analysis	configuration sheet review || runtime log review	B	A	configuration sheet review	runtime log review	Energy Usage Analysis - Runtime Log Review	Energy Usage Analysis - Configuration Sheet Review	542	550	1.0148	yes			0	0	0	0	0.0	0.0	0.0	0.0	59d640454897d2a2c565e7f220de23b0acd2e5c4e2c3dd6db11fa52e17aaa19e	918d188867f282cbe337f8005029c27c8e9dcc0a145943fda3436eb73830c787	56f5ca2c7ddb05176229251236d27d3a31326a671a0db38ba0bd541690b2869a	e719151f38a6ca82fb255f17a67045eb01c8cc0e1f448afad213924728b0024d
hard_role_flip_212	hard_oracle_165	full_naturalized_repair	energy usage analysis	observation trace procedure || source specification procedure	A	B	source specification procedure	observation trace procedure	Energy Usage Analysis - Source Specification Procedure	Energy Usage Analysis - Observation Trace Procedure	560	542	1.0332	yes			0	0	0	0	0.0	0.0	0.0	0.0	a279353d66853b223a72f977ee39df61a4b6014a4478f57a1e153eaf4c84bb6c	b2fe3e3d2053c000652e6c49ce78591e99e20bb79cfa6d246cd0263aa7d86e6a	8ebf47a023c6fb91358df3b644b8c795de7c89e8ed0cc3a222e87e1ca8f6e6b9	52a87debc39a514cbea3390a18b469886bee46f221813e2b1a0c19128a01473c
hard_role_flip_213	hard_oracle_166	full_naturalized_repair	energy usage analysis	case record || policy rubric	B	A	policy rubric	case record	Energy Usage Analysis - Case Record Workflow	Energy Usage Analysis - Policy Rubric Workflow	519	531	1.0231	yes			0	0	0	0	0.0	0.0	0.0	0.0	fe767bc2dcb3bfa5d830b49cc977a3a4c96b03eb9b6af8a27753a999ca852a63	9f2c9f221a71eec04d666f45425a9943b2183eac040d514a56712b06efcebc4f	4c29adb11b60a874a3543e01d2b5a25a4e6de570b117a5b247757bda3c7754fd	2ae0d1dff5577e5985ae2cdf57ed88f744a2952af1a784e83a1d2efe0d856748
hard_role_flip_214	hard_oracle_167	full_naturalized_repair	energy usage analysis	incident note review || work plan review	A	B	work plan review	incident note review	Energy Usage Analysis - Work Plan Review	Energy Usage Analysis - Incident Note Review	528	519	1.0173	yes			0	0	0	0	0.0588	0.0	0.0588	0.0	5c1da88365d897388d150107dc8d55ab156894fed8ddf704aae341d6e7a82596	1c8e628a0bd576341a1970146dc846bdee75d5094ec59ad00230e8c051341d9c	4f743b3c8b8c5c4594252529aa90c3ac87dd33c55490137ff8825d1278787ff1	7796e1223655ce4378255576d09abe9f276f7ee8ac02b425c904a84fbfe7af42
hard_role_flip_215	hard_oracle_168	full_naturalized_repair	energy usage analysis	calibration note procedure || measurement table procedure	B	A	measurement table procedure	calibration note procedure	Energy Usage Analysis - Calibration Note Procedure	Energy Usage Analysis - Measurement Table Procedure	536	522	1.0268	yes			0	0	0	0	0.0	0.0	0.0	0.0	4fb9be60371eb6d52ccee13616a563de9f4de470b4a3ef22cab8923ed03d86bf	0e976ff9812b809227bbcb614e7fafbf9654fc954cc4cb2ef7fd71eeed177bb1	e9135a442d44a58cf9d6d7a6263125b202eae3362be9592454f5dee125d04abe	ba248f81f95cbc470cbe97522665619a7f38bcd8a544b87e148270a660d80db7
hard_role_flip_216	hard_oracle_169	full_naturalized_repair	energy usage analysis	request form || response transcript	A	B	request form	response transcript	Energy Usage Analysis - Request Form Workflow	Energy Usage Analysis - Response Transcript Workflow	558	566	1.0143	yes			0	0	0	0	0.0	0.0	0.0	0.0	285d3a543f853bea9b7883c9096c1dab4030e05dca08fe1cd50c0f72adee66ac	70974b71a7b640df0a91bb8c3ae1a8317e6e0fddef34faad7e7f6cc9e43ba931	2302f68b63af16787fcd33b06103bdb98ae653b31d381b8f928f71a29748f40a	46170cbcc531a589429c9ec52397acea051842e90c8a9ad49e759fb3c2feaed9
hard_role_flip_217	hard_oracle_170	full_naturalized_repair	energy usage analysis	change memo review || inventory list review	B	A	inventory list review	change memo review	Energy Usage Analysis - Change Memo Review	Energy Usage Analysis - Inventory List Review	512	526	1.0273	yes			0	0	0	0	0.0	0.0	0.0588	0.0	f1b779a24fb2ff25ebe41ed0921923540b888fc3f1ec1357549f7a67128a08c1	b293a9ff96b3afcb063c9f7a2010ba679a0236268cd401067da3f3a039705c60	463423df5e0d8b62280e2560d7a8af9a87529e1dfc57a1bded506738fa0c4d79	195c64ae1d93038cfaef0348069e1bd8e6c9e01718f09af716a40584d1db71f1
hard_role_flip_218	hard_oracle_171	full_naturalized_repair	energy usage analysis	guideline note procedure || judgment table procedure	A	B	judgment table procedure	guideline note procedure	Energy Usage Analysis - Judgment Table Procedure	Energy Usage Analysis - Guideline Note Procedure	550	525	1.0476	yes			0	0	0	0	0.0	0.0	0.0	0.0	a3b639167b43a777d5a9e4f448788fc16f5b0e6e24994827f7b35b34fffeb8be	c8f3d809cfa237a470647016f0e942e425061fffb8fa680167e7381bd0859460	3f5d2d115c76a628b802786ef512746f10cb9b50716b4ddb5cf425f352d169e8	c48299d696eb4015c38e48efc089b69df471e5d2eaed12f9f986efbadc413ab5
hard_role_flip_219	hard_oracle_172	full_naturalized_repair	legal discovery review	review note review || row export review	B	A	row export review	review note review	Legal Discovery Review - Review Note Review	Legal Discovery Review - Row Export Review	538	533	1.0094	yes			0	0	0	0	0.0385	0.037	0.04	0.0385	1a7cbf98a207537f5cf6bd15aee3b13909b0cd285315171252aebf01996fd6d2	90eae70d3caa7e2297fe6e2ce15ca8482b305967ba46b294c5a8047da2e7f962	696349568ebe2c473fed8ea1a541ab2383499bae7f8f8d98d104a9b9f59d6be3	5d10947062fd8db3fb0644f3e6fb1e10e557d113cbaba8719f217a6d38133574
hard_role_flip_220	hard_oracle_173	full_naturalized_repair	legal discovery review	configuration sheet procedure || runtime log procedure	A	B	configuration sheet procedure	runtime log procedure	Legal Discovery Review - Configuration Sheet Procedure	Legal Discovery Review - Runtime Log Procedure	542	534	1.015	yes			0	0	0	0	0.0	0.0	0.0	0.0	d10ac5c2acbccd020bfa1d40801adfd02f74722479d91bf2f684dc55fa555ebc	410f0526376f075a2fa3a886b38e227f85d22b4cdf49fa0303ef27cb2258bed3	f35cbb76e35137bd7cf8090756c21181e9dcca291d712d2ba009396f6fc20034	1e22b8887e771ffeaa15a9d1229d47b38da25635bc1c127f2af8a476174377b0
hard_role_flip_221	hard_oracle_174	full_naturalized_repair	legal discovery review	observation trace || source specification	B	A	source specification	observation trace	Legal Discovery Review - Observation Trace Workflow	Legal Discovery Review - Source Specification Workflow	550	571	1.0382	yes			0	0	0	0	0.0	0.0	0.0	0.0	b540853d5081f1ffd5ec572c87ab99e34a09fc0a40f01dead06ca3d7df4ecd3e	7c97990cdfb22c101b694cc6dd9c617126244dcf0c8a5856f7efd210f3bd651a	6afd2ebba5d4297a59006e4d2631c64e5bc02080f0360677cdc6b71dc879bb4c	0f88919970fdcd13bffcadbbe1965ca31a11cbaf33bcdbc4b6c59fb3554caa14
hard_role_flip_222	hard_oracle_175	full_naturalized_repair	legal discovery review	case record review || policy rubric review	A	B	policy rubric review	case record review	Legal Discovery Review - Policy Rubric Review	Legal Discovery Review - Case Record Review	521	520	1.0019	yes			0	0	0	0	0.0588	0.0588	0.05	0.05	3123fc3124e2d0004f107fcdff91bcb603859b2549d3ac04ec4a8140da8554a6	467261d3761018346a6052e23f4dbb6d87ab5bd5a82264e859d83803b0f97720	05692bdf82e0ad281006cc082d9b19454ab35ddd1917444226f48d7c2f0aa3ec	43d3a880740dc998c6472f22ecd4087b8afbaaea8f8d19c37e7950c3515248c1
hard_role_flip_223	hard_oracle_176	full_naturalized_repair	legal discovery review	incident note procedure || work plan procedure	B	A	work plan procedure	incident note procedure	Legal Discovery Review - Incident Note Procedure	Legal Discovery Review - Work Plan Procedure	518	527	1.0174	yes			0	0	0	0	0.0	0.0588	0.0	0.0588	00c49e182f02176df7a79449925030333f71f8f21ccc15c69f6573ce7f65b4e0	e3eefcec8056bc04ea20544499bd63836b38a0ef380edd7edc28d67bc3d913a0	73e6ea43d70924b9f41e4b66de6f590f3f1d592f237343848ffae03fedb921fb	b5693782b075d08c8d10b480e0f50de82c0297e1671b0aa4b3446e0fbcd4d932
hard_role_flip_224	hard_oracle_177	full_naturalized_repair	legal discovery review	calibration note || measurement table	A	B	measurement table	calibration note	Legal Discovery Review - Measurement Table Workflow	Legal Discovery Review - Calibration Note Workflow	535	550	1.028	yes			0	0	0	0	0.0	0.0	0.0	0.0	66a624e084aef8751e7f64377d97baf9e89c09d58885daff45bfffcf6a2189c7	445aa4b593067441d9984964e49e460b4538b75807c48e99e68ac89bc964bf43	ef523797bd7480338c5c56b3a3fa1bac49a3fd3dd4e26f51527c45f4bd274e40	6d7eb6bde4488b8994d380bc5f9b6082760e2926150615c86890425e588461cf
hard_role_flip_225	hard_oracle_178	full_naturalized_repair	legal discovery review	request form review || response transcript review	B	A	request form review	response transcript review	Legal Discovery Review - Response Transcript Review	Legal Discovery Review - Request Form Review	543	542	1.0018	yes			0	0	0	0	0.0476	0.0476	0.0556	0.0556	7bd9f64457fb70e4232d6e0565f7be6f0e1d6fef670248240062996a1183cfa5	405099fcf08f56a76c917792aa60d08a98e1308e25acd36ea2748074bb5059f4	529f296e1620e3651a9724872dc91f3857efa46b9fc9434a37bd62da4df0a070	bfe29bba37cfe2385172c3e4860164851d543856c0cf1640bb7a53f874ff9afb
hard_role_flip_226	hard_oracle_179	full_naturalized_repair	legal discovery review	change memo procedure || inventory list procedure	A	B	inventory list procedure	change memo procedure	Legal Discovery Review - Inventory List Procedure	Legal Discovery Review - Change Memo Procedure	525	511	1.0274	yes			0	0	0	0	0.0	0.0	0.0	0.0588	0fc440b7a9226d12ca4247df7ecfda3b17d14968e4d6ad592f04cb0ae0e64a30	ac5d6e6c2fb1449cf3db9993c67f42c080cfe42f899e07f0adea2bf034b8353e	a8be0b8d598e3e3f51f1fe1e5b56fcc63a16ee77d59dbbc525e30f3ced5aa2f2	2c88e9d2e349391045fb4c045593098f7d83825cf58455cefce7bfe7c2772ac3
hard_role_flip_227	hard_oracle_180	full_naturalized_repair	legal discovery review	guideline note || judgment table	B	A	judgment table	guideline note	Legal Discovery Review - Guideline Note Workflow	Legal Discovery Review - Judgment Table Workflow	530	555	1.0472	yes			0	0	0	0	0.0	0.0	0.0	0.0	8bb5faeb198100a6e17fa6c56d37c8b7fe2f9f9968c2151d539d41e4d28431c0	980a96a3651d6f110999564030076226fb25a38fbb44b40752b2ba5f81af537f	393440a301938c612fe8b1bb9ca9df9f6020b934e814a25f3d9f012645c3a355	2cf4c01115b5d10a2676c522ad508869bb4f9097cb5a68aac3fb8b769706ea1c
hard_role_flip_228	hard_oracle_181	full_naturalized_repair	manufacturing defect analysis	review note procedure || row export procedure	A	B	row export procedure	review note procedure	Manufacturing Defect Analysis - Row Export Procedure	Manufacturing Defect Analysis - Review Note Procedure	544	549	1.0092	yes			0	0	0	0	0.0	0.0	0.0	0.037	f69f90dfbd008408d06a33a09d70a0e19747935b3e6f408fa27cf68ce5d09b92	6e6f83e0c821d4f71915134b2dbf15712ee68bcaa3653866b08cfea80b117dfa	0f54ce0a4b5ed9aee074dd1eaaf4a731c682f456285548778a5e220c738c256a	474f9714cf3b779834825481d4d9e115155bf415ce7f01076ed342155cef3dbe
hard_role_flip_229	hard_oracle_182	full_naturalized_repair	manufacturing defect analysis	configuration sheet || runtime log	B	A	configuration sheet	runtime log	Manufacturing Defect Analysis - Runtime Log Workflow	Manufacturing Defect Analysis - Configuration Sheet Workflow	568	584	1.0282	yes			0	0	0	0	0.0	0.0	0.0	0.0	24b26fcf5132faaa0bca34294c0f28658676317e21a79ac2a56bc45a1ade89b8	0f141e74b05de48f0cd1a462adfde6e40888d316db6fae7cb5b5b0c93fce17b0	e96059b64f1b09712b8ba50c082d9dfb88491b583b7a0f5f11aef38b06ccd76e	93bc5f8ec9a8baf1f097c43354c72ebb8a5b20fd2e96bd866902a0e3057e95c9
hard_role_flip_230	hard_oracle_183	full_naturalized_repair	manufacturing defect analysis	observation trace review || source specification review	A	B	source specification review	observation trace review	Manufacturing Defect Analysis - Source Specification Review	Manufacturing Defect Analysis - Observation Trace Review	586	568	1.0317	yes			0	0	0	0	0.0	0.0	0.0	0.0	ff3881f01f78e438bed2c18fd9efc3ee8ea3885207a363bb51c5c36249e416ec	6645068d0e27e774b975ebc85c70b41cb77f4c9197ca40d4a64e63cd9c6a3c49	a51020bec60e3649305641bfcaff5eeee02b09f4c26b30a77e729b8e122b70f1	728f4fc4978449d0602515a20a955fe81aa39a3485fe351d1370a9bebf3cfe5d
hard_role_flip_231	hard_oracle_184	full_naturalized_repair	manufacturing defect analysis	case record procedure || policy rubric procedure	B	A	policy rubric procedure	case record procedure	Manufacturing Defect Analysis - Case Record Procedure	Manufacturing Defect Analysis - Policy Rubric Procedure	531	532	1.0019	yes			0	0	0	0	0.0	0.0	0.0	0.0	e2e376810ad92d7e99f4ecd2ac6d264ca976be97655659e9171edef6f6a988c2	a1c6c2a2c5a1eaf82ac6c008a93242d2033572a73510251a63450d19727036af	03f09b596f051ae768222ca12481ef0e64b32b1ebf6f346360331f9229799360	fa01edfe2cd3d5b24a1580a02a44fb91693a6f5d2e0ac3cdffd9d5c5c1ca57a6
hard_role_flip_232	hard_oracle_185	full_naturalized_repair	manufacturing defect analysis	incident note || work plan	A	B	work plan	incident note	Manufacturing Defect Analysis - Work Plan Workflow	Manufacturing Defect Analysis - Incident Note Workflow	551	536	1.028	yes			0	0	0	0	0.0625	0.0	0.0625	0.0	9aebb6bdd75d1e86057ed90319deaf49af8f2f00012ae0c903a09f2833cbc3bf	24e9427d1a7b685d40b71de8276dd7e4ce42ba834da123d05224020df408451b	e85a954218064adf28ba5d5e31415f329ae44b637ce5f9219ed8ab5267b40790	b6ad266c2fafbaaf1826161c6d149c6308fe93bdcf358e485a46711e77e89b2f
hard_role_flip_233	hard_oracle_186	full_naturalized_repair	manufacturing defect analysis	calibration note review || measurement table review	B	A	measurement table review	calibration note review	Manufacturing Defect Analysis - Calibration Note Review	Manufacturing Defect Analysis - Measurement Table Review	561	547	1.0256	yes			0	0	0	0	0.0	0.0	0.0	0.0	f957290e7f0ff86a68c203329cf9da6c9ae6979bf9c297249ccaee8e978e084c	3cd58f71a726bba37638745519b898288d0650a74d9762fbf622cba1666f2907	c8f0a949ab28449cfad545ddd7f24298d5a15be51c2bdd0089188bc4ec72e67a	d8bf7e684b07f7755717b956aaace4678401be5ac84018ccf9fb80c944edd7d3
hard_role_flip_234	hard_oracle_187	full_naturalized_repair	manufacturing defect analysis	request form procedure || response transcript procedure	A	B	request form procedure	response transcript procedure	Manufacturing Defect Analysis - Request Form Procedure	Manufacturing Defect Analysis - Response Transcript Procedure	561	562	1.0018	yes			0	0	0	0	0.0	0.0	0.0	0.0	7c621f77858cc48df02f08454e28e0db61fe6f046053a2e2777dbc763a8da16d	c0d404eca9c207577d0db8e1888d27dcf91c1f19c8b4df74fb99fc927a8366ef	d12981134cd8027f7502c9a2e1fd60b9893335eef6a9f272155e5ad27d035a0d	240fefefea2be5f28c3bbabedf2635a9dad2d50278330b3c40c4b64219050039
hard_role_flip_235	hard_oracle_188	full_naturalized_repair	manufacturing defect analysis	change memo || inventory list	B	A	inventory list	change memo	Manufacturing Defect Analysis - Change Memo Workflow	Manufacturing Defect Analysis - Inventory List Workflow	537	544	1.013	yes			0	0	0	0	0.0	0.0	0.0625	0.0	8a965376ffa66ab5090123310e7739632b90bea51535e936faab9e56ee540aa6	25434434e4180cfa8bfc4466ca447a15644562fcf3613ebefffa561f57b35f22	4fe98ce45e129df58c7d66be6e14955ba8ce1733e51e54e6ccc7579f306e84ab	ac2d3b2a45aff74ca4e10807a1e43622f88977f731a7413250707a9f6eb1e10d
hard_role_flip_236	hard_oracle_189	full_naturalized_repair	manufacturing defect analysis	guideline note review || judgment table review	A	B	judgment table review	guideline note review	Manufacturing Defect Analysis - Judgment Table Review	Manufacturing Defect Analysis - Guideline Note Review	576	551	1.0454	yes			0	0	0	0	0.0	0.0	0.0	0.0	9fda91d430cca0e1554b28860cbf55a3d089b5dec9c17eafcc75d3d60ba13a67	20ed42d7fed86667f782934155106e93035a31705e308882f59ad7c2b77513e2	f9691fb231845b10d55ffc097461423d3181c96439f3eef3f618bfa8821427bd	03e850f0f70ff45da72e49080db4310de790472c0578b088a24ef6f15beb1838
hard_role_flip_237	hard_oracle_190	full_naturalized_repair	product analytics funnel	review note || row export	B	A	row export	review note	Product Analytics Funnel - Review Note Workflow	Product Analytics Funnel - Row Export Workflow	544	533	1.0206	yes			0	0	0	0	0.0	0.0	0.0385	0.0	1d4ff8d2221734eb06d68255587ec668e18114d6bb2acca2fe488eebd210bbac	10a01697f61e0815a287219dcdfed52d503cf8e97e05e8923ec738b3fcbe4a29	5fdd7b3bfbd49b1928f135c6970ed284caaaa928790ac1fe71dd97d89909d6c3	f02999f4a4433e88a7da869788ae0b2793c01f8720f14ce527611586ac57e57f
hard_role_flip_238	hard_oracle_191	full_naturalized_repair	product analytics funnel	configuration sheet review || runtime log review	A	B	configuration sheet review	runtime log review	Product Analytics Funnel - Configuration Sheet Review	Product Analytics Funnel - Runtime Log Review	551	543	1.0147	yes			0	0	0	0	0.0	0.0	0.0	0.0	6f38e7cada5083f622c91aaeacf82d1e2c645f2069617fa4864f4adb53fe5aa1	121aae4150f843c53d54f6af6faf1402155dbbecdd23314695a460ca1fa37ffd	3cbc148b8a40afa1335dee638e7d542c907f729dccd9610a942ebf58e2e82c6e	e5cb9f0db6b1f036e3afbdb1f58555ccbb3a5072dbb87f2cd30df9681be02dcd
hard_role_flip_239	hard_oracle_192	full_naturalized_repair	product analytics funnel	observation trace procedure || source specification procedure	B	A	source specification procedure	observation trace procedure	Product Analytics Funnel - Observation Trace Procedure	Product Analytics Funnel - Source Specification Procedure	540	558	1.0333	yes			0	0	0	0	0.0	0.0	0.0	0.0	5d66e711573280b8890afd90325d07b994ae8d32c1652f7fb8e4f7d000c134af	db4361c38389cdd2e80c23324ce4f51de20df3b58a9d3e86c4ded9e3ba76fbd0	a9efeb20f73c4b7296693c1cfb4c78b7c7f6ed8e9921534cdb9043b626b989c1	e8c2b8617413249dccc813ed35a0260c08f74eb2aac2a4f4a8e0aa7ee7a856f8
hard_role_flip_240	hard_oracle_193	full_naturalized_repair	product analytics funnel	case record || policy rubric	A	B	policy rubric	case record	Product Analytics Funnel - Policy Rubric Workflow	Product Analytics Funnel - Case Record Workflow	529	521	1.0154	yes			0	0	0	0	0.0	0.0	0.0	0.0	ae6e55204414738e78ab19f108fe6f8b369aa6ff3110b976dc35bcae2b6457fa	979a4670f2dd165edd8d731c7c05f93887fc5f7ac5c807dca1d6d362145a2d45	01911512b36b080ac0f08bbca94c838d31cc133fbdd2bd508d0899391ca4885f	255201bae6114bfcd94ac8b13f77cad25f8c0d8da86af3fc9a2308ec24469dfb
hard_role_flip_241	hard_oracle_194	full_naturalized_repair	product analytics funnel	incident note review || work plan review	B	A	work plan review	incident note review	Product Analytics Funnel - Incident Note Review	Product Analytics Funnel - Work Plan Review	524	533	1.0172	yes			0	0	0	0	0.0	0.0588	0.0	0.0588	e5dca533b0b365d3e6a8a6cf9962e149225f14f7a117fa8f83a1fabd72e1f7bd	49f266d30a514ff9337c5bd475e9a446ff405a0993015de3790779deb9abd9a1	a9a229868d511d72361ea4e6d8626ceb3191dcd97e2510382aad4d02cbde54a9	8864fe6761c96f47a5985c18362213c79775b613781e829fe748e1b111a15e1c
hard_role_flip_242	hard_oracle_195	full_naturalized_repair	product analytics funnel	calibration note procedure || measurement table procedure	A	B	measurement table procedure	calibration note procedure	Product Analytics Funnel - Measurement Table Procedure	Product Analytics Funnel - Calibration Note Procedure	524	538	1.0267	yes			0	0	0	0	0.0	0.0	0.0	0.0	40d17c3c58892e40466b30b1b906e522627ca5334466da10fef85c8e7f9bfb6b	29247b8587539ce8e613f189e59e1934fc668f4d18e55fa4d087c2b584eeb284	7947c7601d52c00f5bf6ef092b462293442a943f0008d027da838b49ffa6a75e	d7ce969151f503efbad244635c527907fe0014fffa2d543933dc5aaf36a93c71
hard_role_flip_243	hard_oracle_196	full_naturalized_repair	product analytics funnel	request form || response transcript	B	A	request form	response transcript	Product Analytics Funnel - Response Transcript Workflow	Product Analytics Funnel - Request Form Workflow	560	552	1.0145	yes			0	0	0	0	0.0	0.0	0.0	0.0	84809ae7f284274254c5b04d26b9cd80e65a80eb671f2159a979ac2292581fa2	53855f90a6a8d5fc353fbaf9181ed23d0cf05fa74150c77190e5680050963327	03717ba2fa8f0295657281ad7b132aae0da299e8bbf340754cb163281f392196	89ca099b6bccc777a08f9dce01797811f486a82cc80c305f3e9f05160fb988e0
hard_role_flip_244	hard_oracle_197	full_naturalized_repair	product analytics funnel	change memo review || inventory list review	A	B	inventory list review	change memo review	Product Analytics Funnel - Inventory List Review	Product Analytics Funnel - Change Memo Review	531	517	1.0271	yes			0	0	0	0	0.0	0.0	0.0	0.0588	a1141a257ccb6f3b99cd8c775d7159c450a311fd1abbc009df6cd0170cfe5012	3def3acb3fe140200f5addff05d00ff97a699a945dba50ad0c056fbb1d98e5bb	a28e2fdf7b78f3d0902bc103a66cb8daa5427f2c954c436c2793b8f2aaf94620	661b79fa8a9dc82c46d91648058061ffbf8f19a40faf2b59d7e49f7e949dcf47
hard_role_flip_245	hard_oracle_198	full_naturalized_repair	product analytics funnel	guideline note procedure || judgment table procedure	B	A	judgment table procedure	guideline note procedure	Product Analytics Funnel - Guideline Note Procedure	Product Analytics Funnel - Judgment Table Procedure	523	548	1.0478	yes			0	0	0	0	0.0	0.0	0.0	0.0	263dcba103b7cbef8a2c99bd319bfc081707c07513e6236c15cb386e0ad7f775	465ac6ade65e141b1a40f8d1f5729aed4252e8f4fd6fb0521817e11dfe703e35	d4e854c712801eb4ca45e4d1f91b6fcf4abf0fc389c7215f76f96c330b520cf5	d2dac7efee6997b98124ac23f531acf84c6bd82e210fd35ecc5021725f5baea1
hard_role_flip_246	hard_oracle_199	full_naturalized_repair	cloud cost analysis	review note review || row export review	A	B	row export review	review note review	Cloud Cost Analysis - Row Export Review	Cloud Cost Analysis - Review Note Review	524	529	1.0095	yes			0	0	0	0	0.0	0.0	0.037	0.0385	da149b92aab36e255ae490e4cd6322667b234b0da0013cd8d4d074438cfbd14f	4d70b77ac2a10e842580c6761771b9ba1a5923165c19c5f4de08b54812598e89	77b6ed86d95f7080e052a74e6277e1a41990742dfed8b9e806577f94876dd653	9c0aed65deda5f8379d85e343986de1d7a715e5f9b5dce84cda51b14a9b25d33
hard_role_flip_247	hard_oracle_200	full_naturalized_repair	cloud cost analysis	configuration sheet procedure || runtime log procedure	B	A	configuration sheet procedure	runtime log procedure	Cloud Cost Analysis - Runtime Log Procedure	Cloud Cost Analysis - Configuration Sheet Procedure	530	538	1.0151	yes			0	0	0	0	0.0	0.0	0.0	0.0	a7b5ac6d13c133339f72a58d7355fd00ce4e12a8f9bc15eb3fab10e624626db8	cfdacfb7407a4751d963e92b16845a23c17cb90be7395c807c3974cee17d9b84	019897c9140889193711dd77ba92f36a4ca779d0e98270eb1e84cf3e77cda267	e2795808feadf620791b0441c1d56ef99ab2137a189881af7db788abe9ea9344
hard_role_flip_248	hard_oracle_201	full_naturalized_repair	cloud cost analysis	observation trace || source specification	A	B	source specification	observation trace	Cloud Cost Analysis - Source Specification Workflow	Cloud Cost Analysis - Observation Trace Workflow	568	547	1.0384	yes			0	0	0	0	0.0	0.0	0.0	0.0	0e31aaae4eb4affdefc6b0dfe5a8b82211dfcba226d952888c13cfe243910f1a	f03f0d4db24297737c333d3cf8b8024aa3a270bf400e2504e9c39d9b2faae98d	b3e40286655cc45a0f0691d16ab8d1d274330950b282d4812d6ace69b55908b0	c37fa1757b4d7cb29a3a217bc75f5e4298c8bc5cffa893d244ce885bf18b288b
hard_role_flip_249	hard_oracle_202	full_naturalized_repair	cloud cost analysis	case record review || policy rubric review	B	A	policy rubric review	case record review	Cloud Cost Analysis - Case Record Review	Cloud Cost Analysis - Policy Rubric Review	511	512	1.002	yes			0	0	0	0	0.0	0.0	0.0	0.0	4458331bfba50f011cda885768c36a94c2a64256f30befb25b2288b73fda1324	453265d4c4311f8da53aec6b889545c0048bb8ef6ed2adb4a8841cb17f8cd602	fd200418c0a4133b39ad246d5f122972c04e6fbe8d8b0380e764d57907193882	aa76fc230b58137044383262823ba2a9e93e4100c92285b778158e0b9f356f84
hard_role_flip_250	hard_oracle_203	full_naturalized_repair	cloud cost analysis	incident note procedure || work plan procedure	A	B	work plan procedure	incident note procedure	Cloud Cost Analysis - Work Plan Procedure	Cloud Cost Analysis - Incident Note Procedure	521	512	1.0176	yes			0	0	0	0	0.0588	0.0	0.0588	0.0	2833446925208813ed4bce69bedda96758503cc9a88adb5d7ffe925b4ec43dbb	deb685c5edf43eec88eafe6ab6dd2cffc12361cf308d41667fae0d5f96385840	d1a232d2a1fa1540f04fd16460cfcd8c398297013686b5ade6e1a091099282cd	e329bedb41472eeafb39d900cc12a25ca0e1476ec2ebe80dbcdf3bad2391b622
hard_role_flip_251	hard_oracle_204	full_naturalized_repair	cloud cost analysis	calibration note || measurement table	B	A	measurement table	calibration note	Cloud Cost Analysis - Calibration Note Workflow	Cloud Cost Analysis - Measurement Table Workflow	545	528	1.0322	yes			0	0	0	0	0.0	0.0	0.0	0.0	279f34b0e5611d72c65f44c413c5b11982f4962ba4546a48b718073200a32954	c998b68c4c94a046b44f97f0333dfe423d4e404cf4564e3d92413e8b0f4a0f21	798a217fc75df2d3b4670bcf40e2425f47006ef021591d6e9f461b48113c13a8	e8d61d59319c6d9cc701af60217a6a407478d1ecb8ede00394e86e443d3f5fd4
hard_role_flip_252	hard_oracle_205	full_naturalized_repair	cloud cost analysis	request form review || response transcript review	A	B	request form review	response transcript review	Cloud Cost Analysis - Request Form Review	Cloud Cost Analysis - Response Transcript Review	535	536	1.0019	yes			0	0	0	0	0.0	0.0	0.0	0.0	cac3bfccb525007457f3b7250ea74f343e5899486d9306c6e1a6f9384c370d7d	a0e79144fe2b8ebfc3d54d4e953c0c602ef57076981e0eb6e164a01f6024a433	ee3c5c0fded5b1e63124d40fed0e5eb344cbdaeb3f48a3ab7deed6ad5b62f019	16fd881ecbf0f3e4502c0aeb4da85e7f194e006561a92b54be9a7b738a9f4419
hard_role_flip_253	hard_oracle_206	full_naturalized_repair	cloud cost analysis	change memo procedure || inventory list procedure	B	A	inventory list procedure	change memo procedure	Cloud Cost Analysis - Change Memo Procedure	Cloud Cost Analysis - Inventory List Procedure	505	519	1.0277	yes			0	0	0	0	0.0	0.0	0.0588	0.0	0daa656357c86e96efbf3a24451da7a28e2817827c58097af39e899195655dad	2e1a344314dbb7d16d5bbba1c39b1fc11c082a2aceb00de02e40868a10ef30dc	a3abd999d58f546ff9b34fe6db13fa7ba4d09a773bd3c50048c7e35a3123f091	2492777502ed4ac9af81e2f2446524c74bf5acd1db32472f19885ab871e2adf5
hard_role_flip_254	hard_oracle_207	full_naturalized_repair	cloud cost analysis	guideline note || judgment table	A	B	judgment table	guideline note	Cloud Cost Analysis - Judgment Table Workflow	Cloud Cost Analysis - Guideline Note Workflow	552	527	1.0474	yes			0	0	0	0	0.0	0.0	0.0	0.0	39adf3249622ba0cf0748a69c294c88b162860e2e9a466c8332283068014d687	537159aaf81cdf5ab44cc1720aa6ebd68be10138aa1773f19dc87a30579d9e90	42f0363f5a14454c45fac76d8a9766f06592feeab9143bdf868c8c67ae851e1f	aa05b8eb01d48afc01b8fb39f0f116861e354dc917414a9e7ae33ef75d56a76b
hard_role_flip_255	hard_oracle_208	full_naturalized_repair	survey response analysis	review note procedure || row export procedure	B	A	row export procedure	review note procedure	Survey Response Analysis - Review Note Procedure	Survey Response Analysis - Row Export Procedure	535	530	1.0094	yes			0	0	0	0	0.0	0.0	0.037	0.0	e9bdf0bfe06646519d93ac3074403eb5720026998ca8bc161afa5640683371b9	850180a699e586ef79a419c6f3d622c3c6a4d6e6d461028a58d207fc6abfe11f	c839aed70d11b29a6ef74343ab7835dff2e61a1f640742a3388ec9ad75581fc0	b51026a2796241fec60334704f94d0e866c05c39b0c205308c2d6898b28b2f13
hard_role_flip_256	hard_oracle_209	full_naturalized_repair	survey response analysis	configuration sheet || runtime log	A	B	configuration sheet	runtime log	Survey Response Analysis - Configuration Sheet Workflow	Survey Response Analysis - Runtime Log Workflow	550	534	1.03	yes			0	0	0	0	0.0	0.0	0.0	0.0	983461a070317403bb7656a11476b3d5afc94525ae91a6eed8d09aed00c9d0dc	82f23d33e95dbea2713195ffdc2dfd28b84b44aa5c33bd72a57354269fc302a1	a3920ef756b3d63a9e092d2b018084db41394f19419eb98d30c4e46c6024028c	ec9d1fcdf47e1180d109405e5acd9eaea80f34ddad0b9e03e207bf79e54f06b4
hard_role_flip_257	hard_oracle_210	full_naturalized_repair	survey response analysis	observation trace review || source specification review	B	A	source specification review	observation trace review	Survey Response Analysis - Observation Trace Review	Survey Response Analysis - Source Specification Review	537	555	1.0335	yes			0	0	0	0	0.0	0.0	0.0	0.0	c670ba27fba7ec0cfff57e61a5c7220300fe7726dcfec01733bfbe1de5f63b9c	f8d19cbd28bdf3597830931e497c33cd59fc917de83123e93fa99e00848c1329	5211dea4da0d228acdb6c373ca4fe06d86ac4af8371aac09793216bbcc40d7bb	3cb77450115f61832e111d4a924f5ad83b144e44e58029f0ca9b2a5cd89500b0
hard_role_flip_258	hard_oracle_211	full_naturalized_repair	survey response analysis	case record procedure || policy rubric procedure	A	B	policy rubric procedure	case record procedure	Survey Response Analysis - Policy Rubric Procedure	Survey Response Analysis - Case Record Procedure	518	517	1.0019	yes			0	0	0	0	0.0	0.0	0.0	0.0	198121642f07b0f082ab270856c7955be1eac435788ca4619d6d34175197d3e0	438f690ddf2d14824541e7b3763ce41247d89198391e36d455bc58a836911327	d5a5f97439243f1a635eec0af52492a4e846462cd3c48826892e773a06e23b4b	af81e012d36fb24db86c0d8a6e224875e6828a0ba64d4278c1776d5d05e499bc
hard_role_flip_259	hard_oracle_212	full_naturalized_repair	survey response analysis	incident note || work plan	B	A	work plan	incident note	Survey Response Analysis - Incident Note Workflow	Survey Response Analysis - Work Plan Workflow	526	529	1.0057	yes			0	0	0	0	0.0	0.0625	0.0	0.0625	bfb6d99c5fc848019928fcf85b599888d94666dd70f592705e7ea350b5671612	2e05909f602a4d041d452642d69f573e336929081a85ebc379c29d459435bcd0	eb5dcd64a2779fceb472ee45457f074c343337f565e7087addeafa09c4d8c897	49bedde653f279917f331a623b0a823fc129fdac9499fe47375ba8569e77e376
hard_role_flip_260	hard_oracle_213	full_naturalized_repair	survey response analysis	calibration note review || measurement table review	A	B	measurement table review	calibration note review	Survey Response Analysis - Measurement Table Review	Survey Response Analysis - Calibration Note Review	528	542	1.0265	yes			0	0	0	0	0.0	0.0	0.0	0.0	a6762170d7989e8c2c2c6c02fc7a718136e5220890c4ddbd26989fd074c78cca	70d9c315acaba315c2f4e000eac642ec119ab7c3358b3e661dbe41ae4fed60da	5b65e444c2a57958fd7830d4fbbaa44419468b0741751378278625a528076db5	2bd0e1621c543b45e2ecef069958b95c8acc954d2e0f2f8a017ee82504b36df5
hard_role_flip_261	hard_oracle_214	full_naturalized_repair	survey response analysis	request form procedure || response transcript procedure	B	A	request form procedure	response transcript procedure	Survey Response Analysis - Response Transcript Procedure	Survey Response Analysis - Request Form Procedure	536	535	1.0019	yes			0	0	0	0	0.0476	0.0	0.0556	0.0	6e9f7f717ff944863f16e44cfec659a89fcac524862a4db721f6460bb5c9d529	1af52ae1989cb50dfc3f66b4313fcb6980e7bae1f6a6c81427c26193a0bc0a19	6f5e49ad4218967fd0c5170edc492a88f93268ff10b9c174a6d188360b74cebe	667f16248c0821c5ec7db3e321489646647e3f7e529cc6bcead50d57b69b6d44
hard_role_flip_262	hard_oracle_215	full_naturalized_repair	survey response analysis	change memo || inventory list	A	B	inventory list	change memo	Survey Response Analysis - Inventory List Workflow	Survey Response Analysis - Change Memo Workflow	534	515	1.0369	yes			0	0	0	0	0.0	0.0	0.0	0.0625	2d0bd9dfc1a68188d8b36458ed85bc8e8c0bad4d41dd99507693a27d1d3ba95e	4021c9b18b409ee479062fcadfc41c5f7458788d29e05b3d5d61ba2260ead79e	7132fac0c1ea44d6ee0c178f67b72c1a6cdff603a2baaa4770eee78a4a71f886	e5b0ec603958988d3594c2ffada8a087e82c7ea5c746de7ce229311369bc984a
hard_role_flip_263	hard_oracle_216	full_naturalized_repair	survey response analysis	guideline note review || judgment table review	B	A	judgment table review	guideline note review	Survey Response Analysis - Guideline Note Review	Survey Response Analysis - Judgment Table Review	520	545	1.0481	yes			0	0	0	0	0.0	0.0	0.0	0.0	16d747220820e56de29422fc353f303c085ded217f38353b90a0fecc622c4ee0	b0d8b1c676f2f2ba88dd10616095dfcb5b04b43fae3c995de38fb55d08fb36cd	0a6a4fba82225fb85958cfd1e378349aab19faa7c3998779c6acb5f29bf10f94	5bd216fb6e45b90b85b521294b4faf502478a14413263a4cd5640ac88bb0e349
hard_role_flip_264	hard_oracle_217	full_naturalized_repair	video moderation review	review note || row export	A	B	row export	review note	Video Moderation Review - Row Export Workflow	Video Moderation Review - Review Note Workflow	536	552	1.0299	yes			0	0	0	0	0.0	0.0385	0.0	0.04	86a297befb68ff86c1b6a75a34226cbde6c085326a3f7a54cc76b7c92da545c5	ccb721e0300037a9482379d1e449542174f9d2d70c30a0d4a84581adf852bdf8	b4cd0bf26a493ebef4c5df7f72d35be87e17b4eed3d50fa2872a6ad02025a4cc	aa2796373d6557a36056c6168ded2142ec322748722379fc7cf792d07637dab0
hard_role_flip_265	hard_oracle_218	full_naturalized_repair	video moderation review	configuration sheet review || runtime log review	B	A	configuration sheet review	runtime log review	Video Moderation Review - Runtime Log Review	Video Moderation Review - Configuration Sheet Review	550	558	1.0145	yes			0	0	0	0	0.0455	0.0455	0.0476	0.0476	8e56056058aa55f0e428a44d4fdefb8c260a3231a73f16f4c9cd7e5ca6e55e9f	f54a02d454093cfdec4ff80b74889c35a354305e52b1ec87c967dd01e172154c	fbec2b1a370305447ff264129fb7b8b4e415f71a9735e68c51621cf6ba1dddb2	7ce769dddd2b3f86809663bf8129781d4890b20877d9a2b31967faedb1319477
hard_role_flip_266	hard_oracle_219	full_naturalized_repair	video moderation review	observation trace procedure || source specification procedure	A	B	source specification procedure	observation trace procedure	Video Moderation Review - Source Specification Procedure	Video Moderation Review - Observation Trace Procedure	566	548	1.0328	yes			0	0	0	0	0.0	0.0	0.0	0.0	eff0181a6604fb5777e14bcb0b47c2c5f2f2c71855d4de9ac6000826426e16e2	b274e86015d530c793c2b0874159adb7501f078a1e7cfe1b227430a34a5d68be	ad14fc54109adda8998f307234af80df93937907d9f6c2f1c4b986e936e8045e	e7537de0aeba171e73ef77d9959930f020e0a51d0eb938783b14aab4e7f60ac3
hard_role_flip_267	hard_oracle_220	full_naturalized_repair	video moderation review	case record || policy rubric	B	A	policy rubric	case record	Video Moderation Review - Case Record Workflow	Video Moderation Review - Policy Rubric Workflow	524	537	1.0248	yes			0	0	0	0	0.0	0.0	0.0	0.0	e47e99d9226ee4ba86f925cced65fae36c42e64f9528c8de66f9a53441b7e979	fc1498fc3a244c0ddd2d52126df62b931a9b0b05f9bcee02709b2c18ac73d149	3ef272551a93bd838ba2232cd3328146b013c94913766e737829c4a36702afc5	de9a335c1b43707540fcac2a31ada3f27f4a7970e6a32c6fd6fddfd3181c9985
hard_role_flip_268	hard_oracle_221	full_naturalized_repair	video moderation review	incident note review || work plan review	A	B	work plan review	incident note review	Video Moderation Review - Work Plan Review	Video Moderation Review - Incident Note Review	535	526	1.0171	yes			0	0	0	0	0.125	0.0588	0.125	0.0588	b3c0e57c3277eb11e8483fe07e3340f34eed326f61ece125541d1886fd2c9c85	1a6f8d78ce41074afe1c7637a6dfa3d8cb0dd1b6864c6d5f7f6c8a356b6ae0c6	fb8ed4817094d11cf7bdc13ae6138f77bce1335d1e274dbde68f300853e7bf08	6c0aa517edb295d1e6754d01dec1e123cd9f748047ab2c0a25df312b8812bd60
hard_role_flip_269	hard_oracle_222	full_naturalized_repair	video moderation review	calibration note procedure || measurement table procedure	B	A	measurement table procedure	calibration note procedure	Video Moderation Review - Calibration Note Procedure	Video Moderation Review - Measurement Table Procedure	541	527	1.0266	yes			0	0	0	0	0.0	0.0	0.0	0.0	a1fa3e2b1fb893fc5fa1b02bc400bfad570a4d92174a945edb1b15a2a66c62a7	73f79d1120935e46b10a57f41ad691aaab6544e4f5ef85e19b8fe11de0b04af4	53b855e6d13e6574a9653b7f54de07f42ff7e2ceca987ac3b76b23f13c2cb897	5093327abb6f2598c25b0b0217ea995f3f4658d5a21e0e97628c3f21d4dd6012
hard_role_flip_270	hard_oracle_223	full_naturalized_repair	video moderation review	request form || response transcript	A	B	request form	response transcript	Video Moderation Review - Request Form Workflow	Video Moderation Review - Response Transcript Workflow	565	573	1.0142	yes			0	0	0	0	0.0	0.0	0.0	0.0	174bc4a7ec653901d79865a3b75bc4fce0035a4cd8a4abaa41ac3eab35e76f3a	7203f39ce14e8ae6ef4775eeedc04fe28d51988865ba48ffc9c2782b623780fe	d53d83b20728289adafecdc1730c27197a9e04b3f548aff077a44ad31161ee59	e07e1ef2ba034e8c647f20fb1e77cacf7cefadd7269e58e00fb040af431f0dc5
hard_role_flip_271	hard_oracle_224	full_naturalized_repair	video moderation review	change memo review || inventory list review	B	A	inventory list review	change memo review	Video Moderation Review - Change Memo Review	Video Moderation Review - Inventory List Review	519	533	1.027	yes			0	0	0	0	0.0667	0.0667	0.125	0.0588	066251d1174cb1a5bf12005ee6c5612f505255c49e0054f8157ec08bbdc1db98	e1ebe947ca011db433f2d76fe2cfee03a7253419ac84412a12c770856c9651be	19a8b32e378e2b77813c37883f9a216271ec2f2f0cb0737000342fc34c884685	3a3698ffedc5fe127ede82f7a491c3cddc8e422f54ad27bebfb784971684a386
hard_role_flip_272	hard_oracle_225	full_naturalized_repair	video moderation review	guideline note procedure || judgment table procedure	A	B	judgment table procedure	guideline note procedure	Video Moderation Review - Judgment Table Procedure	Video Moderation Review - Guideline Note Procedure	556	531	1.0471	yes			0	0	0	0	0.0	0.0	0.0	0.0	feefbc3a2868d89d049cf8485831f3c44a45b77da618f0da486093dfc6971e5f	acb0c2345dd48a00b7037ba0a0596027777cdf105327a2f6d7df9933b1c2f470	0c06c1e253b0d8a3019ac3fb486816a05174057cf4fb33d9e6ed1d7c21c373a0	f65e3b1e78b96f4711a58da1586fca54dbcb3769eae48f1ddfafa0c1ff5aface
hard_role_flip_273	hard_oracle_226	full_naturalized_repair	network capacity planning	review note review || row export review	B	A	row export review	review note review	Network Capacity Planning - Review Note Review	Network Capacity Planning - Row Export Review	551	546	1.0092	yes			0	0	0	0	0.0	0.0	0.0385	0.037	2310c35e848e5296ff125482a98f46fccbf45cc89179ff1f14788c15d63199b7	1929c4bee28bcddda6b45f863a956fda856dcf6dff886bd4c0ba53bcec40aec3	56b13b8247428b688126dcc826325c5f79205b72b16bd3f5dc169209f8ddc397	ee42b3216f22c80e53803db48ab883a98913853725d8bd7c8752b24b5f80a5df
hard_role_flip_274	hard_oracle_227	full_naturalized_repair	network capacity planning	configuration sheet procedure || runtime log procedure	A	B	configuration sheet procedure	runtime log procedure	Network Capacity Planning - Configuration Sheet Procedure	Network Capacity Planning - Runtime Log Procedure	554	546	1.0147	yes			0	0	0	0	0.0	0.0	0.0	0.0	49b1e8b958b9c251b6c1df5e9b794d0c5fd9acfedfd1ad90d250fe2868b1da20	f617a8e20c2cb203af9531e28fd2f44eab66a248477f3202063c17f89806f547	d52bebe92f2e60c2ad46ce6f4c138d768066b0d90f1a4c67fa0f36fa3cbcc9b5	f57619ae6c70dc7b920f7ada39c5381a667d0841cc7cea8389a0341d89543647
hard_role_flip_275	hard_oracle_228	full_naturalized_repair	network capacity planning	observation trace || source specification	B	A	source specification	observation trace	Network Capacity Planning - Observation Trace Workflow	Network Capacity Planning - Source Specification Workflow	565	586	1.0372	yes			0	0	0	0	0.0	0.0	0.0	0.0	73b3bd92e6a6133866922540809eb7828aa7dc0b198102229df70c5f7cb4c1a4	1d1a49090cf92be783fa87ed6dcd8e74f5ccaf9c74b97b27fd453239af18a3a6	b505c89843fdd1af3ea3b265cc7c766b80bf56c2f4fd70e524d7b6564babab75	c5df66cc466885abfa11a66ebe672676dff97d6e7b71e3c588a368893859f120
hard_role_flip_276	hard_oracle_229	full_naturalized_repair	network capacity planning	case record review || policy rubric review	A	B	policy rubric review	case record review	Network Capacity Planning - Policy Rubric Review	Network Capacity Planning - Case Record Review	534	533	1.0019	yes			0	0	0	0	0.0	0.0	0.0	0.0	8e5612b6aa435ad63d124cadfef510ac67c42dc3a10ab8cd72c23f06c418c203	7e3444436b4fc8d6740bb3bd86cd0230c9106fbb06bc7c9b1c50a98fc5f806b6	c9851ed83dfa7bfc30e696fc4abfe493095aa9dbe4c0fb0dd85f14a6b073b6ce	800fdec276c7dfeb1764a41189e926bf58a8651e4ce2a21e994989805b014ab3
hard_role_flip_277	hard_oracle_230	full_naturalized_repair	network capacity planning	incident note procedure || work plan procedure	B	A	work plan procedure	incident note procedure	Network Capacity Planning - Incident Note Procedure	Network Capacity Planning - Work Plan Procedure	528	537	1.017	yes			0	0	0	0	0.0	0.0588	0.0	0.0588	1d9c214a8267deb59143a0438bab48c52e50e8c354fea512a531f47ac4ee13e6	eed94aa061776d434f0cef9dffe158d58a4beca26f4555e5cdbdaa676d61ca20	d058d4aade12893bf0e50162a7a48c396af9bf3dc5a51320681515c364c3ca88	4e589e4694329a7e93e99e18b0ad6d6d0a3c299f51a001e8e16d4aebf99da693
hard_role_flip_278	hard_oracle_231	full_naturalized_repair	network capacity planning	calibration note || measurement table	A	B	measurement table	calibration note	Network Capacity Planning - Measurement Table Workflow	Network Capacity Planning - Calibration Note Workflow	546	563	1.0311	yes			0	0	0	0	0.0	0.0	0.0	0.0	5f7392769f8c145fc1138199ab21cf5ed4bbda69fe43fb937392b8c76d19c880	d1e72cccaabef89aae83f573c4bd368f76b765001cea76a293ae83ccca869aa5	d015bd6174e5ba4f44630de57d85b69c69142fd4b38f2bfa7de279f274972096	1889f0b82526c2374d02e70c6fc75929f6f6e69df938c3c3cebf6e3cf9befda1
hard_role_flip_279	hard_oracle_232	full_naturalized_repair	network capacity planning	request form review || response transcript review	B	A	request form review	response transcript review	Network Capacity Planning - Response Transcript Review	Network Capacity Planning - Request Form Review	558	557	1.0018	yes			0	0	0	0	0.0	0.0	0.0	0.0	7051c8644797b84aff5bd40d2ebf829bde89d463d95cc9005cf7998279009388	6ca8fbf8946f40ef1364a99b5734ebc644f26c88770d6fafb59f6a9913623fa4	69e8710fdc56dcf2c2e44644a5568831a1f813d3d92f1f07b81d49b1e33ff224	8dcfada6aa0d177e94b94165586aac46ca61818391281ed4953a159605ad42db
hard_role_flip_280	hard_oracle_233	full_naturalized_repair	network capacity planning	change memo procedure || inventory list procedure	A	B	inventory list procedure	change memo procedure	Network Capacity Planning - Inventory List Procedure	Network Capacity Planning - Change Memo Procedure	535	521	1.0269	yes			0	0	0	0	0.0	0.0	0.0	0.0588	286c07fc5426a983c49c9e5f4724e75fd658cce079af90e1ce71ca5205fa10ba	6398f30c5b5b1c9012b47b98075d3363cb0085c989a8e012c75b19054dd0a54d	222e70f4f122ab2f37c09f3280b93a939e6044581e70bcef5cd7c32d10d9b61e	fb12fdb03e3fe0b1ebd6f167c918fa5073786541d0d2a9a9cc2bc2ed97a2f97d
hard_role_flip_281	hard_oracle_234	full_naturalized_repair	network capacity planning	guideline note || judgment table	B	A	judgment table	guideline note	Network Capacity Planning - Guideline Note Workflow	Network Capacity Planning - Judgment Table Workflow	545	570	1.0459	yes			0	0	0	0	0.0	0.0	0.0	0.0	9e08e2dea504d3c17b7eecfae7ff94e9d1bf9258b5627be4a372d7f7de9f0968	938a3413317b41261fa4bba02ec5e07bc9780a091e0e7e63167d87ef7000f91c	539fd1d7b339ee06f8e4cdc67f375e0dd2ff7b0badfb36142578d2411605ae3e	4fa6f377ebfbfda2a8a6979b4d8e16a96a4b4916d0510172de1b445666fdf1ba
hard_role_flip_282	hard_oracle_235	full_naturalized_repair	HR compensation review	review note procedure || row export procedure	A	B	row export procedure	review note procedure	Hr Compensation Review - Row Export Procedure	Hr Compensation Review - Review Note Procedure	530	535	1.0094	yes			0	0	0	0	0.0	0.0385	0.0	0.04	facc5fd3af0929df629c7aa5aa2ae25794e998f34d81633740885b71d260b883	9c8a24ac5bf688ed1d62dbb6ca7e0389d99eb95549ef2180b9783c05a479e102	d7c179cd2bb0a603019d14e44a0584095f438b663b9407f8db9abe1b7cacf1f7	debbf9616214fc54ec456f6cf4566dae39ebfa37f2b67970fdf97f52c98f47cd
hard_role_flip_283	hard_oracle_236	full_naturalized_repair	HR compensation review	configuration sheet || runtime log	B	A	configuration sheet	runtime log	Hr Compensation Review - Runtime Log Workflow	Hr Compensation Review - Configuration Sheet Workflow	542	558	1.0295	yes			0	0	0	0	0.0	0.0	0.0	0.0	941add66b602358dc83456e04f6d1318b0b760fd4de8a8b21fb94aec5bcf5756	88388fef54340d9078ab94c35ab1bf4a33911f54def120e4ba762d3bbe5a698f	aeb9997ac813d3470b7a2ebddda9bef9df394325c562003eb55b4f5d3a69ba49	53a0fa7e57c66ba6ad9757d26787036324b99f65b9f4d00027c4bcaed9515d9c
hard_role_flip_284	hard_oracle_237	full_naturalized_repair	HR compensation review	observation trace review || source specification review	A	B	source specification review	observation trace review	Hr Compensation Review - Source Specification Review	Hr Compensation Review - Observation Trace Review	557	539	1.0334	yes			0	0	0	0	0.0526	0.0526	0.0588	0.0588	84cf26dc3c8166465a9471fe54bb3fc9707ea6b67b32a218baa1864a2e9c7d2b	e1e1e4bcba34023f77f357d9d29b64daa47afdd781b13991e6234822d50793b1	23f3d176612572b5ac1696db9c7dbaf8bf489e652b04cd42ae99f47d87335d0d	a214b09f264675caa28417f7500bfe3b6ef8e8e0366025b723825e9d794bddc6
hard_role_flip_285	hard_oracle_238	full_naturalized_repair	HR compensation review	case record procedure || policy rubric procedure	B	A	policy rubric procedure	case record procedure	Hr Compensation Review - Case Record Procedure	Hr Compensation Review - Policy Rubric Procedure	517	518	1.0019	yes			0	0	0	0	0.0	0.0	0.0	0.0	2eb62cda4288e4178fcd67ade57964185001ce7bdc1b9506d50e56bb22c8feff	da053f191e83c689ba429f9abf2ed521a5098e11f3f85b325d016bf9f8fc95f9	28aefc264b1ae0490e9c6b0c97e998ef24362a19bc2452e10dfcb10389260468	f459102050c70145e2bd170f325baf9d70879b088c88e9c13e284214dbeed251
hard_role_flip_286	hard_oracle_239	full_naturalized_repair	HR compensation review	incident note || work plan	A	B	work plan	incident note	Hr Compensation Review - Work Plan Workflow	Hr Compensation Review - Incident Note Workflow	533	526	1.0133	yes			0	0	0	0	0.0667	0.0	0.0667	0.0	b6a921417e8850e039047e45ac5bd034523145967ae384a09328079391f772d4	75356ca5e3e015faf84c2c98f627d88713872ea7e5111a71a945ab69998b47c1	0415c835a24016aaf9714c439c80dd8f28aa92cf106cd8d148c9c81392f6bcbe	d2b19e1d1404a2e5fa3e53aa62de80a1ecc38adac29b80a51ed491e4113e9698
hard_role_flip_287	hard_oracle_240	full_naturalized_repair	HR compensation review	calibration note review || measurement table review	B	A	measurement table review	calibration note review	Hr Compensation Review - Calibration Note Review	Hr Compensation Review - Measurement Table Review	540	526	1.0266	yes			0	0	0	0	0.0625	0.0625	0.05	0.05	6364b39dfc4d657a644d333aec8fd4bbaab75901df69c18c51ccc6940c329e26	7c56a7ba5222fb2cd8cacf876e5c3a7140ae2200526aa1d69c91fed0925934e4	bda3f14e1db4db3f02e5896fcf50337acc2fe15bbd512d776061d6bb0170b0e6	c86640de86010c9e7194a6d21dc31c985f2b6dc9387c3903bfac20ee878cc329
hard_role_flip_288	hard_oracle_241	full_naturalized_repair	HR compensation review	request form procedure || response transcript procedure	A	B	request form procedure	response transcript procedure	Hr Compensation Review - Request Form Procedure	Hr Compensation Review - Response Transcript Procedure	539	540	1.0019	yes			0	0	0	0	0.0	0.0	0.0	0.0	12dd01e46c8b8190a56b7e24ad0d0c21ab679acd5d0623c281b8f42db4d7c1ed	8743c85c67e830df7928aaa01b31f72722b8961a0125119079cc306a11bdfd4e	fe535db1a2e429396473fbed5426a61f373bebbfe20527abae73bac2f278aa00	961028ecb7f4e1cc9b0cb6f50fab890374e503719f8aacc6dba259f9fe8d4598
hard_role_flip_289	hard_oracle_242	full_naturalized_repair	HR compensation review	change memo || inventory list	B	A	inventory list	change memo	Hr Compensation Review - Change Memo Workflow	Hr Compensation Review - Inventory List Workflow	519	534	1.0289	yes			0	0	0	0	0.0	0.0	0.0667	0.0	d6d5c66b771827ae03512c3b2a96533666754c4fb0d127fde4d8c6eb7ad94139	34e5b8cfa8c0bbfc5332d52f3db96f1b6e1a8c6dfc0809f0b30005c9ca30f58b	0972d24e6640c452298a4e92f6b2982753746f0625fd539c1989ebbb2fbb68d4	27d5aecfaa415bf10f330ff3fe9f964e7f4023dc8c2340db2153fefb931ecfbb
hard_role_flip_290	hard_oracle_243	full_naturalized_repair	HR compensation review	guideline note review || judgment table review	A	B	judgment table review	guideline note review	Hr Compensation Review - Judgment Table Review	Hr Compensation Review - Guideline Note Review	547	522	1.0479	yes			0	0	0	0	0.0667	0.0667	0.0714	0.0714	f06e7534df642649e2c14aae93f082769c3c96628e7433ee3890db9feec10e0c	7da50f7148c7095928676debeaff384e286fde0e0ac91a66953b3ca978462465	a933c3902aadce3500d7495243cd240f6f73bcf8df0eb75f3fa0c082d1071a1e	2d916bfebf435603857303b58ebddd59c356d053f4fba37a0e160fb270909d39
hard_role_flip_291	hard_oracle_244	full_naturalized_repair	insurance claim triage	review note || row export	B	A	row export	review note	Insurance Claim Triage - Review Note Workflow	Insurance Claim Triage - Row Export Workflow	544	531	1.0245	yes			0	0	0	0	0.0	0.0	0.0385	0.0	13c722fab2f0bac1d9b50dce0108b4a960efcc7844fdce9b9e416ea2829aa379	030c2363d0d2865da3debb22318dee0d1d05b944e4cd0b14678661a85d06df6a	66f5dbd50da2f3b787dda24b8976161a948b3b985678b5144669edf6490f3d7a	f3003a6003395f73f452bef5416a2aedf19042c195a1036024097d14b1abcb59
hard_role_flip_292	hard_oracle_245	full_naturalized_repair	insurance claim triage	configuration sheet review || runtime log review	A	B	configuration sheet review	runtime log review	Insurance Claim Triage - Configuration Sheet Review	Insurance Claim Triage - Runtime Log Review	549	541	1.0148	yes			0	0	0	0	0.0	0.0	0.0	0.0	758d57693ce635accf46fa3ee84a1220d09e11ec0920ff292956ddb974cb5290	50a1b2b4ffe9928ba9d959ed3023400e22fa7abc2be1df4e58e0969ef4384f25	dfeee8a6e734472731c5ac25d2ddfd78a2a95fec4413ea1a704f7120009757bd	26c1f6078bf8a4a121502a1e767c32e5f2a609ca21bfd69f9219d3e5437df667
hard_role_flip_293	hard_oracle_246	full_naturalized_repair	insurance claim triage	observation trace procedure || source specification procedure	B	A	source specification procedure	observation trace procedure	Insurance Claim Triage - Observation Trace Procedure	Insurance Claim Triage - Source Specification Procedure	540	558	1.0333	yes			0	0	0	0	0.0	0.0	0.0	0.0	073439a7cb18418e7f41f5f2816529d15965019f49fba9eb4c8278dffcc5fa93	f6c311df96b770d286549bdffb64a3abdb4074d9a860e12c991415a3cb88774e	18c1fce5f2b902e717bfdd4d09283aa8d832664e5a55974112de9e3c228f6659	e2ad4f3dd61525498262c375724b69fe9b7b729b13fff90daebdcbc83425ed7a
hard_role_flip_294	hard_oracle_247	full_naturalized_repair	insurance claim triage	case record || policy rubric	A	B	policy rubric	case record	Insurance Claim Triage - Policy Rubric Workflow	Insurance Claim Triage - Case Record Workflow	529	519	1.0193	yes			0	0	0	0	0.0	0.0	0.0	0.0	626cd8a750b945dd30a9843b74e19f7ffb47d5506db83f8605d055c49edec272	75da1a8f4d5747eecc5ed71161f648b6355548d0b13f896ef2a2286c0095b5b6	b57846fd1868b3a3f37f30078c5f103fb59123d9f900ccd9344163a3f4bd4bdb	f817008313ca6a671d2af681f6f784cf71a9b66117c3c16dc325ee258029dac2
hard_role_flip_295	hard_oracle_248	full_naturalized_repair	insurance claim triage	incident note review || work plan review	B	A	work plan review	incident note review	Insurance Claim Triage - Incident Note Review	Insurance Claim Triage - Work Plan Review	520	529	1.0173	yes			0	0	0	0	0.0	0.0588	0.0	0.0588	e51d7ddc234613ae9d1f4471a5ac34ba781e09605d527bfb29de53f52e7386fb	8e652e152ef6279c68c47a13d4215fa0d16efaabdcffaab1304a35d4b313fbe5	2686be1a28ec201dd23557e4ff567615ac67a0fa376e49334342c36abf4bd559	797e588ccdccdca0e66424757080a987b0c6773423b99227300b86c601a19559
hard_role_flip_296	hard_oracle_249	full_naturalized_repair	insurance claim triage	calibration note procedure || measurement table procedure	A	B	measurement table procedure	calibration note procedure	Insurance Claim Triage - Measurement Table Procedure	Insurance Claim Triage - Calibration Note Procedure	522	536	1.0268	yes			0	0	0	0	0.0	0.0	0.0	0.0	c6c7004429b01c7d8fe58a4e733989304852e4c3bcf337058ecfebf0ad0f995a	404d79950629bba61d88e304375be898a16d2bcc40bf082881b5bd9c26a2aa21	dbf2bcaae150cf2639b1fbd63a89a5472ce73eb1c486979394ad3fcbd122b597	9721410f04f239b7329a4dc2ef2a82699324d85b0117903cc03ad47af774e6d2
hard_role_flip_297	hard_oracle_250	full_naturalized_repair	insurance claim triage	request form || response transcript	B	A	request form	response transcript	Insurance Claim Triage - Response Transcript Workflow	Insurance Claim Triage - Request Form Workflow	562	554	1.0144	yes			0	0	0	0	0.0	0.0	0.0	0.0	1817c20044f38a8ce9cc7e99aff6f95e4a58854082646f80cea5af2acc693c08	3833ccbcd26d62e0bfb9dc7178f8d22cb19bf6527232f0574ebe58da2304a670	53d7cbbf855c0c217719ab5b63622f0b8a35e70ed21279b6d3eb5c03194bd95a	e1ea4b8442f08ea05c31727d3b7208ef983343563a8a58a77648713da4f5c72a
hard_role_flip_298	hard_oracle_251	full_naturalized_repair	insurance claim triage	change memo review || inventory list review	A	B	inventory list review	change memo review	Insurance Claim Triage - Inventory List Review	Insurance Claim Triage - Change Memo Review	527	513	1.0273	yes			0	0	0	0	0.0	0.0	0.0	0.0588	3586e993a9a841c5b3027ba5e3423bf0cfc3ae0de9236b570419a2170845c767	0ced11490cc7873bf07273e9ce582b814b1c133a49c4a1c6e075105c402f00b3	b0692f53ba3ae41c528248685470d982de27cdc36d511405df1b277228616079	9b4aa192b5241b6551e2fa1608cf404a85e35373fe63d2454660b86c1d4e9c3a
hard_role_flip_299	hard_oracle_252	full_naturalized_repair	insurance claim triage	guideline note procedure || judgment table procedure	B	A	judgment table procedure	guideline note procedure	Insurance Claim Triage - Guideline Note Procedure	Insurance Claim Triage - Judgment Table Procedure	523	548	1.0478	yes			0	0	0	0	0.0	0.0	0.0	0.0	1c0c68a58605b6fb469fb904ccc22dce4429927cd2aaa9348e815b6cf246a7d3	6bce69ca41e99f0af4de7c14b866eff79f2e4617569f852a60bb439c078ad3b0	ca196773e338662f49671b930a6a7d573bb30cf50caf6d76326314a921aff6fe	c713b36faaead4bcc2fe245c1862f9a45409146f33178ce79a83e6d954b08fa1
hard_role_flip_300	hard_oracle_253	full_naturalized_repair	translation memory maintenance	review note review || row export review	A	B	row export review	review note review	Translation Memory Maintenance - Row Export Review	Translation Memory Maintenance - Review Note Review	563	568	1.0089	yes			0	0	0	0	0.0	0.0	0.037	0.0385	31b21e2c011a82ab6ec707e269328a51677cb2066debd112cacdad78637f38c4	b744c3783e191827d41fd9aff28c291ab4bd78bb00e6d1741a265d104f327644	5f5ae18de5523d0285bf8bdffad769c9f232b16e8cd8c6009cdf7d385f5a9f44	de2affbd1b6461cf242a90e7312d9207eddbbbdcdafe80ddd58b6f79297783c7
hard_role_flip_301	hard_oracle_254	full_naturalized_repair	translation memory maintenance	configuration sheet procedure || runtime log procedure	B	A	configuration sheet procedure	runtime log procedure	Translation Memory Maintenance - Runtime Log Procedure	Translation Memory Maintenance - Configuration Sheet Procedure	564	572	1.0142	yes			0	0	0	0	0.0	0.0	0.0	0.0	40657c5cd44f309809fcceb72c22ab5f39602dd8cdffd9683eb6a16263e237ac	ee0af12c8c4314de703c4e20b297c09ad4fd030346d65fd9fbe9bb44f7314e01	fce907c859624952fe6d3eb0cba324754c7f64cd40e5a72805c11c17064c572f	6ee95d2ad896546c1294731efdce760ed0f297e422b27a3668c19977b01cff52
hard_role_flip_302	hard_oracle_255	full_naturalized_repair	translation memory maintenance	observation trace || source specification	A	B	source specification	observation trace	Translation Memory Maintenance - Source Specification Workflow	Translation Memory Maintenance - Observation Trace Workflow	608	587	1.0358	yes			0	0	0	0	0.0	0.0	0.0	0.0	3f6c4d54b344c41fb0aa869e0e8da38b308366de5660a824309bc7050260bd6b	e288923d159d51ad50131716c1f59911420426ff8b99d13493f87e16244d2760	bc2fe291649b609df77b03ffb7b0010f42e7bc327a07fdd4d1f0d23517c9f0a0	a314213c132c7cd312fd921ffaa89141c9f4755982d7a04de396de73c685b015
hard_role_flip_303	hard_oracle_256	full_naturalized_repair	translation memory maintenance	case record review || policy rubric review	B	A	policy rubric review	case record review	Translation Memory Maintenance - Case Record Review	Translation Memory Maintenance - Policy Rubric Review	550	551	1.0018	yes			0	0	0	0	0.0	0.0	0.0	0.0	52576733d34136500d8706bb993c4bc94d8e03898b819f42371020575af2173c	384fea6727d567cf5573968625a46fb31139936e888f95b18a44f8bfd1550a85	86edc1f5548284c82de6ddf38bc9481b23868016863528c63502744812712f18	f7180d3fc22a43333fa9b6c4b7e487cc88115faa2ef4761722174970c7c4da7b
hard_role_flip_304	hard_oracle_257	full_naturalized_repair	translation memory maintenance	incident note procedure || work plan procedure	A	B	work plan procedure	incident note procedure	Translation Memory Maintenance - Work Plan Procedure	Translation Memory Maintenance - Incident Note Procedure	549	540	1.0167	yes			0	0	0	0	0.0588	0.0	0.0588	0.0	a99e11bcca73e2811169471e572195bdd5bf70c699f2d55af9176b2264a0d2e9	a0bd9945b45004dcf8a714a5fe875f032ab6d9661aabe2f17f2f502a42d54945	8a46c86b4ccafccb4c58218084e89f650366f0d6ae775f586e3871206da85f8b	90f7d957db22a77849cf7f98b529e7fa5fe99fb0f57881ab039d714d075aee67
hard_role_flip_305	hard_oracle_258	full_naturalized_repair	translation memory maintenance	calibration note || measurement table	B	A	measurement table	calibration note	Translation Memory Maintenance - Calibration Note Workflow	Translation Memory Maintenance - Measurement Table Workflow	579	556	1.0414	yes			0	0	0	0	0.0	0.0	0.0	0.0	38c7c1069b29d954fde182db1775e5fff8c4cc9cbe93b6a6296363d2658f4628	be336dcc52f4d5cbb703aff88e6350048af14757e2bec5ef6c718117a94cdc9f	71b7172115fc33126b2fb0cec7340a992e8d7cd6ea39e5679e242ae2d81efb2f	0a63221293c6acbb654185c47ff5b059e56f0bf9efbedd222eaa803442f64fce
hard_role_flip_306	hard_oracle_259	full_naturalized_repair	translation memory maintenance	request form review || response transcript review	A	B	request form review	response transcript review	Translation Memory Maintenance - Request Form Review	Translation Memory Maintenance - Response Transcript Review	580	581	1.0017	yes			0	0	0	0	0.0	0.0	0.0	0.0	4b145578717023793c260f416819da4904df3ac2be4cde006f24a40402af019e	7e2cb1b8f2693d714c4bb3fff55badf93089b984995a117877116c2bed4023c2	c147c6aba81a346c7126b4fd8a8876d78da5d25aa3c5f7591680fa62ca782e24	648bf930134513b4d653f303f8cd3ce95bbd9adff4c6120f62d02f8f089d4e66
hard_role_flip_307	hard_oracle_260	full_naturalized_repair	translation memory maintenance	change memo procedure || inventory list procedure	B	A	inventory list procedure	change memo procedure	Translation Memory Maintenance - Change Memo Procedure	Translation Memory Maintenance - Inventory List Procedure	533	547	1.0263	yes			0	0	0	0	0.0	0.0	0.0588	0.0	a740cde42d58ac4fbafc1dacfcce2cbe23a7e8302a38d0fdf285dc942ef5b912	7868f7d38f493d5c3f742641487dae17628ad3650af50773358b90c884001d56	3dfbb49d3aa7578a5ee9cefbcedcb775d1bfd426b9df017d918da81b30ccfe16	06079e3459d716090a275f287d989a4a582318413a763056aca5147c415d2e47
hard_role_flip_308	hard_oracle_261	full_naturalized_repair	translation memory maintenance	guideline note || judgment table	A	B	judgment table	guideline note	Translation Memory Maintenance - Judgment Table Workflow	Translation Memory Maintenance - Guideline Note Workflow	592	567	1.0441	yes			0	0	0	0	0.0	0.0	0.0	0.0	fa53c0e02b62b4ea04543e539c166346e515257e608a0070ab9eb2d688d33eb2	500ac995e6341c674a70ee090c103411ec6e3a725583c9c8175e60d3cfef10f4	53f11c6e191d15f691f1a1f9a7d5be201edd784089dce5146d0a146221625a15	fc030bb3d7a2db63fc6a1c9a392a3b0041fcf31c7f439b70d36190d099c04f81
hard_role_flip_309	hard_oracle_262	full_naturalized_repair	data quality incident	review note procedure || row export procedure	B	A	row export procedure	review note procedure	Data Quality Incident - Review Note Procedure	Data Quality Incident - Row Export Procedure	537	532	1.0094	yes			0	0	0	0	0.0	0.0	0.037	0.0	ee92cc66e138a9c97befd7777c7d5712befe1083681b4e86a8937a857a87f91b	a2c43dd6c7feec6632d84e1cf754e96a98c052c5e20a68f2d72665acfb612575	259c7e697abe19946632915743f8261362a0a6435de4df65d76a2a94b66d9c90	70f0f038b87e0b1034dbe1d5c606b1bafb7ea090a3bfc55d2b2fb87e942700f2
hard_role_flip_310	hard_oracle_263	full_naturalized_repair	data quality incident	configuration sheet || runtime log	A	B	configuration sheet	runtime log	Data Quality Incident - Configuration Sheet Workflow	Data Quality Incident - Runtime Log Workflow	577	561	1.0285	yes			0	0	0	0	0.0	0.0	0.0	0.0	469e5585797b3e686d13406f29ccd606317f1432508ad037f8d387f42ba7e004	89287ad4e7dd208594ba4e3f63d3c177f86bcc7ccf30387846e77981b392e980	f3e0e83220d94a15e6df8f813465676e348b2a577537f944316224bca94f23f5	8aa885a454c96c1315b404fe450d189f5c42014f2136dbbddf0352f0e5cbfdc6
hard_role_flip_311	hard_oracle_264	full_naturalized_repair	data quality incident	observation trace review || source specification review	B	A	source specification review	observation trace review	Data Quality Incident - Observation Trace Review	Data Quality Incident - Source Specification Review	550	568	1.0327	yes			0	0	0	0	0.0	0.0	0.0	0.0	51a3e0377467d6a2c0f6bb200f5f2a7ba2cee862812633673e752f8ead21e985	7b2a39531299bd994a2c2e682a12b092eb34dbb9468a0aed9947f4632e227734	de5799200f70ed46699997e651ed1abb0216c948ac10d24115c79b7c47a19dcc	b3f0f74becd792cf047c1b1986a7ae9f0ad54eea11347f3aa62dc6b0dac612be
hard_role_flip_312	hard_oracle_265	full_naturalized_repair	data quality incident	case record procedure || policy rubric procedure	A	B	policy rubric procedure	case record procedure	Data Quality Incident - Policy Rubric Procedure	Data Quality Incident - Case Record Procedure	520	519	1.0019	yes			0	0	0	0	0.0	0.0	0.0	0.0	154f9c8b36a3eb4711dd6c4bfa4e140745841a70845339f15f812a601decf209	29b2d0e7922412e2a5b7efb8966ee3099b2b60e4b9fa722e555c0635a6dbd6bc	f995cc6b9321cf233230451ecacda6345cc8cf0a2942bfd33b5ca4cc3ca90b56	6e4c68d3e4dbd2d15a6ce746d25635a4518cdaafe79cf2b0f22b6a38f52329f7
hard_role_flip_313	hard_oracle_266	full_naturalized_repair	data quality incident	incident note || work plan	B	A	work plan	incident note	Data Quality Incident - Incident Note Workflow	Data Quality Incident - Work Plan Workflow	525	542	1.0324	yes			0	0	0	0	0.0625	0.0625	0.0625	0.0625	f612e74ca311c5c0bd11da7399d9a1d9aec7c0a0b5ef58cfc3783afadcf6b130	268f09af65fdcdf9a85f980a8b9feffce605456118cad8e9eec744d1f1ec9682	4ce9a093b6dfdf5e2933ef147457e57dc6b27915d3a75de9bd0ce39e201e9aaf	ae00aefc262e260626f45d2c1712d7b0d7abb4cb40f3b97b16c2d8a5ccc67a4b
hard_role_flip_314	hard_oracle_267	full_naturalized_repair	data quality incident	calibration note review || measurement table review	A	B	measurement table review	calibration note review	Data Quality Incident - Measurement Table Review	Data Quality Incident - Calibration Note Review	527	541	1.0266	yes			0	0	0	0	0.0	0.0	0.0	0.0	ab710b710d70bc1f2de0fc2264383e17c0f6dcaa3874b2133695cd11379cbfa9	f4189d66d971f78edaeadb009169f2eadd5fb2e86695c4f75aca3ab4e4709e19	1a45390c129499ab532574f6618faabbb6d8a1c9547b1114967c01ab78969229	9fe05d03337e76f536ad7f0f3cda06737d8ebdd4ec5dabc2e064c63009ea51b2
hard_role_flip_315	hard_oracle_268	full_naturalized_repair	data quality incident	request form procedure || response transcript procedure	B	A	request form procedure	response transcript procedure	Data Quality Incident - Response Transcript Procedure	Data Quality Incident - Request Form Procedure	552	551	1.0018	yes			0	0	0	0	0.0	0.0	0.0	0.0	efbff0e64ffe85196569eba0bdb8ee225ab4e906379ed6457ea35d94f92b482d	1cfe2467cfe15f28b932b5560fdc8b05557cdc5078c88a6fc974c2fcbe2215c8	de18b75d8fc54f8e4fb6be15535ea8d808a7f998259093b452646fa0a49e2dce	82d632e28ce82717b8af446105a05f1c8d0802edcc158f06420269c499550e3d
hard_role_flip_316	hard_oracle_269	full_naturalized_repair	data quality incident	change memo || inventory list	A	B	inventory list	change memo	Data Quality Incident - Inventory List Workflow	Data Quality Incident - Change Memo Workflow	533	528	1.0095	yes			0	0	0	0	0.0	0.0	0.0	0.0625	6bab97f3e3fd2247a77ea3adbbd5fc9a35b9906093a26779b6f8dc4d635846a4	fbe86ad72f98bc8e9737747d0bfbfc2663df76293342e406e491e6cbf7ec7c41	328c0ddd5bfd09838b6903948d0690ff4b552ed33b52fec27da0e0b917f0326c	cdaa80a5b42bc33bd15536f82d35ba059c2da4e237b74aeb9dfeb4dc5c5ae05e
hard_role_flip_317	hard_oracle_270	full_naturalized_repair	data quality incident	guideline note review || judgment table review	B	A	judgment table review	guideline note review	Data Quality Incident - Guideline Note Review	Data Quality Incident - Judgment Table Review	533	558	1.0469	yes			0	0	0	0	0.0	0.0	0.0	0.0	732c371425d2ad7ee25fd5d1b6aa8165fc92c93bfe5cedcc1e2d74a82deb0443	927cf6ceeed80bbe4d346739d111d0b9d2ecc2dad7ad9b386c6ddefc0f7efccd	8b452420712075c9c124e76ccf6912f8851a439b99bf19e3a5e0319e74a1572e	f1a2d2cc257ce156c705ac6c85bef65f20dc3c782288ed72ae26ac0b7790162c
hard_role_flip_318	hard_oracle_271	full_naturalized_repair	search relevance evaluation	review note || row export	A	B	row export	review note	Search Relevance Evaluation - Row Export Workflow	Search Relevance Evaluation - Review Note Workflow	555	573	1.0324	yes			0	0	0	0	0.0	0.0	0.0	0.0385	ace8dc7ddc0e95d2c3056f874760737e9131790c62c26034c021e4784521dcd9	9c03f10f63ecf820c2a6a65124b31340f16c01b8b06e4f042ba6ed982f6b6995	1bcd7e94c02199d043d426ab73b12a35ecad17eaa94ae074d7b82611a6068c8c	803529647ab4c4ce5c8d650b56e65d1059ff437bc8883e85c5d90ff008e76fc0
hard_role_flip_319	hard_oracle_272	full_naturalized_repair	search relevance evaluation	configuration sheet review || runtime log review	B	A	configuration sheet review	runtime log review	Search Relevance Evaluation - Runtime Log Review	Search Relevance Evaluation - Configuration Sheet Review	572	580	1.014	yes			0	0	0	0	0.0	0.0	0.0	0.0	b5c980df655d1c1443496139574cac06da96088e288ab30264490dc315756717	c70ee863a07d4679a659bb547e62999d3d4d1162c3036d3d47aa03c8c715dbe5	d7b8e2de90ab305ac56eb2356c4784f09fec45d7d1ab46eda23fa3017d34f5f6	f942a72fb465cd9a96a2cf3f18b3b373032a3899c8c7bb105a7e92f9a358abbe
hard_role_flip_320	hard_oracle_273	full_naturalized_repair	search relevance evaluation	observation trace procedure || source specification procedure	A	B	source specification procedure	observation trace procedure	Search Relevance Evaluation - Source Specification Procedure	Search Relevance Evaluation - Observation Trace Procedure	584	566	1.0318	yes			0	0	0	0	0.0	0.0	0.0	0.0	b30840306a885fa36d489d54035ce0501a83e5b00e6cbf9fabee6004513b45c6	96c65025c3aacf6d2017ad3e59857c9ada6b8049dc04d7d8035013fc8cb2559e	13e1b1ec6bd6d77148589ed191061fd1bed66dd87fc8da13f4d952289360ace8	933c85174e9b47b98c81ed97962d0539e5083bf769306685319e4d35f6b34e9f
hard_role_flip_321	hard_oracle_274	full_naturalized_repair	search relevance evaluation	case record || policy rubric	B	A	policy rubric	case record	Search Relevance Evaluation - Case Record Workflow	Search Relevance Evaluation - Policy Rubric Workflow	543	558	1.0276	yes			0	0	0	0	0.0	0.0	0.0	0.0	b2e57448ea04af9a25e8097b06e9c268c6c01aa256355ae8432b9f3145bd3f08	91a3e60e5a7945d0498cfcd9ae2f3d4a00d21d8ee69734013d638588014eb575	16f454ae713ea5203d67d3b7cacd0db0dd68b369bc097f5880369d308373bc4b	a2d73457a35cd8bae57aa473ddf242988a0c9751239ee6eb41324f453ff0a16a
hard_role_flip_322	hard_oracle_275	full_naturalized_repair	search relevance evaluation	incident note review || work plan review	A	B	work plan review	incident note review	Search Relevance Evaluation - Work Plan Review	Search Relevance Evaluation - Incident Note Review	555	546	1.0165	yes			0	0	0	0	0.0588	0.0	0.0588	0.0	f16616594c4e487de54c4d29ae26a7cbdc264ee0cd778439ea1e55e08810ed8e	a61b114b12c5e9dc878e0104f78df367b284813d581b93d52f05374698b5bfd9	bd9beff9f20f6ccd95721cf09d708614197cce825fbfc4bb822d59c69a5cefd1	86aab97bbb91863d0d55cf06292acb0110ce7fcde75766fee354f492d9737e83
hard_role_flip_323	hard_oracle_276	full_naturalized_repair	search relevance evaluation	calibration note procedure || measurement table procedure	B	A	measurement table procedure	calibration note procedure	Search Relevance Evaluation - Calibration Note Procedure	Search Relevance Evaluation - Measurement Table Procedure	557	543	1.0258	yes			0	0	0	0	0.0	0.0	0.0	0.0	dfd96d3de892fe685f718ffa25af662111b251f22b3b629d65a6f68d5c8b675e	e279b21021945a676e42e9397107932e5844a061bca76a0d45107cd6b7531597	82f56fa188a1820f700707cfa313ebf3e73818de222c7e0213aa5214598b6a55	6e3c36aac871d1781a7965c7626694eaf72e5e2f8b9e9675ded04abdc211a2cc
hard_role_flip_324	hard_oracle_277	full_naturalized_repair	search relevance evaluation	request form || response transcript	A	B	request form	response transcript	Search Relevance Evaluation - Request Form Workflow	Search Relevance Evaluation - Response Transcript Workflow	588	596	1.0136	yes			0	0	0	0	0.0	0.0	0.0	0.0	aa28e3e67ff246cda74cd3688ca18afec925ada068d8a028475299703b5423c5	729e618a2c34a1754b46b6ea84fddc493a53c6f559ad6360897a1054c6f7008c	c1680a0a488f979b6bfde573c72c7e0d1e9a5fe26417cb2cf1b31e5f2d9f1d87	66ae02f2331f9511914493dcf512a3ea23d4de6117ac2d2cc3bbcae0898af29e
hard_role_flip_325	hard_oracle_278	full_naturalized_repair	search relevance evaluation	change memo review || inventory list review	B	A	inventory list review	change memo review	Search Relevance Evaluation - Change Memo Review	Search Relevance Evaluation - Inventory List Review	539	553	1.026	yes			0	0	0	0	0.0	0.0	0.0588	0.0	230273afcd7e24947d7f834fc07c65775cd535041a420250a67703df59e6126e	3ec4c52e6354b0d49e6d85250fe1954bbf40bfe9e75c8b05a41f0bd56f1d5f5f	963350fd108658c17dc9c89b6368fd8a6ca77326ee0971a4408d978020eb5e29	43691f09989071330ca458174bc5b96b6669c84d4c4fe37d1eca7fa14f3c25c6
hard_role_flip_326	hard_oracle_279	full_naturalized_repair	search relevance evaluation	guideline note procedure || judgment table procedure	A	B	judgment table procedure	guideline note procedure	Search Relevance Evaluation - Judgment Table Procedure	Search Relevance Evaluation - Guideline Note Procedure	574	549	1.0455	yes			0	0	0	0	0.0	0.0	0.0	0.0	cb46298676d38eae1f31a67a1451a865c0f1f9b783cfa0f37682c776f558be09	75339efadbda0ebb205a2933e3112e9041a81795d56f4ff03c4846196ab0efc3	fa42ebe95f50dd3261d344563da6ea2d387ea21b573d329b4855c99fc2fb365c	81577e559e1739ec9743d5f019971a1991b5b6bb7bdc9a464debc9228fbb6755
hard_role_flip_327	hard_oracle_280	full_naturalized_repair	procurement bid comparison	review note review || row export review	B	A	row export review	review note review	Procurement Bid Comparison - Review Note Review	Procurement Bid Comparison - Row Export Review	548	543	1.0092	yes			0	0	0	0	0.0	0.0	0.04	0.0385	1e359a05e3af85c9227ad9ea284a16302dbf83c11b3f1eac61c538bf86b81835	dc2d3cde81fe7f139945b08b28098facdec09dbece607a2150a1291dee7772de	850c33854cf51d48989f19069b587bd8e198d624f000ded108f203c6183b86ee	8dd2b6c4b0d3da0030899e5e5e2de801a73b7fb7e369b3bb5bb8c83710a2c7c8
hard_role_flip_328	hard_oracle_281	full_naturalized_repair	procurement bid comparison	configuration sheet procedure || runtime log procedure	A	B	configuration sheet procedure	runtime log procedure	Procurement Bid Comparison - Configuration Sheet Procedure	Procurement Bid Comparison - Runtime Log Procedure	556	548	1.0146	yes			0	0	0	0	0.0	0.0	0.0	0.0	148ca7c0e25cfd882f323ed447076d1e83c898e01247cddb993db9328058462a	0e0a6d10c44eb0c8f51b771b4f6615a442423d0cf13e4eb7b6221ebc74ac5759	ecaceee17ceab93c343ecfddad6aa470191f24cb9b16d72a67e43bf953a25b5f	42d7d54cac7713dc4366d1d0ba98d17393ff589ee4a31d724aaca19008dbf8f6
hard_role_flip_329	hard_oracle_282	full_naturalized_repair	procurement bid comparison	observation trace || source specification	B	A	source specification	observation trace	Procurement Bid Comparison - Observation Trace Workflow	Procurement Bid Comparison - Source Specification Workflow	567	588	1.037	yes			0	0	0	0	0.0	0.0	0.0	0.0	4602d642bee94de463a96e34e0eee6106a99aa94b0bb030b70bf9eae8e8b94d2	983ed6327645fe75bf79c251e6dcdbda9e23268ab4c5f271debb104409dbdb29	08ffb6c4d13637eac90031163b9a4d41b5219c011d1044bb672bb27260d6b4ef	c27c00065907dc35b035009effef63e1c43aa43a95e1d72bea5cf5e67ce40e2f
hard_role_flip_330	hard_oracle_283	full_naturalized_repair	procurement bid comparison	case record review || policy rubric review	A	B	policy rubric review	case record review	Procurement Bid Comparison - Policy Rubric Review	Procurement Bid Comparison - Case Record Review	531	530	1.0019	yes			0	0	0	0	0.0	0.0	0.0	0.0	98b7b93b8fed92ec3333d8693a89f39a5a579af7f9a732225b456f1e7d594f60	e5b7302a87ceae45826b22c1c41703655585d9378701e757f7696f7e59b82071	87f7f4931082e8e7ec8fcf4d12a5a6c3b0e3bfa21dee2d865ca2a8fae9b32be6	2ae3136d0e042041cc97ca7233ebdc5a11a637751f9a79163d0e4610dea09350
hard_role_flip_331	hard_oracle_284	full_naturalized_repair	procurement bid comparison	incident note procedure || work plan procedure	B	A	work plan procedure	incident note procedure	Procurement Bid Comparison - Incident Note Procedure	Procurement Bid Comparison - Work Plan Procedure	524	533	1.0172	yes			0	0	0	0	0.0	0.0588	0.0	0.0588	ab5ca819761eec9d0ebfed79dd3b61a95d2d8d69f525c55867ac162b76729e8e	d43af23b3802c02682c57883bf14ae1a2213109213923e097c11d7a4c0a05cfb	38927e20c3478d7621cc2697d2cebc53973f57c10ea68f7504309520df401c3a	502574dee8ac73130f777d4adb44da193b16a0a37a03b5ad27dbe81461ce2f84
hard_role_flip_332	hard_oracle_285	full_naturalized_repair	procurement bid comparison	calibration note || measurement table	A	B	measurement table	calibration note	Procurement Bid Comparison - Measurement Table Workflow	Procurement Bid Comparison - Calibration Note Workflow	536	559	1.0429	yes			0	0	0	0	0.0	0.0	0.0	0.0	42392edea7c3ac23f19e746ccdfbf2ed6cbb2ca29839aa2e8220dae0a02fa0d0	de66ca29b76704721f7bf98d362bbe4e8cd75a95a145f0f275d5abb6f371b1bb	b255e8a0b34016228bfde6d01d13f13b9fbec07673f80b279b981004c10503b2	0803f4a949157a50630e58eb1dba100318ae4db1a09b42ebf6166989098212ad
hard_role_flip_333	hard_oracle_286	full_naturalized_repair	procurement bid comparison	request form review || response transcript review	B	A	request form review	response transcript review	Procurement Bid Comparison - Response Transcript Review	Procurement Bid Comparison - Request Form Review	561	560	1.0018	yes			0	0	0	0	0.0	0.0	0.0	0.0	d9c3619467a150361414bc5d4ba3af25988d5d34742933fffc67a3946a7108c6	f34ef1c772245cc11b6e56b13d75689280eea5aec79400834901212406fb8cf8	77970cd0ac38e780d4e2b2b6bff62f1d81310e81337bf5dafe3bf6747080b64c	c7568b228236dcd216a5173e9a4167cbbff926c3559c521993ab8bc491db8d36
hard_role_flip_334	hard_oracle_287	full_naturalized_repair	procurement bid comparison	change memo procedure || inventory list procedure	A	B	inventory list procedure	change memo procedure	Procurement Bid Comparison - Inventory List Procedure	Procurement Bid Comparison - Change Memo Procedure	531	517	1.0271	yes			0	0	0	0	0.0	0.0	0.0	0.0588	04a14c40f168aefa76e60caea5c5f2fe3195d4068fc7f9cfaa1dab44415a3174	4e5b80c20d19a15dda74d814571484dc949b9d96c20308cbb486471032f38d6f	19e97819bf7c46b7cb70f636b375ad2126d11057d5cde247183c35c45cb727e6	a03d63fc99d922ea5ab66f4ff04cb370d7c91f2918aabf6122f4edc4e1db0670
hard_role_flip_335	hard_oracle_288	full_naturalized_repair	procurement bid comparison	guideline note || judgment table	B	A	judgment table	guideline note	Procurement Bid Comparison - Guideline Note Workflow	Procurement Bid Comparison - Judgment Table Workflow	547	572	1.0457	yes			0	0	0	0	0.0	0.0	0.0	0.0	7e2ffcc6b225ccc665992d97a10c33ac4540a7ab31432c564290dd9899f5d8e0	c1c55c625cd8ed1fcf6a48e138f60729142c43df25f5f40c21cae70e16e3e8ab	ac7c09dcd043c44506196d0cf1e13d86cfba451770e28c71297242e7a661126e	48427b9499310cfa4c0dc1039502210cbb609263d222daf918675bde9ea88bf1
hard_role_flip_336	hard_oracle_289	full_naturalized_repair	IoT sensor calibration	review note procedure || row export procedure	A	B	row export procedure	review note procedure	Iot Sensor Calibration - Row Export Procedure	Iot Sensor Calibration - Review Note Procedure	533	538	1.0094	yes			0	0	0	0	0.0	0.0	0.0	0.037	c81a55493a00982460b97ad5a29fbe4252108041ab8c3d5af093c78243ad7e7e	581ff844af336f7773ed254cb25d156c80f533d1bf2abda048a60a981fb2c8ea	8ea6709c05491da96f145e49d833585168936177453828c474057430f99cf76e	b5dce162b39af6ec575c438d03601e6f1b11ede83ac69850f97326f0f0d556b6
hard_role_flip_337	hard_oracle_290	full_naturalized_repair	IoT sensor calibration	configuration sheet || runtime log	B	A	configuration sheet	runtime log	Iot Sensor Calibration - Runtime Log Workflow	Iot Sensor Calibration - Configuration Sheet Workflow	557	573	1.0287	yes			0	0	0	0	0.0	0.0	0.0	0.0	df8453f5a360e275e0e05073e6a65c795c3d0afbece1e6b64421f72791e1feeb	e3f5b6484c8798948669b6aecce9c460b52debad21791f1f8237d382f03bfb4a	8a1a113569155dc15167eab1d239aae4088004baabeef2dc4c02bada47a8ebfd	aabf64f01ae5f4d4997ef3a550b43769b17c2f505f79086a30c54a0a1b3fb192
hard_role_flip_338	hard_oracle_291	full_naturalized_repair	IoT sensor calibration	observation trace review || source specification review	A	B	source specification review	observation trace review	Iot Sensor Calibration - Source Specification Review	Iot Sensor Calibration - Observation Trace Review	567	549	1.0328	yes			0	0	0	0	0.0	0.0	0.0	0.0	c4c6662c76a27273d6dfc519ea03ab23df0cab469c95edef80977449b8503be3	b402ed2928a0f66d041306ea30257d3648f3848c3cd53bf0d36853fca5abeefc	e32a5826e06631cb9183833b630204acd932220adeda48c3eaaf3a75445d42b1	076c3ce70dc307d4eb6f67b6bfb654b11a419747ea737778db3f1582925e5543
hard_role_flip_339	hard_oracle_292	full_naturalized_repair	IoT sensor calibration	case record procedure || policy rubric procedure	B	A	policy rubric procedure	case record procedure	Iot Sensor Calibration - Case Record Procedure	Iot Sensor Calibration - Policy Rubric Procedure	520	521	1.0019	yes			0	0	0	0	0.0	0.0	0.0	0.0	cf2f618f1e932287b2fa3b6e4cb9b2ecaaf0219e712ab3a65d23a71db26650b1	a40acbdfe2808bc36c1062422f64e5a9064614f9450ee684d2ce8464267200dd	683b581724b9247b2536b4e05458c0c7cb304508bbb3813013abdfedd677e567	aea3189d27a12ecaf057afc06447ff3aaeb4e0b3c4c414d6221e516baeb5826e
hard_role_flip_340	hard_oracle_293	full_naturalized_repair	IoT sensor calibration	incident note || work plan	A	B	work plan	incident note	Iot Sensor Calibration - Work Plan Workflow	Iot Sensor Calibration - Incident Note Workflow	541	527	1.0266	yes			0	0	0	0	0.0625	0.0	0.0625	0.0	89fd74821afe17516df6042f08a9efe231ce73ef518313f35ec3861894065ff7	1286980e5ad0be7dc7cb68b16d48dd33f69fa175d53da5c01d78c4acb9b21bc1	6664f74272ece65503e5a880b2ad90a13657b0a4ad23aa79ec390dfcb39bf9bf	72e8b6189c1fd938a32e6c4cb9707c67c1e77c9458974f90c71e4a6903bdec6a
hard_role_flip_341	hard_oracle_294	full_naturalized_repair	IoT sensor calibration	calibration note review || measurement table review	B	A	measurement table review	calibration note review	Iot Sensor Calibration - Calibration Note Review	Iot Sensor Calibration - Measurement Table Review	543	529	1.0265	yes			0	0	0	0	0.0588	0.0	0.0476	0.0	27aaaa456c22139c3837931e21014f9981116b99ee3f71878d1cd7f445e6605b	667987742d4c06991e12b72cea4a6d92dd5bb2ba03f78713976574f747602619	dd8235f5b1bea31a4b1a170e4c6e8322e1013b71adeb421faabb0c904d588caf	aa26ab201b7902192cad6629203dc45ebf8d646449459cc7c0325a2ad583cdfc
hard_role_flip_342	hard_oracle_295	full_naturalized_repair	IoT sensor calibration	request form procedure || response transcript procedure	A	B	request form procedure	response transcript procedure	Iot Sensor Calibration - Request Form Procedure	Iot Sensor Calibration - Response Transcript Procedure	549	550	1.0018	yes			0	0	0	0	0.0	0.0	0.0	0.0	a19f94d6b3e3ce5a6808c8a8818ff59d9ce2b050eddc99cef72119f23aceda9e	10c5974109a6e6a5c23f70959a3fd5fa3b2f946ca8d9a596f634b2b805bc0ae5	6fd034f8c2dba9cf909d80cbb828c4429d319feb2dffe35103fc5799840461b6	3b95d7eb0054e230830cfc674cc87752559c3ac428b6dae18bf001f4f2090c61
hard_role_flip_343	hard_oracle_296	full_naturalized_repair	IoT sensor calibration	change memo || inventory list	B	A	inventory list	change memo	Iot Sensor Calibration - Change Memo Workflow	Iot Sensor Calibration - Inventory List Workflow	527	535	1.0152	yes			0	0	0	0	0.0	0.0	0.0625	0.0	c93847065deb3ce7eb9408d2eb71f57cdd8b13e58b5452eaa8ced782ec21e6c8	bc233fddbb72a3a00226314613931d6404434bd428a6f206c69c77d271815858	025a3dc4c21a963111434078d7a0c3a2bb25e26b19f7eec23fbfffb209748063	6809d33a9a6e228e258337398e3314c2d1ceeee56290a508af7b8e9700c2e91d
hard_role_flip_344	hard_oracle_297	full_naturalized_repair	IoT sensor calibration	guideline note review || judgment table review	A	B	judgment table review	guideline note review	Iot Sensor Calibration - Judgment Table Review	Iot Sensor Calibration - Guideline Note Review	557	532	1.047	yes			0	0	0	0	0.0	0.0	0.0	0.0	f713554cd2acce182e93fa60f9ba395ef5efc094778c673b6708b36873c64c34	1fe108b7187284f8a0ba4ce30ed5684f0fe761a44cd01ed752713f96e41fb746	96f2a9cc06b7b334c5da867ccb93474a50da544de5580c4844e1b8662f65450a	b65684c609a30f193801652527a87a73502a20763345a76e5edd51ddb0594f51
hard_role_flip_345	hard_oracle_298	full_naturalized_repair	subscription churn analysis	review note || row export	B	A	row export	review note	Subscription Churn Analysis - Review Note Workflow	Subscription Churn Analysis - Row Export Workflow	554	544	1.0184	yes			0	0	0	0	0.0	0.0	0.0385	0.0	0edcdbf50197e6256bfe5d2266116a36a80ec3c163c98fb1c607ba53d5aaa2a3	47f2e253703a25c463e00a02681fc076d980ae1fe25bc4802439b30c64fe92c4	eac92aadab5c1e84bbe7d1c368f43d16d2e977a898a3b281c8a4457dcb920955	2e85cc85467b9caa585b20ae4c2e8ce370db95d7bc9434a38519f86bf2a0dfa8
hard_role_flip_346	hard_oracle_299	full_naturalized_repair	subscription churn analysis	configuration sheet review || runtime log review	A	B	configuration sheet review	runtime log review	Subscription Churn Analysis - Configuration Sheet Review	Subscription Churn Analysis - Runtime Log Review	562	554	1.0144	yes			0	0	0	0	0.0	0.0	0.0	0.0	79f19d071796d02e20ff84629ff5a3b001650f1636481423548392a7c3ae1d0a	8d87ec16650fe69958013e7d7552de511b64e3322d39a437b4404feee2716a0b	3a46a199871029b595e23f17459c6657e268c9e64a971f1837aceb062e291a17	fa5f98974ab452190fd693cd62bade671d040392a3eb284957d9f9a180c212b9
hard_role_flip_347	hard_oracle_300	full_naturalized_repair	subscription churn analysis	observation trace procedure || source specification procedure	B	A	source specification procedure	observation trace procedure	Subscription Churn Analysis - Observation Trace Procedure	Subscription Churn Analysis - Source Specification Procedure	548	566	1.0328	yes			0	0	0	0	0.0	0.0	0.0	0.0	5870220b714356eb68f6bf19ec821ea0abf4ffe0178819d9b0716bfdc8764a8d	28e8ef378f888f52a7bd0750ee6ca12a7b7b70b8f06b2a8e92fd221f36e5f594	6f3c758dd506a8195950c19a92b59708c24c3ad6780b04762c58e5fa39c8cfa9	3cde67efec6b3bea81449a96273280edf39d7d2d4bf02d6bf684e505f2878259
hard_role_flip_348	hard_oracle_301	full_naturalized_repair	subscription churn analysis	case record || policy rubric	A	B	policy rubric	case record	Subscription Churn Analysis - Policy Rubric Workflow	Subscription Churn Analysis - Case Record Workflow	539	532	1.0132	yes			0	0	0	0	0.0	0.0	0.0	0.0	bc761e1a8a87d93e3c57ad692d14d58ba5372d39a5dfbf7ff592eca55687a3d4	269f3bf80d5cc8d3f06db3b3d8cf1b0f7325669f84298c93b53e828794f118a0	a41d0271a9bf47f546a8337dc6d689b98d565bb120b3f184f365e629b1d2f98d	faa18dfb6ab72647ee5f8f799a894452b5da4209225b7aa0fa0e40fc1caeab42
hard_role_flip_349	hard_oracle_302	full_naturalized_repair	subscription churn analysis	incident note review || work plan review	B	A	work plan review	incident note review	Subscription Churn Analysis - Incident Note Review	Subscription Churn Analysis - Work Plan Review	536	545	1.0168	yes			0	0	0	0	0.0	0.0588	0.0	0.0588	3194514225663cf673e8a51a22b81963b631ee680d71d4c36c01d8f5e5247bff	e0397bc77d4dd1adde7dea815f2b78febdfce39d30aa73d0a40073a67d2d0a0e	aa85353aa8466e44eafbfac6bacd3bf22de441ef78edb340d43b9e3da94f73ad	66b39d93079ec3c9a84a78fbc464f4b9a2970ecb8bc5a7475f6134d3c742cbd8
hard_role_flip_350	hard_oracle_303	full_naturalized_repair	subscription churn analysis	calibration note procedure || measurement table procedure	A	B	measurement table procedure	calibration note procedure	Subscription Churn Analysis - Measurement Table Procedure	Subscription Churn Analysis - Calibration Note Procedure	533	547	1.0263	yes			0	0	0	0	0.0	0.0	0.0	0.0	c5128ed2a115379986361dcf75e708473e1bd4e95bba2b5b3ce8c789569fcdb7	afda703e0b81c61f790157561f283006ec8122141b7dd5650b886490741049bb	19d6286054dc762284fe00e48da65c99e3f574130c8228b580e8760925666e0a	9878bba891393eca09bb83f26e6b1ef18297ccf907ccb36fd9f4ea4ce3d83516
hard_role_flip_351	hard_oracle_304	full_naturalized_repair	subscription churn analysis	request form || response transcript	B	A	request form	response transcript	Subscription Churn Analysis - Response Transcript Workflow	Subscription Churn Analysis - Request Form Workflow	569	561	1.0143	yes			0	0	0	0	0.0	0.0	0.0	0.0	b030352cafc17fe9f26935eec18dc7a148edbb13b3d1b4b90c89837386d056c1	d9d4fd69af9f6e450d4904e6696949f8c3796ba2ba10be051a8ca915b95e8d10	0b04b0714922015f827fc0e1d4fbbccf26b0e2616f348e71a0cf24c9e559ce73	d3c8dd2fe7bd1825d8f0a7e558df3b3c1ddc72328b05e13e8f76c2b4e750aa1a
hard_role_flip_352	hard_oracle_305	full_naturalized_repair	subscription churn analysis	change memo review || inventory list review	A	B	inventory list review	change memo review	Subscription Churn Analysis - Inventory List Review	Subscription Churn Analysis - Change Memo Review	543	529	1.0265	yes			0	0	0	0	0.0	0.0	0.0	0.0588	303b1b5accf58a4ccf6b61e5f3ae6800d544baad8e0c8d6aecf1765b0abe185d	eb6b6dae26e27c7b6d60e11533d65418085af49bd826f7233e832c598f779ed2	b89f31f61246ffec2d89f645fb68b5f0fa8242a624f5819a8e7884a863b4062e	fb387d5bcce3a46723bd4dcf3742d1bd84b11396f4ffd666a544ae439fbe8a3e
hard_role_flip_353	hard_oracle_306	full_naturalized_repair	subscription churn analysis	guideline note procedure || judgment table procedure	B	A	judgment table procedure	guideline note procedure	Subscription Churn Analysis - Guideline Note Procedure	Subscription Churn Analysis - Judgment Table Procedure	531	556	1.0471	yes			0	0	0	0	0.0	0.0	0.0	0.0	61d9c0bd6af9e3de46c13bba9c2398b30581b60b4820fc8cc87b07045975b79f	12d4cd7d221549c71d94f70702384320bddbc8b1dab386a6cc210c87787b8a45	9d9d60e18063890aaec1360297634bfa004b2263679979fe35bd06ea46971aa4	c04b1163521f60c45a9a339e88afc2418331c5e61dd015bf3ea5d2d716d510fa
hard_role_flip_354	hard_oracle_307	full_naturalized_repair	content taxonomy mapping	review note review || row export review	A	B	row export review	review note review	Content Taxonomy Mapping - Row Export Review	Content Taxonomy Mapping - Review Note Review	543	548	1.0092	yes			0	0	0	0	0.0	0.0	0.037	0.0385	f49f65a5a30063222103b6dcb54410ecbd2b475bf36768d7b5c3382276aa6ce2	2e61f08012e49dc33997923581425a137809cfec48b3f693b71d7dbdd2bc55fc	88464935d26350724d539e283cfb071d7c87f272fe0166e31492883a1daf2134	af66124006a3c9d354a95372007d4039044b435b7a9b5233bdf6e9eda9cb5681
hard_role_flip_355	hard_oracle_308	full_naturalized_repair	content taxonomy mapping	configuration sheet procedure || runtime log procedure	B	A	configuration sheet procedure	runtime log procedure	Content Taxonomy Mapping - Runtime Log Procedure	Content Taxonomy Mapping - Configuration Sheet Procedure	548	556	1.0146	yes			0	0	0	0	0.0	0.0	0.0	0.0	cc48d4ad1b6a4d13e0fd362b6bdd5f4cda61a19d1386e4391b365d496f3beac9	ec860f2c98260c4ab806dd86af07de2d3be7e94542e085606a887e39bd20632b	319d220551adfa439bc02c35c4bc429367ead515de532dbf8edc03a18174969b	caae1cdb8087475d7a2f3fb263169b38f354e321be834fb4d564113d289e1864
hard_role_flip_356	hard_oracle_309	full_naturalized_repair	content taxonomy mapping	observation trace || source specification	A	B	source specification	observation trace	Content Taxonomy Mapping - Source Specification Workflow	Content Taxonomy Mapping - Observation Trace Workflow	590	569	1.0369	yes			0	0	0	0	0.0	0.0	0.0	0.0	1b1b8b16c8356851491412ccf0ce9b0d877f11343e45cb6918b0f411d72a061d	79b9b76d2e377f4c5dd7700b87a51ab70374e17a21f9ea5682646b42726e17ac	311c4fc176653cae7c49f4ff5875969cde4964f53e4b8594057239c2b150bdb2	d5e8965f5686b0851a5a92d9b83cfd904b0543848c4e968883fa166d5c71a159
hard_role_flip_357	hard_oracle_310	full_naturalized_repair	content taxonomy mapping	case record review || policy rubric review	B	A	policy rubric review	case record review	Content Taxonomy Mapping - Case Record Review	Content Taxonomy Mapping - Policy Rubric Review	530	531	1.0019	yes			0	0	0	0	0.0	0.0	0.0	0.0	afda6942b3b96f0b6b6737135676e4a341aa381ab9f61a126f1a93b260824702	d8a3aac1972ede62512fa6d2032c85558491cb470bf7f7a5f7dd84757848d268	f6626cfc6c0f82b543ad91d70498c067b907e70fe56348e8fa9994ae458371d6	94940c330f95dc3e29309daaec23d7be659c22e0d72a99a73e5207780627345a
hard_role_flip_358	hard_oracle_311	full_naturalized_repair	content taxonomy mapping	incident note procedure || work plan procedure	A	B	work plan procedure	incident note procedure	Content Taxonomy Mapping - Work Plan Procedure	Content Taxonomy Mapping - Incident Note Procedure	535	526	1.0171	yes			0	0	0	0	0.0588	0.0	0.0588	0.0	b8c204997bff366279d5751fec0d662f4e0987478e980d54302b24d4972b0369	207a2bc694b58a48512bf27baeb14d83382e3f8a6b26f4babdb24d78622a630e	aec312d0c9bdb0c4bfa96a21c6dc97cfde062423abece785576a15edc696dee4	1fb708e129b1f9a551c597b68dc0fcd9ea078662c62d1a8ae0fb87993ac486ff
hard_role_flip_359	hard_oracle_312	full_naturalized_repair	content taxonomy mapping	calibration note || measurement table	B	A	measurement table	calibration note	Content Taxonomy Mapping - Calibration Note Workflow	Content Taxonomy Mapping - Measurement Table Workflow	563	542	1.0387	yes			0	0	0	0	0.0	0.0	0.0	0.0	0751ab1f7b4672a258b74b8933c4d318800758756bf836f49c6020c9dee772a5	79ca64b6fd0ce5575f2a2eb857fdd6883b43148509a1315512892aab898d7ba9	d02de5ca26db91a109cf9b94b8878f5124bd8a5321356bc1de8caebb110df9da	b8f79d0f8017f3ab47e5de8798c6b96255d22a60f404172d4dd81b55b85bb695
hard_role_flip_360	hard_oracle_313	full_naturalized_repair	content taxonomy mapping	request form review || response transcript review	A	B	request form review	response transcript review	Content Taxonomy Mapping - Request Form Review	Content Taxonomy Mapping - Response Transcript Review	558	559	1.0018	yes			0	0	0	0	0.0	0.0	0.0	0.0	97725825615d2725a79ac7096e49e1b5066cb21c390a2284401a4409bfcca835	4d4f0161f1bcf8071360d55ea04ab67f4cf2a0762d4b927d568ce162cf8a479c	2acbe13c305713b2014813d2bf479b532c5b5c07b4c0cbf174aecfa207305030	f310eda9272585979bdcdd7cc837992c9f3f1af5690bfd1a278cea95b29dbf13
hard_role_flip_361	hard_oracle_314	full_naturalized_repair	content taxonomy mapping	change memo procedure || inventory list procedure	B	A	inventory list procedure	change memo procedure	Content Taxonomy Mapping - Change Memo Procedure	Content Taxonomy Mapping - Inventory List Procedure	519	533	1.027	yes			0	0	0	0	0.0	0.0	0.0588	0.0	067c522af952d1367cc8c3f1d0b95f3eccfa4054b8a0351a8697168fb43780e7	267cb437e5f89a33dd91304b7fdd30b8187ee2e59e016c1720a8f74e9d6dd592	b077bee1f045554b64dc91fa33cb4f85d0c2d2d39566e4a1e20f1841c9ff6926	dca3485f161fbbf901e15687efbbfd842354a82235da33c01e62ad81d60a5d29
hard_role_flip_362	hard_oracle_315	full_naturalized_repair	content taxonomy mapping	guideline note || judgment table	A	B	judgment table	guideline note	Content Taxonomy Mapping - Judgment Table Workflow	Content Taxonomy Mapping - Guideline Note Workflow	574	549	1.0455	yes			0	0	0	0	0.0	0.0	0.0	0.0	9205d218e9d18517422aa371b2054e1d86cf38c239f9c5ca907a5269c7eb2978	29c4c67f6aeca101c418f22b97ab45b567588d69130ebd031f029c40ec159047	beafa5925603508d92900bbcad8143bf25cd357da454356e6d275a52cacb55af	d3dbd069f62dddfeece2112dfb347299734f1193354cd4fe90ebed33c5d27c36
hard_role_flip_363	hard_oracle_316	full_naturalized_repair	call center quality audit	review note procedure || row export procedure	B	A	row export procedure	review note procedure	Call Center Quality Audit - Review Note Procedure	Call Center Quality Audit - Row Export Procedure	540	535	1.0093	yes			0	0	0	0	0.0	0.0	0.0357	0.0	7245afb4c3bec679b73c5d9aacae091fad168016151d9ce32cfd943a79c40e4c	f7d7f898d0040b463f37a34171a287b5c15caa7e5aae69d4d93489d1a327f8b9	9b2624454e16d4dabe9f3f5b3e9608b87465ca51a29247c4511988f77f7745be	09a1e6e2a0f9e0b4dadd381a3858b51cb3cfaadf963e0abdf804a8e3a3e57040
hard_role_flip_364	hard_oracle_317	full_naturalized_repair	call center quality audit	configuration sheet || runtime log	A	B	configuration sheet	runtime log	Call Center Quality Audit - Configuration Sheet Workflow	Call Center Quality Audit - Runtime Log Workflow	573	557	1.0287	yes			0	0	0	0	0.0	0.0	0.0	0.0	5cc0d689b3e48fe5235a96d00f30152e6e5ee5574cd30f62a7926b81de629575	deb332a3ce3bcd8eb158a96d447dbd7d2ff65b8396d85427635f3fdf22125ef7	5043816ad71d917217394247884e06ddd5d68bc1c5323681a0a911da61f734cb	eefae49d5d27fffe3c8c45d1a58766bee010f8be929bcdcc17d33330203e0754
hard_role_flip_365	hard_oracle_318	full_naturalized_repair	call center quality audit	observation trace review || source specification review	B	A	source specification review	observation trace review	Call Center Quality Audit - Observation Trace Review	Call Center Quality Audit - Source Specification Review	554	572	1.0325	yes			0	0	0	0	0.0	0.0	0.0	0.0	fe76a2cd7557503472801f311850ccf263d128e7dcd73d98f415d061e7f6e6fc	232c94777dbc0feee7d14e0e3d5ed18a375559a8176ae736eaaae81ce72243d7	60a16fec93218b1042bebd3ceb6cd53f71b5f8bb1555e5059b06de0e883fff3d	8aa89ce4bda067eb5eebbaad241ce5240fc6e572751a1ad515fc557d18080c4f
hard_role_flip_366	hard_oracle_319	full_naturalized_repair	call center quality audit	case record procedure || policy rubric procedure	A	B	policy rubric procedure	case record procedure	Call Center Quality Audit - Policy Rubric Procedure	Call Center Quality Audit - Case Record Procedure	523	522	1.0019	yes			0	0	0	0	0.0	0.0	0.0	0.0	f8d27f7921e9d685121713937eaedae736f2a6a1270cbe4513d9d64353a4e2f4	5875d7073b64d563bbb8f5e982077233835a73ad4ba191b18e0ce665e1642a85	2eb20bc08b26aae8b12d58c217e41ba04c53060fb427bec338815789aa73917d	36fb58e2e4a7c2a4bc27978e38593e55413a071dde746bf26cb6f4a8d463a4b2
hard_role_flip_367	hard_oracle_320	full_naturalized_repair	call center quality audit	incident note || work plan	B	A	work plan	incident note	Call Center Quality Audit - Incident Note Workflow	Call Center Quality Audit - Work Plan Workflow	527	541	1.0266	yes			0	0	0	0	0.0	0.0588	0.0	0.0588	158090680495c45791754db28805bc63f5bb122326609f12115e08b6706fede0	0c1d201d3e42f4316590fb891675574be2914104f72ed10944523743c8e5fd89	0abecd96869f89966c4e27b42c074ef354e2b3d935952baa4c257f64a37716b9	3f9e762080f580a7d5d159520567dfd02605252e893ec155311c64e3f4fbca1d
hard_role_flip_368	hard_oracle_321	full_naturalized_repair	call center quality audit	calibration note review || measurement table review	A	B	measurement table review	calibration note review	Call Center Quality Audit - Measurement Table Review	Call Center Quality Audit - Calibration Note Review	534	548	1.0262	yes			0	0	0	0	0.0	0.0	0.0	0.0	7042ad9e4a2a3e8278ab3d8cc6663e2f7244b15c660dd0294a34c22ce5c8f598	a134651f2bf0b542b453458b1620f597153f9c0822a893d20cfbf5298cbceb84	791d4cccb13add0d109b0f35e308a80afbea8548b85171656a2e944b12d7c91d	0d3e8aefdd667a232a53e5c25abd907b736bc232a734fd84538e7e604603a4d7
hard_role_flip_369	hard_oracle_322	full_naturalized_repair	call center quality audit	request form procedure || response transcript procedure	B	A	request form procedure	response transcript procedure	Call Center Quality Audit - Response Transcript Procedure	Call Center Quality Audit - Request Form Procedure	552	551	1.0018	yes			0	0	0	0	0.0	0.0	0.0	0.0	76440c0647d6a5e6bb7cab6dfafc9f331959fd627f0e7ae391303f95f28683ef	bfa9fa38cb92463da1b463577151b82fc6951ca3b0d470f208b34ba98e554840	a7eb41ace8c271ad93889d0353fc318687003eec49fa716840102ebd0209eafc	bca0d74108fa37aaa32376ae3c7d2fbe89c7ed3003720cae655abce9aeb28d30
hard_role_flip_370	hard_oracle_323	full_naturalized_repair	call center quality audit	change memo || inventory list	A	B	inventory list	change memo	Call Center Quality Audit - Inventory List Workflow	Call Center Quality Audit - Change Memo Workflow	535	527	1.0152	yes			0	0	0	0	0.0	0.0	0.0	0.0588	b4d2dfe9ecf8d6af2c93a39da5fb457943b719a6dbee36a9c7cf1f23acd63ccd	51e5a9d77a03c868bf11c9c86687116bca286f2999039a64826ccef0aa33dbe4	7725aecd80f2de51265d59db7b886dbcd0469f63e6804b1fecca164d81220d49	5089b9f58c18f34d09a58fbeee3497bd9ae5010dacb7409305754aad7c241eeb
hard_role_flip_371	hard_oracle_324	full_naturalized_repair	call center quality audit	guideline note review || judgment table review	B	A	judgment table review	guideline note review	Call Center Quality Audit - Guideline Note Review	Call Center Quality Audit - Judgment Table Review	537	562	1.0466	yes			0	0	0	0	0.0	0.0	0.0	0.0	c14f0eed0ca8077e6a3627c15aa06c691c891d7a8fc1c07783d32d9231a6008f	2a20e87f126a239d4e54163d65dc30ed7dba236a11533b03fbe07875211c8322	2d19e79e288b31e1535f18eea9f4b445b004a9a36f486725df2cb1557d3fe335	4cbbc15354b2544493ab05f24e7f2fb6763cc9c231d91aa49e4ef3ba32617a15
hard_role_flip_372	hard_oracle_325	full_naturalized_repair	environmental permit review	review note || row export	A	B	row export	review note	Environmental Permit Review - Row Export Workflow	Environmental Permit Review - Review Note Workflow	548	559	1.0201	yes			0	0	0	0	0.0	0.0385	0.0	0.04	77db89a9bba7d422b879d29b37239ef49cc77f6a0620ea9dd3194fe510364618	6d9eca7f834b4e2932ffd127a0041ba33758244d27f6854854d441f5b8986278	bd4ad6320745bb0169ab1f09b3b5cd888c3c8c79bc0339349c14cdac0a86c4b2	80927505a750ea4a55316ace825c6e52092e271453fb272ff3131abe91b040fd
hard_role_flip_373	hard_oracle_326	full_naturalized_repair	environmental permit review	configuration sheet review || runtime log review	B	A	configuration sheet review	runtime log review	Environmental Permit Review - Runtime Log Review	Environmental Permit Review - Configuration Sheet Review	558	566	1.0143	yes			0	0	0	0	0.0455	0.0455	0.0476	0.0476	3ff64d918e90f0dae58106b4ccce3de53fb1ca4b5d79b887e2de2add50576191	f73b5f9b0dcbceb4a0efe776ee82754d69e3132d9a882f5ad980d81e20447e5e	010d857d1bad9706c4d05b7900679739d07d5ce4da36ec37087e9d1a14f61f37	d09e510f37c824c600873d728402dc9868205f210633e6f429d692fcc2fcafb9
hard_role_flip_374	hard_oracle_327	full_naturalized_repair	environmental permit review	observation trace procedure || source specification procedure	A	B	source specification procedure	observation trace procedure	Environmental Permit Review - Source Specification Procedure	Environmental Permit Review - Observation Trace Procedure	570	552	1.0326	yes			0	0	0	0	0.0	0.0	0.0	0.0	5c0b2c17b69c7f202987e451ce7392a2d01b9cc5eb7a57bfb55b310a7f23f021	9f84bf1eb06424523eb798f43ee53869590b50ecd220197f2c2bd99e71e697cb	e2aee5d14881c23fa6ead3247366e6918461b0f5b76086063cf936a9dae1eb76	4cb062ec6962a222a3326ae249b8cd18d9a80bf4d9b349e9caed8ce7faba7db2
hard_role_flip_375	hard_oracle_328	full_naturalized_repair	environmental permit review	case record || policy rubric	B	A	policy rubric	case record	Environmental Permit Review - Case Record Workflow	Environmental Permit Review - Policy Rubric Workflow	536	544	1.0149	yes			0	0	0	0	0.0	0.0	0.0	0.0	a725d983c82c7bdf6ffdab81dc50399f7fd1f51db7e2cd6009afcba677c5cd9e	f8af160aebb4f34067299384e92ee7dfab21707ff532866572864ca43ca015dc	607b3cc9ac21df68911e923bd86768401f78c688b6786d7fb708dce758caed22	bc290a0d2fa1217cc9be6ac97bdf2a0f041ec0b59391dd5fa6fbfa15a19ab307
hard_role_flip_376	hard_oracle_329	full_naturalized_repair	environmental permit review	incident note review || work plan review	A	B	work plan review	incident note review	Environmental Permit Review - Work Plan Review	Environmental Permit Review - Incident Note Review	548	539	1.0167	yes			0	0	0	0	0.125	0.0588	0.125	0.0588	2803f6330076c7ef9093fafde5515c94e329ea615b3f1fe52a823d8964f88ecd	4f02454ace2d81f988a01bdae3e5434be85a68001ce687c083ac9c09f05ed976	a5b9ed9c62524d6817e6a32c199b792d773e3670adbf3007647d504e077c938c	bb431a40dc6b7e79d5b3264ee2be4799e067bd2f17fec065cbcb62b7a62929f6
hard_role_flip_377	hard_oracle_330	full_naturalized_repair	environmental permit review	calibration note procedure || measurement table procedure	B	A	measurement table procedure	calibration note procedure	Environmental Permit Review - Calibration Note Procedure	Environmental Permit Review - Measurement Table Procedure	550	536	1.0261	yes			0	0	0	0	0.0	0.0	0.0	0.0	866bc83fe90bcf8ff119eca9c2bdf4663fb68e18df4176d0170abe85b4d500fd	076435d772435a3525f43cebc8e3a29b44b38d59840e3ef54bd515a8ff973687	3f79117660fa5cdc469d9380ae8b0a1e5549c222e5c58cddba9ad38855812f4d	2c45bc3611e433aacd76000da993952896edc58822c9002571e7f7c91a7c8e0d
hard_role_flip_378	hard_oracle_331	full_naturalized_repair	environmental permit review	request form || response transcript	A	B	request form	response transcript	Environmental Permit Review - Request Form Workflow	Environmental Permit Review - Response Transcript Workflow	567	575	1.0141	yes			0	0	0	0	0.0	0.0	0.0	0.0	a99f49dda8f9011b61b335bb6069857fdf8da07c44c37a06ca0d64d9d59d476c	a9d17942efa90255c0b0f9c4367e8ee50b0b8204a2317aed1b572a134058635e	4752b191b6cb704335e30d4ceda9d139031828b03b00a0f86567b7f38c9dfa49	bc1acd641c7369de5d1fbc2bd26acd660e1fa6b274c0ba7f1a49566c081189f3
hard_role_flip_379	hard_oracle_332	full_naturalized_repair	environmental permit review	change memo review || inventory list review	B	A	inventory list review	change memo review	Environmental Permit Review - Change Memo Review	Environmental Permit Review - Inventory List Review	532	546	1.0263	yes			0	0	0	0	0.0667	0.0667	0.125	0.0588	d3147dab11c5854775fd55e8960ae7c82f02053f76576edcab93327f4fed872d	57677b2f1a17b8b20e7f76b8c2abceaf7d1adaf417535655a8e3ac03f510a67d	9ae28e441db018c84c9f41cc9b61b4071f0832411cefd659d7503f94ec3cef64	4432df4444484423b1d2c2c63680290771c22d6cbe7d78a6c166adca7fddfed7
hard_role_flip_380	hard_oracle_333	full_naturalized_repair	environmental permit review	guideline note procedure || judgment table procedure	A	B	judgment table procedure	guideline note procedure	Environmental Permit Review - Judgment Table Procedure	Environmental Permit Review - Guideline Note Procedure	560	535	1.0467	yes			0	0	0	0	0.0	0.0	0.0	0.0	3ff34fc4c48a82a37216d52defa447e2b94e16806c26bba5db0c74cb1198b7e3	03a084c803582fdb6847623a5490cef6072e105b8f035aad56f7134eb09a515c	6993cde99196e78b1cc4c1e03ddab54c7a5d29a312d8601264801a07e73fd4b0	d0697687a67e1f2cddefc02efc3ef16839a2e40cb98f541a4120ecf9de3f1e4e
hard_role_flip_381	hard_oracle_334	full_naturalized_repair	repository dependency review	review note review || row export review	B	A	row export review	review note review	Repository Dependency Review - Review Note Review	Repository Dependency Review - Row Export Review	562	557	1.009	yes			0	0	0	0	0.0385	0.037	0.04	0.0385	f54b23d2029866e3748c21471f60b17ce25dba270a2121fcbab7a8f0133ce930	d5313c4df28d1a15db90711381dd2b94f468630a1d7c97b9faad18d1d8ded1cb	f59ec7341ef458d82d0e033e7f84bbbbfd3ee148f898f803dce1bb525b2e6f38	9688b496ce013806736e8c8217305e4ed7e5f20e16ea4c5eb4cc6db636bb34a6
hard_role_flip_382	hard_oracle_335	full_naturalized_repair	repository dependency review	configuration sheet procedure || runtime log procedure	A	B	configuration sheet procedure	runtime log procedure	Repository Dependency Review - Configuration Sheet Procedure	Repository Dependency Review - Runtime Log Procedure	568	560	1.0143	yes			0	0	0	0	0.0	0.0	0.0	0.0	1b885c8804a6479156db49db6985c00b152bcec17e580ffe25e905031a1478a2	36b644dabb7065f0f12492e4da57d43f02780be484b5e36c0bb0957104731115	88de7dfbbaea58452ae95cd55a5be7c5e2b99d08a4664bb2044c2b1634dcc0a3	7c0f3f87c67f4b8647f5e128677466ca86dc90addd525ce55819782ee7e62056
hard_role_flip_383	hard_oracle_336	full_naturalized_repair	repository dependency review	observation trace || source specification	B	A	source specification	observation trace	Repository Dependency Review - Observation Trace Workflow	Repository Dependency Review - Source Specification Workflow	583	604	1.036	yes			0	0	0	0	0.0	0.0	0.0	0.0	1d995b8e15abc27a9a9dffa257cd93dbcf1d6ae336c2c800bb9aa35fd16d01f2	4e8e62f8c766618fdc3fe00611e30bcc4f4785279b9244e6289da75eb040b0bc	4110af9d3665a7f3d47d9247466e3a8be5f3fb1d6e0bf9ed3f63bb422a52e8f1	acde8f5b99301341f08df4868329952ba2aebc904fb0d4af27fcdca93e2c4e7f
hard_role_flip_384	hard_oracle_337	full_naturalized_repair	repository dependency review	case record review || policy rubric review	A	B	policy rubric review	case record review	Repository Dependency Review - Policy Rubric Review	Repository Dependency Review - Case Record Review	545	544	1.0018	yes			0	0	0	0	0.0588	0.0588	0.05	0.05	71901b01ac2637e8d60e2f8bc91ed81487babe33bcd6d793caabe0630863fb32	687e107eedb62915c6e5f943b5e4f8adc05b842ed07e40155406d0e9d8c10142	810307ed84eb4be2db2020265d35472625c4154e438fe99343422e7208d08061	2e2080a1b5d53480a3125a48a6e9ec1b7d5a85b235dfae9d0382f007c849f34f
hard_role_flip_385	hard_oracle_338	full_naturalized_repair	repository dependency review	incident note procedure || work plan procedure	B	A	work plan procedure	incident note procedure	Repository Dependency Review - Incident Note Procedure	Repository Dependency Review - Work Plan Procedure	536	545	1.0168	yes			0	0	0	0	0.0	0.0588	0.0	0.0588	c6338a8c165f48fc7e7cbe9792daeee50d972cb34f1a42d028bd80f150ae5a0c	abb6734b4f04f55488457b8f724bee414ec0a97edff067803b2c2aebbbb91d1a	cb03e2a64ac30a7a143069dabe44739f7f1ebfc98b210bd38f3b493a73d0d46e	ba0420b25c62f4a1408ce1f7a9f62b30a8281b30176114bbb007054aec202523
hard_role_flip_386	hard_oracle_339	full_naturalized_repair	repository dependency review	calibration note || measurement table	A	B	measurement table	calibration note	Repository Dependency Review - Measurement Table Workflow	Repository Dependency Review - Calibration Note Workflow	552	575	1.0417	yes			0	0	0	0	0.0	0.0	0.0	0.0	de4088efff688bea6fd427833e3834a897fb431b2654c073c342d9d0a041999e	c1842c9e4b0f4bd6085b13a76402d2fe39002ffe03aab5f6bee849435ed4dc2a	445f15396a2b646094d8f1953f01495c0dc4ac3ad9d32adf7f5146aa20c5815f	ef69e0b26751723034db937ab72c70707a07f1383e02070def0e9289927036a6
hard_role_flip_387	hard_oracle_340	full_naturalized_repair	repository dependency review	request form review || response transcript review	B	A	request form review	response transcript review	Repository Dependency Review - Response Transcript Review	Repository Dependency Review - Request Form Review	575	574	1.0017	yes			0	0	0	0	0.0476	0.0476	0.0556	0.0556	48b5212ff99fb36b7f3071fceaaa68c519742959b44d12f2b073ff4a4426cd85	1591eb88c575fbdad2ad92558e15710b3ab061561ca6d0ef1a2618ee51fa7c7a	14ec1a377ed7d37de90e19a312ce1b5e618b2a61031324ece85d657a0062f6bc	eceb4cb95a7ac9df1d1260f272d0665506742a6c4a9b0bb034f98aa82aa616ab
hard_role_flip_388	hard_oracle_341	full_naturalized_repair	repository dependency review	change memo procedure || inventory list procedure	A	B	inventory list procedure	change memo procedure	Repository Dependency Review - Inventory List Procedure	Repository Dependency Review - Change Memo Procedure	543	529	1.0265	yes			0	0	0	0	0.0	0.0	0.0	0.0588	d5095bc2df1c9897445853366ad82ead5952e412dbbeafa0d49a180929d90450	9a8facbe5d39a1e66012e6428d578f65e55518625def4cad7aa9139010da008d	f95432542e9304151c496becfba136078c91e4412417f7745dfb298a07310d36	62b767d073b023fbee69b11b545c9fa87138d6913225921e1e82046cec6046f1
hard_role_flip_389	hard_oracle_342	full_naturalized_repair	repository dependency review	guideline note || judgment table	B	A	judgment table	guideline note	Repository Dependency Review - Guideline Note Workflow	Repository Dependency Review - Judgment Table Workflow	563	588	1.0444	yes			0	0	0	0	0.0	0.0	0.0	0.0	fb7fdfbbcac8a8929a8195c76ff9b1c18b2fddcfac79a38bcba9021b3290a8fb	b6bfb39ba3177c2bce1dd1dfe6b1c7924d9263a702713722b7bbd8782b8819d0	587cc8eba14c4f6be211e4b4ab2922f9c478f0ea51c37cbcb16c35359e51f4cf	23b43522335c4ce56fa875513d76516ed0571e2484fd3084a60b87512cf9ca26
hard_role_flip_390	hard_oracle_343	full_naturalized_repair	market research coding	review note procedure || row export procedure	A	B	row export procedure	review note procedure	Market Research Coding - Row Export Procedure	Market Research Coding - Review Note Procedure	532	537	1.0094	yes			0	0	0	0	0.0	0.0	0.0	0.037	1cf472f5701f827efaa7f2d07e5cee82555ac3a3feb8907f19c9999a55ea941b	ffcb48f80c5f342b3795868c88d91f53696986fdabfab9c57b1f759c2490611e	fd7535020a88ab86781d7e6e8304efe185b95d400bb032f4579717b2015f211d	8c497be31d40e388930e4913d8fade2f05cca8f1dcde42be3959e57afe8a737f
hard_role_flip_391	hard_oracle_344	full_naturalized_repair	market research coding	configuration sheet || runtime log	B	A	configuration sheet	runtime log	Market Research Coding - Runtime Log Workflow	Market Research Coding - Configuration Sheet Workflow	548	564	1.0292	yes			0	0	0	0	0.0	0.0	0.0	0.0	688bdcdf7958a6fb20704a02222242e921a3d0ae74241099b804f7a62f360ed5	955722b38e7035dbe9463a57501bff47eea578dde256234d4fe58b788b6fc60f	2fcc9fad46ab9328fb3606ec3b6ec5c9056ddf3fbfb6321c279f4e77ad843e51	43ac7778568fc3d787f5783b27f891b63a2e12c7a14a2b957290c4b211f81bda
hard_role_flip_392	hard_oracle_345	full_naturalized_repair	market research coding	observation trace review || source specification review	A	B	source specification review	observation trace review	Market Research Coding - Source Specification Review	Market Research Coding - Observation Trace Review	561	543	1.0331	yes			0	0	0	0	0.0	0.0	0.0	0.0	c96586e1f2ae9c53f6599c668bb276108fa6becc2aedea64ee40428571047a7e	e0d9f22ba36c5e47a5e738cd490e3c63bbb421e9a300643432bc16771a45a9e1	b7c6cc26116240d184cda52b08e5ae33589968fc72fad941e731d5ec1829fe73	0073efe10668245ccc94a0c181179d22fa9fa350dded674767463f118bca6c77
hard_role_flip_393	hard_oracle_346	full_naturalized_repair	market research coding	case record procedure || policy rubric procedure	B	A	policy rubric procedure	case record procedure	Market Research Coding - Case Record Procedure	Market Research Coding - Policy Rubric Procedure	519	520	1.0019	yes			0	0	0	0	0.0	0.0	0.0	0.0	135fdb308842bbbbbf5d08b40d4e5f2cacfd37ad50d358401550dd90a4e1e936	a2f62d3450b034685b487e79b930575a960ad16fa769facc409b78f5e6b6769b	f19c773c316c94c866e264a89760c66abbc4057bdb17b5a7446b82e764c59529	f64171cc3200c918349dc8bec92fb6a627235a2efec8c941535c1f7409139020
hard_role_flip_394	hard_oracle_347	full_naturalized_repair	market research coding	incident note || work plan	A	B	work plan	incident note	Market Research Coding - Work Plan Workflow	Market Research Coding - Incident Note Workflow	537	528	1.017	yes			0	0	0	0	0.0625	0.0	0.0625	0.0	e321e172898b9785a8b4c43764a0664b11b209c09e83c310958b3461cf2c91a9	315542f58fbb900b5bad5a6664d041d1146c2249e8bd98b38baed555aca8f7ba	e45c806bf2d991b96eec3e4790228053bee49df4df79f327d9087d68e4b0c722	36afb226cd7c92399a48d2851a69951f2f33c1ce47699ac53b33d89d7a0934c9
hard_role_flip_395	hard_oracle_348	full_naturalized_repair	market research coding	calibration note review || measurement table review	B	A	measurement table review	calibration note review	Market Research Coding - Calibration Note Review	Market Research Coding - Measurement Table Review	542	528	1.0265	yes			0	0	0	0	0.0	0.0	0.0	0.0	442272f7e2cb29fa6e45cb288c496e87417ec4b1e655e65762d2591024e4c58b	aead97261d3bdf776a4272100ad1fb7b8b8f4eff3da76b89d718aa02d4a34ae0	516069077bd228246481ef488838520b6351797cea726bd53fd8fb1d30b7df10	492fd1a80a86f7514541790d1d821226305c91f72f4f514c07b42237baea4b8d
hard_role_flip_396	hard_oracle_349	full_naturalized_repair	market research coding	request form procedure || response transcript procedure	A	B	request form procedure	response transcript procedure	Market Research Coding - Request Form Procedure	Market Research Coding - Response Transcript Procedure	543	544	1.0018	yes			0	0	0	0	0.0	0.0	0.0	0.0	d84d32fa3e614df9ba212aaac731e371f107f9db2ddbf4dba953ede6ea07bbb1	6d36174e0a7a677912cf4f93c3e10378425049feb28e09fe7abbd1d766809bc6	5b8a7fdb3b19a65b24719d49a6c1ae9c4abd026d0f11b81e96a48f182ff4ff09	22b8fd25a85e8b3997239941bb606245d1e0060c8bf8232d0c0c2402564193b9
hard_role_flip_397	hard_oracle_350	full_naturalized_repair	market research coding	change memo || inventory list	B	A	inventory list	change memo	Market Research Coding - Change Memo Workflow	Market Research Coding - Inventory List Workflow	523	536	1.0249	yes			0	0	0	0	0.0	0.0	0.0625	0.0	c181d6fe49ac6140c02eb6e0b00ed16f4fb716bbe3ee60d86996a080315a72ed	813943f8fdb5a319ae5a5661fa977b93956696278e52593495ff38033a3f97cb	85e46428d88cd4f5652de406f01b1e8b4b9b9d68cb605a293b3f0ae8151812ba	90fcb9d886aff89c117e8d43604d35971826a5d47e3828d87f9a7942d722c7dd
hard_role_flip_398	hard_oracle_351	full_naturalized_repair	market research coding	guideline note review || judgment table review	A	B	judgment table review	guideline note review	Market Research Coding - Judgment Table Review	Market Research Coding - Guideline Note Review	551	526	1.0475	yes			0	0	0	0	0.0	0.0	0.0	0.0	7723d43478644a21210f4c00baa90afe14dc0dcf7ed1ac8e967c4c2e403cb616	091090ab1c7c55ba6d094f2699fd2e0f2f1ec60df042df6e1584e4f88dcafc2a	1727cc89eee96fda8cc10bfce2f05a2be3933491486152c4b64e7352006ba4d1	0dbd3de8346a2aa31538fcad1a01a4447535af325b7e98f272e2d87dc98f5cb3
hard_role_flip_399	hard_oracle_352	full_naturalized_repair	fraud investigation	review note || row export	B	A	row export	review note	Fraud Investigation - Review Note Workflow	Fraud Investigation - Row Export Workflow	540	535	1.0093	yes			0	0	0	0	0.0	0.0	0.04	0.0	a785c778c03fba108876f139e5adf1194e536e89a7189dfc95ef96d5f0f77ec9	dc21694f65cc2bb7a9e7e03634c6b63e73caa7afbeb19e0dde664632c1504227	34754f0102fa471660fcd2902a2498f60a9277a983f94d328bc54a33828c3d9e	88d723a3a65ea92d2795be7ee8f6659a992fb39637c926d066e80684385f9c38
hard_role_flip_400	hard_oracle_353	full_naturalized_repair	fraud investigation	configuration sheet review || runtime log review	A	B	configuration sheet review	runtime log review	Fraud Investigation - Configuration Sheet Review	Fraud Investigation - Runtime Log Review	536	528	1.0152	yes			0	0	0	0	0.0	0.0	0.0	0.0	5486099aba75f6c26b3461a571fee0a999fc342887b1e3f122c8476bb239430a	aedd92f748ad1a2fd3fad77d4f7c00653f5051cb9f5b63628d14cd63c94420f6	22d2e5f59c7518ad903f44031f2ef656f4b937931e0db3ace2fa43a10e988168	09998164f146ab868357912162a91b04cfecafba8e048055fe322fadb26970c1
hard_role_flip_401	hard_oracle_354	full_naturalized_repair	fraud investigation	observation trace procedure || source specification procedure	B	A	source specification procedure	observation trace procedure	Fraud Investigation - Observation Trace Procedure	Fraud Investigation - Source Specification Procedure	530	548	1.034	yes			0	0	0	0	0.0	0.0	0.0	0.0	ded72e2fc578f636ddab4514d629a0be9222d90bbd555ef3a7117e134438cd77	c7838480fd6a53c3709c0a3fa10e8c6865e384d7868f75c9f543b43d54f6b0a1	f2aa12d4573837fe8bc35d77a11ae230ea985f97f12e9a3e0fd0a3dc0e219611	e3688a37d5df9c9f9b139044117cba25ce1b9630025318161edc48543a0bc5b1
hard_role_flip_402	hard_oracle_355	full_naturalized_repair	fraud investigation	case record || policy rubric	A	B	policy rubric	case record	Fraud Investigation - Policy Rubric Workflow	Fraud Investigation - Case Record Workflow	525	523	1.0038	yes			0	0	0	0	0.0	0.0	0.0	0.0	651faf0b5a4c1ab40458eba2a8305b6a24a992a4f45a084c75e7d1f0ce66ff88	e29555fbc09c1e0228105c8e0ac9af7b9301ef7a6c4c2f8ea502d476d98091df	95fb308e2e780a20803dae5483cda720b08e57a32b30f31dc11e2268e211f158	011c02668659c8367f8d3b4d778044508dabf227487c1e39998b7dd399af36e2
hard_role_flip_403	hard_oracle_356	full_naturalized_repair	fraud investigation	incident note review || work plan review	B	A	work plan review	incident note review	Fraud Investigation - Incident Note Review	Fraud Investigation - Work Plan Review	515	524	1.0175	yes			0	0	0	0	0.0	0.0625	0.0	0.0625	cee11c7d2d2689d23189181c2dd99951785f5cc10373991ae2c0da9055bd7e7a	53b3bfbb0ad4c4a97648392a7e982e9662152655443ee51af2a5d8935201b95c	81c07499d5e6a1547d41b6b22b38fb138596e6c5a4914e47cbfc89c11e51a8c6	9fa28226e6231a130690c3e5ad90989df79de7dc791702aa20bf7fa55a212236
hard_role_flip_404	hard_oracle_357	full_naturalized_repair	fraud investigation	calibration note procedure || measurement table procedure	A	B	measurement table procedure	calibration note procedure	Fraud Investigation - Measurement Table Procedure	Fraud Investigation - Calibration Note Procedure	520	534	1.0269	yes			0	0	0	0	0.0	0.0	0.0	0.0	2608bbaad7a8df7a45177a745c06119d02c4996b86f8d26aebb4c2767bcdec31	68d741296b91948a411792f156b5ae8768197c50a5c30a3d6fc554a92a0aebf2	48755400544407b5f780476eb056b7259f74ddf789ce758eb294c122ab4ecee2	191026d2d89d5c0b87a3762556fc57218aa2ba234446a71fb798b2aadaac622f
hard_role_flip_405	hard_oracle_358	full_naturalized_repair	fraud investigation	request form || response transcript	B	A	request form	response transcript	Fraud Investigation - Response Transcript Workflow	Fraud Investigation - Request Form Workflow	550	542	1.0148	yes			0	0	0	0	0.0	0.0	0.0	0.0	8cc94498a93680d28b41f20e5737b65d14a781a5366bfe79a2e5f686fad1bc03	a3ba76bff697082a7bfeb7a5ee3420b8a018fcbfe958f2db26cce4eb749fd5db	f1a11203dc61619789bfb23e6d480f03609dcd90b2af7717c0ea020d3119cf5d	8ba48cb1ea2eb024206dc3f0fe4a0f517d366947483ebb230e7ba5d1138d76fe
hard_role_flip_406	hard_oracle_359	full_naturalized_repair	fraud investigation	change memo review || inventory list review	A	B	inventory list review	change memo review	Fraud Investigation - Inventory List Review	Fraud Investigation - Change Memo Review	522	508	1.0276	yes			0	0	0	0	0.0	0.0	0.0	0.0625	baf97e5502bcc409a8900477f898fb9275fe8dc142a8d005b96aab7dd6ca682d	8583779dfda3e4e7473f0e807ad29864d8a7ced773ab287b5a034cd9f9f6f937	80715842cce948f9c8fa6fe7654ebe96d7aa88ada270009dcdc467fdb80845d3	c3d8a1302bf04ec2e4aec48b6c756e88dc955772bca1d118fbe496e2a64ad0f7
hard_role_flip_407	hard_oracle_360	full_naturalized_repair	fraud investigation	guideline note procedure || judgment table procedure	B	A	judgment table procedure	guideline note procedure	Fraud Investigation - Guideline Note Procedure	Fraud Investigation - Judgment Table Procedure	513	538	1.0487	yes			0	0	0	0	0.0	0.0	0.0	0.0	b444fa6247208e3678d4b78feddadaf74d58298ce8b24d2744b69cc0c56fb9a4	5f7c50e0fa4d27cca37abacd8278f8f8104aec20be035e33c2c6c900915004a3	3077dece23dcc3299c0427fbbaf27d07dd9fdae55b2dbf7d2f700dd1353ec323	36c37cc460f8da0c3f15fe40a0823a4a41fd2a731c9461699d64b3eda99e4837
hard_role_flip_408	hard_oracle_361	full_naturalized_repair	medical claims coding	review note review || row export review	A	B	row export review	review note review	Medical Claims Coding - Row Export Review	Medical Claims Coding - Review Note Review	534	539	1.0094	yes			0	0	0	0	0.0	0.0	0.037	0.0385	b19a013b749a65168229c6803ef7b21680eddbd35ae8592787b63c2dc8ea44b2	e7bc4b5a6778aee5eaf9718c696092adc83fb8c49c9457d67e671e8228f39208	68dc186459054c05876cac701fb9b4fb968795358bd9fe04e302f6c2bc108ddc	f3a3eb6140b5260ef0da0ead7d16cbddbf5ac8621c2c11a34177270bcd3a1c43
hard_role_flip_409	hard_oracle_362	full_naturalized_repair	medical claims coding	configuration sheet procedure || runtime log procedure	B	A	configuration sheet procedure	runtime log procedure	Medical Claims Coding - Runtime Log Procedure	Medical Claims Coding - Configuration Sheet Procedure	538	546	1.0149	yes			0	0	0	0	0.0	0.0	0.0	0.0	d06d5b90a9808127870ac823dd8893d7c0f46c5848e109ae1f19cec15a461180	9b095d08acfab0eba93bf67408fd0d1b79d75396b69797a77c41c21f7372f66a	ec6c9f70a78976ed828fd76d0d5ba17e55e03311f1be99a4a67ef8464016f608	82b9158b7d9e8b835c46b965f28ea1a1e642a7ca1bdc5e21df459db946b0edeb
hard_role_flip_410	hard_oracle_363	full_naturalized_repair	medical claims coding	observation trace || source specification	A	B	source specification	observation trace	Medical Claims Coding - Source Specification Workflow	Medical Claims Coding - Observation Trace Workflow	578	557	1.0377	yes			0	0	0	0	0.0	0.0	0.0	0.0	f0582c78e395766122e5fedbce4f45826f239b6d38f97f212758c25586a04553	988e51c9e45bdc9c1d48c8eea29e4593a98039f5d269d98c0738c5e1cdf7b171	34f15948e073d274afa739d64adbe7f3dd87341a29fab0a7f60c14d0eb357102	96b00c5718ad15e9d2ae8f550fcb4c831b8e5d4f51e75a32687b26b254044493
hard_role_flip_411	hard_oracle_364	full_naturalized_repair	medical claims coding	case record review || policy rubric review	B	A	policy rubric review	case record review	Medical Claims Coding - Case Record Review	Medical Claims Coding - Policy Rubric Review	521	522	1.0019	yes			0	0	0	0	0.0	0.0	0.0	0.0	df3b981876d97a48aa383e7816b2a39ab132def674d4c1885d2bd0059bda7ede	d556fcb7fc40496216f1ec18a70d4b8bb21b73d095d8b440808ad94bdf46243b	d9ca1e55d177f78e0eea7b5e9bad9e4536f58ed743dc4bf42b0baef9a1973933	2cda9d240a27b5d8cd0e2200129792e827cf3eb6ee7311d1b713e0587ef88ab8
hard_role_flip_412	hard_oracle_365	full_naturalized_repair	medical claims coding	incident note procedure || work plan procedure	A	B	work plan procedure	incident note procedure	Medical Claims Coding - Work Plan Procedure	Medical Claims Coding - Incident Note Procedure	529	520	1.0173	yes			0	0	0	0	0.0588	0.0	0.0588	0.0	9f4b9036fd4fa6e6eee87fb8854b63043b21df52a81f89d515bfc6e59a803db9	7331e91439bed64c4604d8be573119b024a4963c19267e4a2bee428de25a6261	8547d619ddb6a62501fd9fe6bfd0d82130cc08f2caf40fe2d27cbf10f6be48c9	43367ff21e3d8dc9295a97608fe37b2626fd684757161f809d6d6aba50646a11
hard_role_flip_413	hard_oracle_366	full_naturalized_repair	medical claims coding	calibration note || measurement table	B	A	measurement table	calibration note	Medical Claims Coding - Calibration Note Workflow	Medical Claims Coding - Measurement Table Workflow	555	538	1.0316	yes			0	0	0	0	0.0	0.0	0.0	0.0	8544a60d0439c95cd201dd35db5c11e2e39cae594f6b791ea49012de01c59235	64754186a9b3a464523b1cb41499878c416ce59d54cd58d5e545ab4e832ddcb1	0e4f231cb3429a546ceae6d1fdbc394279a2ea6a08f55edcbe0b2e3498787b74	1f78cb2993e664bacb0d83e4626ec1a87007640e604f4630b70b2a3dc9f8cb15
hard_role_flip_414	hard_oracle_367	full_naturalized_repair	medical claims coding	request form review || response transcript review	A	B	request form review	response transcript review	Medical Claims Coding - Request Form Review	Medical Claims Coding - Response Transcript Review	545	546	1.0018	yes			0	0	0	0	0.0	0.0	0.0	0.0	6669a4eb17f5670d0f284c8781487c54dbf50f682c0ef55303fbd84223c1e0d0	e51187365670d7584d59a9b54d1fc6ca7a25bb59b069b66cb9074e1c74c4eabf	69d733806a793f07fc1913e4ffbc33592f3be1aaa47c15870f44b94e0b6b4b59	3cf5cb7ec8d9579ab1c5126501fe7110512ada2b2fb8f4adfa117bcd990e5cc9
hard_role_flip_415	hard_oracle_368	full_naturalized_repair	medical claims coding	change memo procedure || inventory list procedure	B	A	inventory list procedure	change memo procedure	Medical Claims Coding - Change Memo Procedure	Medical Claims Coding - Inventory List Procedure	513	527	1.0273	yes			0	0	0	0	0.0	0.0	0.0588	0.0	6d397304b021ad30afa559624c2c1bb7ffc91d68d44474f58dae7954b2e39637	f700764c53fec87068813a5971c9d8dc40dc385e870d34df7c359c798f31dcdb	ce163f2ff878ef3444a3be60ada8dcc83de6cdceb7b36a807d916bd75fc89718	8ad59a31e1bc42392cb66fcb636c7efee48d2baab1ae07a938f0f38738543a53
hard_role_flip_416	hard_oracle_369	full_naturalized_repair	medical claims coding	guideline note || judgment table	A	B	judgment table	guideline note	Medical Claims Coding - Judgment Table Workflow	Medical Claims Coding - Guideline Note Workflow	562	537	1.0466	yes			0	0	0	0	0.0	0.0	0.0	0.0	99f2d4f88b53297fc0b77f7478f3d424bddab7e84ad631a93287ee2eb6633bb6	a5b6948bfd7bc6ff5c29cccf00e8c672b3bd4c61d9c17f1e20a8545ce7cd87d1	84fab04c405e8ca67e012e8a7ae93571dc85a54698314d945974c94aaa555881	63731888e9ea0788de42eef4c05ac5f5d058f39a0938862cb820736c1e30540e
hard_role_flip_417	hard_oracle_370	full_naturalized_repair	sales pipeline inspection	review note procedure || row export procedure	B	A	row export procedure	review note procedure	Sales Pipeline Inspection - Review Note Procedure	Sales Pipeline Inspection - Row Export Procedure	549	544	1.0092	yes			0	0	0	0	0.0	0.0	0.037	0.0	30a78aad42ca5f5ee862c6fefdda22471c4a6ba3c195af9900b5de0f2b8debe1	0ab87f1c878ce50183513af24224397e7d38d263e1ee54d4f2fde85ad5618cda	a2f4de843fdc171016ef82b7b62d6ff68cfb5852294e116fbd7b737092e50f2e	0803f802db780682de3dd330da838a5b631d22959e029b5b3faa3637e7431e70
hard_role_flip_418	hard_oracle_371	full_naturalized_repair	sales pipeline inspection	configuration sheet || runtime log	A	B	configuration sheet	runtime log	Sales Pipeline Inspection - Configuration Sheet Workflow	Sales Pipeline Inspection - Runtime Log Workflow	579	563	1.0284	yes			0	0	0	0	0.0	0.0	0.0	0.0	e60037eafaca7a36152ec7c65614d99b8b00da26bd8aaed9098506c24b8f8cb1	e9e4c3ee6706056dfb164012f9ba974c6fd00eb662ebb6e62ea1735a47d181b2	5bb9650b4d15b1bd11cb2cd6ca3345c03fa7ef54f42dadd44ffa9a6605407651	e61e8fc03a2b2e4f7e3841c8c5a895a93d90664e511cf29502ede2f17d8e3ef1
hard_role_flip_419	hard_oracle_372	full_naturalized_repair	sales pipeline inspection	observation trace review || source specification review	B	A	source specification review	observation trace review	Sales Pipeline Inspection - Observation Trace Review	Sales Pipeline Inspection - Source Specification Review	558	576	1.0323	yes			0	0	0	0	0.0	0.0	0.0	0.0	ce3a51b960627747b23056164394a819c3835cc2f868ae7225de2ec272f75400	5bd6f2fdcad0f0b8b3b29c5fbec391ec0df37f85e5d9f0fac0e147ca9dc82abe	332150389bf56662f6baa0e08b75ec4b5629e9b2dc10f0d9199256b1c60ff502	72721dc20d9f15d90596ee40fa6fed5a209d7c7608d9f5bbc607fde0dd7f7a0e
hard_role_flip_420	hard_oracle_373	full_naturalized_repair	sales pipeline inspection	case record procedure || policy rubric procedure	A	B	policy rubric procedure	case record procedure	Sales Pipeline Inspection - Policy Rubric Procedure	Sales Pipeline Inspection - Case Record Procedure	532	531	1.0019	yes			0	0	0	0	0.0	0.0	0.0	0.0	853c2277befbfec6272b3c1e84490f3f3bf394b0284a59db494903c3674aad99	c8c49fbf04a00a6fe24f122ea2292e9b9186488ca146427cf077fb3d1cd71ce1	013a25e27fd91fa7645782535a6d69b9154a73c5132f1e41518ae6b5e184a526	9018f1b7afa570a6f62b9184365c167db3b92143c1a23812056d11165f2e5d6f
hard_role_flip_421	hard_oracle_374	full_naturalized_repair	sales pipeline inspection	incident note || work plan	B	A	work plan	incident note	Sales Pipeline Inspection - Incident Note Workflow	Sales Pipeline Inspection - Work Plan Workflow	543	552	1.0166	yes			0	0	0	0	0.0	0.0625	0.0	0.0625	a446867f5748e413cdef7fc01d95c2bef2907cfac237a00c4710e23d66af7c22	7442a4f612d4d95900424ee64e4267a3d3ef5950e5d22fbc45a9947217d61ea5	a4842de61fe650c1a51656eca470e661cde696554453aebd3c3e392e51cf244c	a2c26329828d584353a27eb71435a300a609ebc9dbf448704f688fcf3ad4ff76
hard_role_flip_422	hard_oracle_375	full_naturalized_repair	sales pipeline inspection	calibration note review || measurement table review	A	B	measurement table review	calibration note review	Sales Pipeline Inspection - Measurement Table Review	Sales Pipeline Inspection - Calibration Note Review	543	557	1.0258	yes			0	0	0	0	0.0	0.0	0.0	0.0	d65ba2dc183718ab0650961fcc499e84b364d312d1200f8034d2a15f244e89a2	2dc5dc08ac42be81e56a36d7abbe6f7d1d8970e2a28ae220ee9583646790bba0	1eac3ff730a80df8e34a3c6043bd9d705df9c88e33c739210cc64b6afe6a180f	841b9a30029354488d9b57c0a6e2d293d8eeba231ada51874bcf328f27a06f03
hard_role_flip_423	hard_oracle_376	full_naturalized_repair	sales pipeline inspection	request form procedure || response transcript procedure	B	A	request form procedure	response transcript procedure	Sales Pipeline Inspection - Response Transcript Procedure	Sales Pipeline Inspection - Request Form Procedure	556	555	1.0018	yes			0	0	0	0	0.0	0.0	0.0	0.0	c22898acbdda968e7ccaf0a076fe3c457dba90bb7e6a5bef19c01e2d4659b772	c562e16502bd8378f523779f55f455d72b1ab06c06c8962897421c0413c4a79f	0caaa025a44ecbeda1edddf0bf6511b67fa66919d30b42b81e3b4f85280f9518	766e92ac8dd817770a43a114086893475fd68a803c694f659530d465a987d7d9
hard_role_flip_424	hard_oracle_377	full_naturalized_repair	sales pipeline inspection	change memo || inventory list	A	B	inventory list	change memo	Sales Pipeline Inspection - Inventory List Workflow	Sales Pipeline Inspection - Change Memo Workflow	551	538	1.0242	yes			0	0	0	0	0.0	0.0	0.0	0.0625	62b69b3ab445e62f5dd398bbb748e425449399e07a63a5e18624ad776ffa3bfc	8ec21817433fa97361daa3d311bcd45562ca52ae9fe474d3ccf2bb6056602a2f	49f2e4126ae302223eda54654bfb0a1f9127ccd7db959967d6a8f9820907e7c2	2941cd8f3d965b5ccff7362b930bb7414c9e0eb43c236b6ebca71bc85bbd9776
hard_role_flip_425	hard_oracle_378	full_naturalized_repair	sales pipeline inspection	guideline note review || judgment table review	B	A	judgment table review	guideline note review	Sales Pipeline Inspection - Guideline Note Review	Sales Pipeline Inspection - Judgment Table Review	541	566	1.0462	yes			0	0	0	0	0.0	0.0	0.0	0.0	96eb9e7bfc180bcab8ff11793ea274c5605d62f4a2b78595aa5c145f93d4a554	4d5f90e90999e5b1ea762199ec398e4ef795ffc3eb7cc75642c388f12a3ddd2b	cc153b737563db363e38abdc2058afec8fa33621c4c0b45e77c1acef18498106	ec5a4c86656169402449aae63b3a75316680da93ea8b489a75d095bcd3f68193
hard_role_flip_426	hard_oracle_379	full_naturalized_repair	retail assortment planning	review note || row export	A	B	row export	review note	Retail Assortment Planning - Row Export Workflow	Retail Assortment Planning - Review Note Workflow	540	557	1.0315	yes			0	0	0	0	0.0	0.0	0.0	0.0385	06e42ca7b715726e35111e95601026e9f8bcc59bdb1e3061a1f3809ab42f67a6	893963c962ea65e26685f97c0273107f700ad8015ec915b96c5e5cba75885756	1ed2bb4d24eabc5727b362fcac9670a2b1bc145451cab922db533d15aa2bdd72	b3e8247375d7b605ad085a8e46aef61fc53484118ea9e9cd0ed5e745d3f50c20
hard_role_flip_427	hard_oracle_380	full_naturalized_repair	retail assortment planning	configuration sheet review || runtime log review	B	A	configuration sheet review	runtime log review	Retail Assortment Planning - Runtime Log Review	Retail Assortment Planning - Configuration Sheet Review	559	567	1.0143	yes			0	0	0	0	0.0	0.0	0.0	0.0	89934d3b489f2412356863fdaa43470bc739287f66eabe02fcc5799022033096	469bc7fe10e3c1ede933d551d7eb8b9f9ee8d0104f53b39f5f085c92eac711a3	d123f89b046e28b9044a23fb7afee283d693b0d2fde775573b5870e3e2fc0af2	b6eb97153f7bb6523d77d6798b6dd4311c124c5c2b72c6d52578638ace0fc80f
hard_role_flip_428	hard_oracle_381	full_naturalized_repair	retail assortment planning	observation trace procedure || source specification procedure	A	B	source specification procedure	observation trace procedure	Retail Assortment Planning - Source Specification Procedure	Retail Assortment Planning - Observation Trace Procedure	572	554	1.0325	yes			0	0	0	0	0.0	0.0	0.0	0.0	35534e61cbe3a9c968c1f65c8876cdf791c3d9801bd55e551c7fa4f443f6aeb9	02e66412cabb5bba1c5312577d2165496381dfd57f6f0ff39653031e3ce37a02	479a4836f27fe97471196fd437f67b8ef758259ceb39afb6fb80183722975a60	d3079c45411f6abd8d719679224f7857e8bacdc946f6d3a29e6feef68e2e41fb
hard_role_flip_429	hard_oracle_382	full_naturalized_repair	retail assortment planning	case record || policy rubric	B	A	policy rubric	case record	Retail Assortment Planning - Case Record Workflow	Retail Assortment Planning - Policy Rubric Workflow	528	542	1.0265	yes			0	0	0	0	0.0	0.0	0.0	0.0	efb2319b964f2fc13f9d4a8b1f8f968f9a03cac14fd746f5c90f33b1d5f0b774	1eb7844760d0480b165b16494bdd424e9b22b4afa573ac6546582bc782e1647c	413dfd7ae5dcec056d3ec53597d129a4fcc215faf0343908c026c6b0baad4d3a	22b7b94018bac4aa8cbaf9b18fd5842729d00219735bd46e4be891f87c43cd18
hard_role_flip_430	hard_oracle_383	full_naturalized_repair	retail assortment planning	incident note review || work plan review	A	B	work plan review	incident note review	Retail Assortment Planning - Work Plan Review	Retail Assortment Planning - Incident Note Review	543	534	1.0169	yes			0	0	0	0	0.0588	0.0	0.0588	0.0	01ddd9058b856eb98513226c4745aa21998a6c61ab4a3f92cce8995bc42223a7	aaefdf991207544dc67f853f70b3166b3a4b2bd123e83d7f2ea914c92f21967c	027dae06d6c9e0a307a1ce015e763338e72023393d60d898c156d1ea783a4db1	08a9252d7bc0b154d5bfebb7e73084f62af530cf5a0b56a831c48acf0b5c87cc
hard_role_flip_431	hard_oracle_384	full_naturalized_repair	retail assortment planning	calibration note procedure || measurement table procedure	B	A	measurement table procedure	calibration note procedure	Retail Assortment Planning - Calibration Note Procedure	Retail Assortment Planning - Measurement Table Procedure	546	532	1.0263	yes			0	0	0	0	0.0	0.0	0.0	0.0	eb772564fc892b3a2553558651481601724da04b87a1b4c5160f045945ef4025	a5c08d04c3dc666447ced49b9b39b8dc3879154f9ce5d15e69a938060703ac90	84fbe721a15edd958a81a3248a9c3a8de4ce7f38a6bea70a124cacba24601af5	73094812e8e9acf3b01a78bc0f46c81673b32545c3eae7b0f83783f78f416f3f
hard_role_flip_432	hard_oracle_385	full_naturalized_repair	retail assortment planning	request form || response transcript	A	B	request form	response transcript	Retail Assortment Planning - Request Form Workflow	Retail Assortment Planning - Response Transcript Workflow	571	579	1.014	yes			0	0	0	0	0.0	0.0	0.0	0.0	e39067f97350fbe2356a812c365754c083c1debf8392fa618842665dce1436e4	0e908d7604a142ee8f0bc0cda93387d91ebc8afb971ccf2fb5430b8d7a5736d7	562c2c77ba0fddde2dd147c49774daaa5377e1459a64460ecad41a1b505283a6	654d5fbfca16d12c860d563ecee6428d9751d7c3587c4177c6006f3eeb8aac48
hard_role_flip_433	hard_oracle_386	full_naturalized_repair	retail assortment planning	change memo review || inventory list review	B	A	inventory list review	change memo review	Retail Assortment Planning - Change Memo Review	Retail Assortment Planning - Inventory List Review	527	541	1.0266	yes			0	0	0	0	0.0	0.0	0.0588	0.0	92d3ae58d4e467656d3d18936644de7b037ca2a9a753d86e78a5d7556a949705	42014aeaa6926716eda2ee1c19790bb14765e03a24ad535323909794e25c8bb4	8cf455c5c22b7b7bf5bcf3925a6db5619e19580c36c6d524f960b343899a3b61	47c1c2f07a9c949df64f42eb59d88dbf7a92b12e95ef52fc3180b0333e5cf543
hard_role_flip_434	hard_oracle_387	full_naturalized_repair	retail assortment planning	guideline note procedure || judgment table procedure	A	B	judgment table procedure	guideline note procedure	Retail Assortment Planning - Judgment Table Procedure	Retail Assortment Planning - Guideline Note Procedure	562	537	1.0466	yes			0	0	0	0	0.0	0.0	0.0	0.0	1b0b6d61db2c107cae8db95ad600159211ac35795135d4f65ed3136cd8a195ec	98c32e2602dd13ee2ba7f23a0522b419e79a758603d0b928c9af0f24f5967f40	fc1ca0838ece9a9d569ac132a7ba52783a7822a7a0c9ba19f9180ba8760cf11e	7f51ffc9796fd6640f257c76b99c146625c6959dba1aaa77c99cdb8d57acaad9
hard_role_flip_435	hard_oracle_388	full_naturalized_repair	academic manuscript screening	review note review || row export review	B	A	row export review	review note review	Academic Manuscript Screening - Review Note Review	Academic Manuscript Screening - Row Export Review	568	563	1.0089	yes			0	0	0	0	0.0	0.0	0.0385	0.037	ea95550504ab9675f74e13a6672fe26a90413d3c973556bb8c0c1e426d06f5a8	35b94ad015931ca61592d5103319cbbd0a40b6400cfcb27ebbb420d87ecca012	2a8f07012a7d165ade8b7505886ac89e2c56daff63f577983c2b4dd55e76ae04	2bf6136df45edeb50cec48b42993d281db731b8d5a6b2e70555f2be92d387c8b
hard_role_flip_436	hard_oracle_389	full_naturalized_repair	academic manuscript screening	configuration sheet procedure || runtime log procedure	A	B	configuration sheet procedure	runtime log procedure	Academic Manuscript Screening - Configuration Sheet Procedure	Academic Manuscript Screening - Runtime Log Procedure	570	562	1.0142	yes			0	0	0	0	0.0	0.0	0.0	0.0	06881ac312ecd90f091d77c6629fa0b7fed99c6a37cd5079702e2e2839ca39f5	647d104b5faa85a17fd14a6bf0a3d0550af804cb68c3c130d2fdab4b47b378cc	511fe59b2094a6371c092055db454263b4002fa3adf510c5cf477abad3a8df68	4e75d0e505097d663663e24a6b11fe2aee139da225f6c234beb08fdf9df50519
hard_role_flip_437	hard_oracle_390	full_naturalized_repair	academic manuscript screening	observation trace || source specification	B	A	source specification	observation trace	Academic Manuscript Screening - Observation Trace Workflow	Academic Manuscript Screening - Source Specification Workflow	585	606	1.0359	yes			0	0	0	0	0.0	0.0	0.0	0.0	fce6133bc10dfd012fa0f7c5e3d7f2ce469a4d8d4eaca28122a0ff50ca65c11b	fd955e53f1e93a4eb013145e91db2bdd2b32b1982596209bcee73ba450e7b85e	f49587738850eb9fe11ff8e848d4a6ab67ef55c876d8576b681d5fb871c9ab62	8fb8a6671a6d72edf6c8db06bed58b84b0305c2b2857306381e13fe3500d4da4
hard_role_flip_438	hard_oracle_391	full_naturalized_repair	academic manuscript screening	case record review || policy rubric review	A	B	policy rubric review	case record review	Academic Manuscript Screening - Policy Rubric Review	Academic Manuscript Screening - Case Record Review	551	550	1.0018	yes			0	0	0	0	0.0	0.0	0.0	0.0	f30a18af1fd82a660cc9becbced9dd6302241e41da98cc69ce16fe05a184007e	dc25e608217153093e74c00e496800f9fe7714d777db13776620562ca311b603	39e177628daf3fce718e373ebbb6664addabdb6a73118006410e98d1032c5851	4417ce2b70ab396066d66ff9a10ed250765c66075e5862f088056fb8a6118a72
hard_role_flip_439	hard_oracle_392	full_naturalized_repair	academic manuscript screening	incident note procedure || work plan procedure	B	A	work plan procedure	incident note procedure	Academic Manuscript Screening - Incident Note Procedure	Academic Manuscript Screening - Work Plan Procedure	541	550	1.0166	yes			0	0	0	0	0.0	0.0588	0.0	0.0588	11e7d33b27d572e034721541b3b6fb389ef283cd7a1041209c835af14a0a0067	aeff080174ff1113087ba067850e15d5a674549d5535681876790f752bced26b	14eb5a490755e55c6bf10bcaa9331495d78765ea1d8e776097a31cbd1db146f0	ae302343f00042e68c19563ebc9bce2a751e34588cd4d9fbda5245487541dac9
hard_role_flip_440	hard_oracle_393	full_naturalized_repair	academic manuscript screening	calibration note || measurement table	A	B	measurement table	calibration note	Academic Manuscript Screening - Measurement Table Workflow	Academic Manuscript Screening - Calibration Note Workflow	560	580	1.0357	yes			0	0	0	0	0.0	0.0	0.0	0.0	60051d528cbb95f4e6c0aa42ca797b5061f1645ae9f3406a2baeb183d29d4b45	16720ae7caf10da73a5178211dbba0d1f4d07cd8dfa00a739318c63fc8caae2e	0ee858a05019c54df31ee1f5227d1edd8a50a1c46fa8e94ee445ae389f2cefe1	83f7b29a6f9ce3054ad7d725fc82106f2a2c8181cff8f8125827365f6681cd97
hard_role_flip_441	hard_oracle_394	full_naturalized_repair	academic manuscript screening	request form review || response transcript review	B	A	request form review	response transcript review	Academic Manuscript Screening - Response Transcript Review	Academic Manuscript Screening - Request Form Review	578	577	1.0017	yes			0	0	0	0	0.0	0.0	0.0	0.0	c621ca556edeb73d5ded2fd75bccc7c987702b2c3246ec48ebce2c9e6d3eda2d	e2c256eda2f779465117a0848ea341cf31b49d3cfa266ccd21445fc2cf84072c	6cbe030a1c162d97283e4dd79d9dd92e9c183ed80c39d7f0e1a659fc55a9a3fa	667b93baddd1e03dde29e136ca84b98f5e4297bd1e096229395b206381881637
hard_role_flip_442	hard_oracle_395	full_naturalized_repair	academic manuscript screening	change memo procedure || inventory list procedure	A	B	inventory list procedure	change memo procedure	Academic Manuscript Screening - Inventory List Procedure	Academic Manuscript Screening - Change Memo Procedure	548	534	1.0262	yes			0	0	0	0	0.0	0.0	0.0	0.0588	89308ec5a83b235d5eee26668dd6c72d4b5ec97787dc722d2e269311ff51b7b4	14404fa0b684d8cb121b08f71c956f52b2e1240d06ee9ec15ba8112cd8849dea	843082e611e660a7d99a50ac70d6989143c0c79875709d58189a166737c9f2e6	0de8825af7cf2ed6af42a1e82665a676ba5b71b6f245b0ba1761795fb4078fe4
hard_role_flip_443	hard_oracle_396	full_naturalized_repair	academic manuscript screening	guideline note || judgment table	B	A	judgment table	guideline note	Academic Manuscript Screening - Guideline Note Workflow	Academic Manuscript Screening - Judgment Table Workflow	565	590	1.0442	yes			0	0	0	0	0.0	0.0	0.0	0.0	c684c8ba25091efc8a8426a2a05fad74bdad2cb2d34c6ca8cfc2d9f5ab2f3036	af02e414c21ef7a35b3e7f600cf76cd16bbcc6f4eb9ba242d306c8ae10fb8a18	3a36f7c6422f09ecd202d965ed9cd495eefcaec63759af4be9c09ada294dc4c7	ac1e2c4df695588deaacb2a14ade77f09af993645cccf8c509aec984af939856
hard_role_flip_444	hard_oracle_397	full_naturalized_repair	incident response handoff	review note procedure || row export procedure	A	B	row export procedure	review note procedure	Incident Response Handoff - Row Export Procedure	Incident Response Handoff - Review Note Procedure	539	544	1.0093	yes			0	0	0	0	0.0	0.0	0.0	0.037	43cd5c26c9a21d33ba3d72b1e3050d9a454292a3f8eae8bf8ebbae6e3abef01f	6deac8adcf00f58723b7cc661c52c2662375eeadf3fe0f9ca88328c0e92be80a	14c786a2f5a5cd4e11bbe29dd7c3fb0e7bf162e4ab03834b7760836701c3ad60	1f601eeb6d50873a582afa3ee810a9c2376df107841f7d97884507f79688e8a9
hard_role_flip_445	hard_oracle_398	full_naturalized_repair	incident response handoff	configuration sheet || runtime log	B	A	configuration sheet	runtime log	Incident Response Handoff - Runtime Log Workflow	Incident Response Handoff - Configuration Sheet Workflow	566	582	1.0283	yes			0	0	0	0	0.0	0.0	0.0	0.0	3c5f0cbefcb3e34543a0bf9f5bcb7fc152b74017989af1fe28bab13379ff2f42	e09eb7d4328bb38cfb29e553d73339b8e7c32186f0f25898d4a46b38a47be3e0	1c6bcadce54a2b663385bf072d9dc1dcc20199215fbdcca50c6bc9a3ce8a0ca4	f9d6e8d2da16d954be422ce21d9c9e49d290c7420dbac32d899becb3009cf173
hard_role_flip_446	hard_oracle_399	full_naturalized_repair	incident response handoff	observation trace review || source specification review	A	B	source specification review	observation trace review	Incident Response Handoff - Source Specification Review	Incident Response Handoff - Observation Trace Review	578	560	1.0321	yes			0	0	0	0	0.0	0.0	0.0	0.0	57594f460ffc78400fd66516c126e472bcd1061921578f2ee2b0ae22f04740b8	5bc7b15601ecba020f09dbe04a0ecca4b7ccdfb192564f04e2543b8043e9fcdf	30c0b4c77c5dbf79c097e9773ecde3bf13ea78f7c6535a794ee6f79735d2b1dc	a494d6063fded90d605d641e69dbff340a435d695e22d8ab4b527d9a347a90f8
hard_role_flip_447	hard_oracle_400	full_naturalized_repair	incident response handoff	case record procedure || policy rubric procedure	B	A	policy rubric procedure	case record procedure	Incident Response Handoff - Case Record Procedure	Incident Response Handoff - Policy Rubric Procedure	526	527	1.0019	yes			0	0	0	0	0.0	0.0	0.0	0.0	0584d4ce18a2cb306c4368bed0282b8c1b8ac3f1d0a60593298b760a1d791794	1ac3a22ffc0dbe9e9550a55c74f114944de5cb47d12798a81bd23605993cd5f8	ad909a6c709f0f6ddcd151cbc31dba133406606b5ad5ad124d0ae052fe4c8497	e137ea4136324e95d18df11378856c0bbdc96b544ba8896ffb69f3af6a961606
hard_role_flip_448	hard_oracle_401	full_naturalized_repair	incident response handoff	incident note || work plan	A	B	work plan	incident note	Incident Response Handoff - Work Plan Workflow	Incident Response Handoff - Incident Note Workflow	548	532	1.0301	yes			0	0	0	0	0.0625	0.0625	0.0625	0.0625	5ce7d0b8981e2a65ffe6b638dd6b64926e268f045544d74bcd39530a66e14fb8	79fa6bf2662eaa5c44ab3c6c3e7a3719202ea751d42aa3b3fd354f332f0b3f2d	dd46f80a4e27f66d6bbacb7abfcd036d0ac573fb7b330ab3b07b8b19cc0eaa8e	eb36ef236e5393c7d37a44fc427ce5cfd7bc8da3c41d6984ff33970a2903bd07
hard_role_flip_449	hard_oracle_402	full_naturalized_repair	incident response handoff	calibration note review || measurement table review	B	A	measurement table review	calibration note review	Incident Response Handoff - Calibration Note Review	Incident Response Handoff - Measurement Table Review	552	538	1.026	yes			0	0	0	0	0.0	0.0	0.0	0.0	cf4c9540d09cd3f315a0e8200d266c5929a9656133dbeb8ed1ad1e4a9949bca3	742d99439fe83a582cf505c230521e83350219256e5a038c34fd21dd5e10c3d1	f76141be822d29912a2e286096f881ddb79aa7c834954f5a6e4ed8d5df628854	761e161402af4ab31ea906993ca8a576d80900a527bb84ff2f4c1246033b9a5f
hard_role_flip_450	hard_oracle_403	full_naturalized_repair	incident response handoff	request form procedure || response transcript procedure	A	B	request form procedure	response transcript procedure	Incident Response Handoff - Request Form Procedure	Incident Response Handoff - Response Transcript Procedure	557	558	1.0018	yes			0	0	0	0	0.0	0.0476	0.0	0.0556	b0f3866dc2c2da623111a677a6fc8198cf881b5c89f4219de2088f6b8470fe41	b907b70b638add44bd2a070cce1e0f1a2a1d623baa05336b2258c297f6641bf4	ed4c451b2bedb80681bbabcd48ec0e96e58ae4f52c00dadc3027d398564604ed	4b563176795b9d0a9bc4863257e90d893f08d45d4ea0544a82c5f15e92c8efc6
hard_role_flip_451	hard_oracle_404	full_naturalized_repair	incident response handoff	change memo || inventory list	B	A	inventory list	change memo	Incident Response Handoff - Change Memo Workflow	Incident Response Handoff - Inventory List Workflow	534	540	1.0112	yes			0	0	0	0	0.0	0.0	0.0625	0.0	daea785958a9f6a16dadc98b8ab76127f7f2a230faf0fc737936555ea3e099f8	c3276f0b60c60b4d498ad74ee25e99ba4275a6eec819dccee09b25079cd4f727	48b2b0b378a40375c41ed5d8b96d867f7e53ce20c798d5cb88ed0a62ec001917	00fe3d6ea4a41937485d88e8b880a31ba80041121fe815c4b7ecba532a3ae613
hard_role_flip_452	hard_oracle_405	full_naturalized_repair	incident response handoff	guideline note review || judgment table review	A	B	judgment table review	guideline note review	Incident Response Handoff - Judgment Table Review	Incident Response Handoff - Guideline Note Review	568	543	1.046	yes			0	0	0	0	0.0	0.0	0.0	0.0	44710a56b158c08809568c25236bf7e3f993ca01a9c87981715fdabe4702b787	06a4e181e264464c47586df925cf09d179e28aa8d94c8e7267324f7fea71e369	025a30ef13769903fd9d60ed8757cf69742adb93370b082f0b8677b0ce6d7def	e1a52b160434b9fe039dae35d4bdfea181c63cc18160e3f0ac2b63a104b61dd7
hard_role_flip_453	hard_oracle_406	full_naturalized_repair	building maintenance planning	review note || row export	B	A	row export	review note	Building Maintenance Planning - Review Note Workflow	Building Maintenance Planning - Row Export Workflow	566	549	1.031	yes			0	0	0	0	0.0	0.0	0.0385	0.0	9cd85e6e6491d6742c3e61e3105d54eb837b74a6786a47d997a823277272fe82	e48873b8234b4c1967313a24b813574b25161b870545a651c88923c887d17e79	2c4979d813a462d5d73258ff6cbf7caa545ee0020a1c1ea94ab0fb9eb2278776	10ff6dc1d1e6a906b5abcee6b3d5fd55e9df7b7c30d35df26e55acea273564da
hard_role_flip_454	hard_oracle_407	full_naturalized_repair	building maintenance planning	configuration sheet review || runtime log review	A	B	configuration sheet review	runtime log review	Building Maintenance Planning - Configuration Sheet Review	Building Maintenance Planning - Runtime Log Review	578	570	1.014	yes			0	0	0	0	0.0	0.0	0.0	0.0	556ab9d173c29698ec6151800468f163d34ffb5ace8a435d71ac7567d8bec6d5	6ed5249d7e63357b8523c612c259460344ada79d9f320bee2d599c7a19b2a910	3cc06b9db667f6bb53adc0eb838f557ca835ed371cd0bf935018a2682f0109b6	f408a13eec0aa8e229c4af085e5d44c9bbf0cb09df5c25fff227b50540210dd7
hard_role_flip_455	hard_oracle_408	full_naturalized_repair	building maintenance planning	observation trace procedure || source specification procedure	B	A	source specification procedure	observation trace procedure	Building Maintenance Planning - Observation Trace Procedure	Building Maintenance Planning - Source Specification Procedure	562	580	1.032	yes			0	0	0	0	0.0	0.0	0.0	0.0	6e3d0efbb2a4bd15391755df4b694a03b551e004bf6a8757b83974a5a86b0ea5	283164371a87ce897123393b3996fb30e72790cc6fc5a67873d29bd51c8119dd	5efabd87183ef9de6f3365b2760f6922312dbde48f16b04037f4b7d130261537	86c9049559fa6b3f1d8788f0928cea5b3dd826ba022161e73d57b62e352c8698
hard_role_flip_456	hard_oracle_409	full_naturalized_repair	building maintenance planning	case record || policy rubric	A	B	policy rubric	case record	Building Maintenance Planning - Policy Rubric Workflow	Building Maintenance Planning - Case Record Workflow	551	537	1.0261	yes			0	0	0	0	0.0	0.0	0.0	0.0	f5427682da51e3cde524bc898d9f7188b8c296c4ed79b53bf0da5f7fed69b08a	19ef5b1380762cedbdee6636629a697470a95399fe0ecc3a2092fbb6fa14508e	c19a1ebeae6fb968e7be97948bed3bf6cf693f7797b887d2e4ade0ba1dd31e09	bb9d74799c179371e3d15eff4caebdc3773e5cdc4a34378a8b9191a901bfb41c
hard_role_flip_457	hard_oracle_410	full_naturalized_repair	building maintenance planning	incident note review || work plan review	B	A	work plan review	incident note review	Building Maintenance Planning - Incident Note Review	Building Maintenance Planning - Work Plan Review	545	554	1.0165	yes			0	0	0	0	0.0	0.0588	0.0	0.0588	87444ccabe09f1f52c2be54c0e72ddacb8ac99e6ef40c2beac26653644362a10	0c97924d85dfc5881690c4d91927629a637344d2c844251abc0771ffb86ea5d4	906bd88e05653b473f1e050b986c4d7f8da6e05213a24403d1e164c02cfff5cc	e68ba16dc650355249354f3a85a8c66a05d39e2dcba65aa1d54ba5fb34c7ba44
hard_role_flip_458	hard_oracle_411	full_naturalized_repair	building maintenance planning	calibration note procedure || measurement table procedure	A	B	measurement table procedure	calibration note procedure	Building Maintenance Planning - Measurement Table Procedure	Building Maintenance Planning - Calibration Note Procedure	540	554	1.0259	yes			0	0	0	0	0.0	0.0	0.0	0.0	19f300146586f083f677f3bd7f16d1952fcb9f1491e6bedfc996618e36dde824	04161e61acca4b2ce475637122b5efd3f48588166833e50a99eb2d264c77ab78	9b7fa50cc46d0ebcb22d2a4c9221385b8a85747dbd3ae8769b228f2be054cc09	21646f88e80018f8a0a8ebf72336ecf34912962a9b9cb57164ad823fd3d95de7
hard_role_flip_459	hard_oracle_412	full_naturalized_repair	building maintenance planning	request form || response transcript	B	A	request form	response transcript	Building Maintenance Planning - Response Transcript Workflow	Building Maintenance Planning - Request Form Workflow	588	580	1.0138	yes			0	0	0	0	0.0	0.0	0.0	0.0	905a4b9b7c7952c5cf7e92a7a31afe6607208dff20dbb52f578f60c6a41900d4	10fbcd5a140bba211f0992205b2c140590f5558f41b4dba4e65392f492c90a70	3f30b41ddbdf44681d2a760b066ce0072722781ef5fd9620d0a6a40168294f41	14d2911081a9615a2b3f21c7aa19e89e48dfcdc958cac66c8c63a3db9f179478
hard_role_flip_460	hard_oracle_413	full_naturalized_repair	building maintenance planning	change memo review || inventory list review	A	B	inventory list review	change memo review	Building Maintenance Planning - Inventory List Review	Building Maintenance Planning - Change Memo Review	552	538	1.026	yes			0	0	0	0	0.0	0.0	0.0	0.0588	d8c5e9cad3249bbfd443f6357cc5b6c923b86da2429da3c7087e8ecc447960a2	927591f8c33651d333287dad60a35b6f2be178db21cf9a9ad8395de6f8005682	6c4e341ad57c9c802fa92fa9f26bce7528542b026234b0a214d0ff70961bfa0b	22295c2affad4f10424bf8abb9ee3dbe36bcf7c00612a13cb11cc203b5063598
hard_role_flip_461	hard_oracle_414	full_naturalized_repair	building maintenance planning	guideline note procedure || judgment table procedure	B	A	judgment table procedure	guideline note procedure	Building Maintenance Planning - Guideline Note Procedure	Building Maintenance Planning - Judgment Table Procedure	545	570	1.0459	yes			0	0	0	0	0.0	0.0	0.0	0.0	96f520c2b0eb060401df035eb50b83bce5b12ce9179346e99daefe5ab8b4120f	d0fa23074cedc4381f5c2e0f2a9980de33635dc90f31817f81ccfb9682082562	18859119b0002ccc4913ecb08d48269fe690fba4307896385c626be80ab41f6f	48bd11f0f79309c612e206e568d5b0ede1cd0d60a729c31568c4218fa6001c23
hard_role_flip_462	hard_oracle_415	full_naturalized_repair	lab instrument run review	review note review || row export review	A	B	row export review	review note review	Lab Instrument Run Review - Row Export Review	Lab Instrument Run Review - Review Note Review	544	549	1.0092	yes			0	0	0	0	0.0357	0.037	0.037	0.0385	be2d3c2802504a1e8201163c10b7fa0aeefdc61290f8426a33431838054cca10	283f5705f80b5a36501942150933112e66aa6eb10dd0d131e00bee89383d8094	b92153c84ba0a7419f0afd9f461ba87e76c9c41f8bb8e391fe2d4e12ef8a629b	2ae38e553a0e5445b8ba7e94e8f9a064008f36597160831a8b9b3ea1198c6a17
hard_role_flip_463	hard_oracle_416	full_naturalized_repair	lab instrument run review	configuration sheet procedure || runtime log procedure	B	A	configuration sheet procedure	runtime log procedure	Lab Instrument Run Review - Runtime Log Procedure	Lab Instrument Run Review - Configuration Sheet Procedure	548	556	1.0146	yes			0	0	0	0	0.0	0.0	0.0	0.0	2dfb472e944f351371e81ca5ad0d67b0880c0c9791d52bac2c63c0c6e780730b	7c0b0b387148037dcf452878a251595958b584eeea38b06055a2918209ba2a10	4382af80def5704dcbe7e0be8053f0a4d8581d0acc5447b640b51b15db5f0b60	db9cf6a9d94b06b52c6fc2336ffbc9d2e587aa4c35c24ecb8fbeeaefb0009c14
hard_role_flip_464	hard_oracle_417	full_naturalized_repair	lab instrument run review	observation trace || source specification	A	B	source specification	observation trace	Lab Instrument Run Review - Source Specification Workflow	Lab Instrument Run Review - Observation Trace Workflow	589	568	1.037	yes			0	0	0	0	0.0	0.0	0.0	0.0	37e23c084e4986ae8f1469c7c77f22781300036c453f8062ebba95562ff9ca9d	253b49c50825d5a6eba4fa42908cae87199af8231ad93d49ce80fadbd66a0fb9	4c033740ba609f34aec0df515734a71263bb9c799c0588f4c46fc81746fe1118	e3a968bb801c53c734d282e0c6b0fd39fc9aa511125670c7238e62e7c7308fc0
hard_role_flip_465	hard_oracle_418	full_naturalized_repair	lab instrument run review	case record review || policy rubric review	B	A	policy rubric review	case record review	Lab Instrument Run Review - Case Record Review	Lab Instrument Run Review - Policy Rubric Review	531	532	1.0019	yes			0	0	0	0	0.0556	0.0556	0.0476	0.0476	3fabb544d014a0d089a7fe41581182e6f85f1f2fead9c3b0e15ef13f1dec07e0	a57015b490f6f618330044ad2775f47e9f151afcbbb08cb6ced3aac85244a516	17b3e45dc6cfdc9bc90a08e7614851db15e54c2f0b6f5015d8906546c9415dd3	2826a594d57238ae5c1b431464ef5b7581d29160d47a0f75bdad162e9da343dc
hard_role_flip_466	hard_oracle_419	full_naturalized_repair	lab instrument run review	incident note procedure || work plan procedure	A	B	work plan procedure	incident note procedure	Lab Instrument Run Review - Work Plan Procedure	Lab Instrument Run Review - Incident Note Procedure	535	526	1.0171	yes			0	0	0	0	0.0556	0.0	0.0556	0.0	a9a7984ac1e9b6c2fd4cd818b14e71cc5ae81895c16059c6e7a8f87863cf1ca9	6c3b4a16b72eb24c4136a66d122c70db74d2bd805dd1bffa3d5fe81f9d032f8c	fb4df0a1df93743bdaaa064d11094541c7ba88a59877e10a6b77d33015c72aad	d27bd346407c410629a696a5e10c036b62c9bf81fcbd64f5186844f8cd306dec
hard_role_flip_467	hard_oracle_420	full_naturalized_repair	lab instrument run review	calibration note || measurement table	B	A	measurement table	calibration note	Lab Instrument Run Review - Calibration Note Workflow	Lab Instrument Run Review - Measurement Table Workflow	562	541	1.0388	yes			0	0	0	0	0.0	0.0	0.0	0.0	5b4e4ec96866fc429525637b2357aed0659b62b186d45dda5200719f7e004b4c	ab3a9d2bf8ca7a717e0071fd06c5fcb0d7e92d50443663a6aca23a2338448fde	f571a57289e6983248319b8c5ffb67f1ab90785e5bf38b95f5040fd318673cbc	0aa482dd30928ace44d342d034f61691d4ad916dda79ee8bd57c251eccb97984
hard_role_flip_468	hard_oracle_421	full_naturalized_repair	lab instrument run review	request form review || response transcript review	A	B	request form review	response transcript review	Lab Instrument Run Review - Request Form Review	Lab Instrument Run Review - Response Transcript Review	559	560	1.0018	yes			0	0	0	0	0.0455	0.0455	0.0526	0.0526	a44b1ba7c9bd757185e0190b85c0d2b3fa1c5dcad8df93ae22bce35cd2183b92	dcf949d02b144a8adfb628a10a7665c26049cf6beb0591169fc9982951bcbb35	92fcbf1a950611ef7f6ff91eccf9ddebfd30f434b32cd869d6b59244ed943b63	9ba50baf2905f684f9271bfedba451bd78c1c304d9f3ed53475d77e69c3a55ba
hard_role_flip_469	hard_oracle_422	full_naturalized_repair	lab instrument run review	change memo procedure || inventory list procedure	B	A	inventory list procedure	change memo procedure	Lab Instrument Run Review - Change Memo Procedure	Lab Instrument Run Review - Inventory List Procedure	519	533	1.027	yes			0	0	0	0	0.0	0.0	0.0556	0.0	68feaf5817f03dcad1b48831b880880b2e911a9a4d641cc5e4caae3fcc0ee7fa	f5e0550673abefb176eb99158d45a683e92a8ea4d497ce8c13ff4298421fe98b	915da00cfecb1aac5c3df283f0605c3807849b57beebc1f34ac7e1f5b573da54	0c152b8782eb180ca0408d3fbb896271c5bd196b36d97ab0ce784401d6ee3785
hard_role_flip_470	hard_oracle_423	full_naturalized_repair	lab instrument run review	guideline note || judgment table	A	B	judgment table	guideline note	Lab Instrument Run Review - Judgment Table Workflow	Lab Instrument Run Review - Guideline Note Workflow	573	548	1.0456	yes			0	0	0	0	0.0	0.0	0.0	0.0	5661a7e3ae89d4f420d535f9ffc7cd30cb64e15fa6cab69e8bd56f9af4c6eda3	64108b564308a2a901062aa4af41ebcb74a40982b94c424960912ab9a3beb2ef	33f19acf921e8b0f612e3db699f2dd95583ced2a0336b7c071a68f35108e483d	4ca063c14d63685d71b008430b63d419779b65c3faccd5677380b9ae99a8f7d5
hard_role_flip_471	hard_oracle_424	full_naturalized_repair	loan underwriting	review note procedure || row export procedure	B	A	row export procedure	review note procedure	Loan Underwriting - Review Note Procedure	Loan Underwriting - Row Export Procedure	527	522	1.0096	yes			0	0	0	0	0.0	0.0	0.0385	0.0	120c5e35baa900f8f696399514b78a0940eded26844c6ce0c74c2ef2a492ca67	3764f7682b11ead511b102aa45c05cd54e97ba3d2c53fa5607891903fb13d34e	a61e3aa344f74cb8dda6364932bea377afd2c3a7357fcd022849c1c1b297dcbc	12ae2e2e4d76c8faedefd5b4cce0bf898f0e8913fb8a4f9a7037dcbe1a9c2ce0
hard_role_flip_472	hard_oracle_425	full_naturalized_repair	loan underwriting	configuration sheet || runtime log	A	B	configuration sheet	runtime log	Loan Underwriting - Configuration Sheet Workflow	Loan Underwriting - Runtime Log Workflow	545	529	1.0302	yes			0	0	0	0	0.0	0.0	0.0	0.0	8d5ff8d4e7cedeb3fcad9c4d218fbc1ccfbb3661959820bf7b194e484b69994b	a4f1943f2549a90aaf71c9663e081350337e1466e07e0f77801db04b7ce62694	23c490751274ae15cdb873a1ffca6aced67b552371bfadc2c4890be329c7bed4	c2a06b21dec64c0e5d04f15d5d81178d7391f1bbca063b2800e635f6980f128d
hard_role_flip_473	hard_oracle_426	full_naturalized_repair	loan underwriting	observation trace review || source specification review	B	A	source specification review	observation trace review	Loan Underwriting - Observation Trace Review	Loan Underwriting - Source Specification Review	522	540	1.0345	yes			0	0	0	0	0.0	0.0	0.0	0.0	a7d7ddb04e59fd54007bcaabe347d2bd114f83ae73e4d0f9e39b3b72fedb66c3	0fa54c0a966a8a54c0bacf50b56863dd89688c402d3b093a8730f2b127ee0faf	1ac3951a6363ec63ec7c04d4617b8be779533edf66c8854cf2ff930e9c729adf	4565986eb25abf84463cc90b4f88fe16be202f7a56238bd3d58120c5b0def11c
hard_role_flip_474	hard_oracle_427	full_naturalized_repair	loan underwriting	case record procedure || policy rubric procedure	A	B	policy rubric procedure	case record procedure	Loan Underwriting - Policy Rubric Procedure	Loan Underwriting - Case Record Procedure	510	509	1.002	yes			0	0	0	0	0.0	0.0	0.0	0.0	72a7d2ee311a7641158bf9759473681d30f0fdbb158be31264c28eb6948d62cb	ee582718afb6ed73813ee3f0f9e74f6de66f3db18d1a6f938b6d2a74f848683f	4400280b3809c3ab024cbc3c605e393f2768b92f2bfe310e2c659509c496951a	a3ce4c2c175979dc4107041d851db961a8876755141356be65b79cbe4ddedac6
hard_role_flip_475	hard_oracle_428	full_naturalized_repair	loan underwriting	incident note || work plan	B	A	work plan	incident note	Loan Underwriting - Incident Note Workflow	Loan Underwriting - Work Plan Workflow	521	524	1.0058	yes			0	0	0	0	0.0	0.0667	0.0	0.0667	a9e4a6ce4c9c0adfcf63fc98b738fead4636dabe4d0a70eea70799540e08e435	4c950ead84bdaae9ecba959e2f13ada73633222062b1587e71139cf2f2c120a7	c0795c44265b6d646f8f8a55a1271d9e65ce7db8726d4db293a75a437f469f46	9ba351ffac06e253f347576e679a08d8acd10d2952dc959f448423eda3c89b8c
hard_role_flip_476	hard_oracle_429	full_naturalized_repair	loan underwriting	calibration note review || measurement table review	A	B	measurement table review	calibration note review	Loan Underwriting - Measurement Table Review	Loan Underwriting - Calibration Note Review	513	527	1.0273	yes			0	0	0	0	0.0	0.0	0.0	0.0	f1fea25cb21d62287f1479c705f914bf99db4d45a92bcfb0df4a1c32d28378aa	2e89ff92dcfad4910428f98a9fc48b7a99e41130b8194c1eb926be24ad6646e5	2f66188bb6a4a2ee9ff3c4e84442072095a37b536db3b6ab0967494fa11a5234	24c220af014a00f5f37bb14f09a25d226b826ae9c807d8c85ebbbbcb0d6cc1d9
hard_role_flip_477	hard_oracle_430	full_naturalized_repair	loan underwriting	request form procedure || response transcript procedure	B	A	request form procedure	response transcript procedure	Loan Underwriting - Response Transcript Procedure	Loan Underwriting - Request Form Procedure	528	527	1.0019	yes			0	0	0	0	0.0	0.0	0.0	0.0	0ca6e31f2667e35f4e38530439c6c3c5ec47bcc834dcf137ada82de26dd4058c	213071c65c538789f0322f858a9c769fa16ead4c18bd07b4ae6f36ea29f51a02	bbbcd9c74e517ae3df1f3838b2ef77bc96015a820e7aad0a4b3aef65ba1c69a3	3a5ecb4f6f582029941eccfbfbff22fac4c133adb46d67712e04bd557e94bfb7
hard_role_flip_478	hard_oracle_431	full_naturalized_repair	loan underwriting	change memo || inventory list	A	B	inventory list	change memo	Loan Underwriting - Inventory List Workflow	Loan Underwriting - Change Memo Workflow	529	510	1.0373	yes			0	0	0	0	0.0	0.0	0.0	0.0667	a2e33f26a3f85fb87973037205f8323df310a2d5951253b40c19a55d07fd3410	5dc71b751f5db84186b9e28875d2fefe2659582bf8d111bfb2065cb9986e3da3	6f46a7fda81d47d60c35b4cfe28aa28d6e0b5a743bdb2642538128b639a123ee	bca189f20e5550befb1f4e319175da5b4b2bff229a6be320c646f525c008785b
hard_role_flip_479	hard_oracle_432	full_naturalized_repair	loan underwriting	guideline note review || judgment table review	B	A	judgment table review	guideline note review	Loan Underwriting - Guideline Note Review	Loan Underwriting - Judgment Table Review	505	530	1.0495	yes			0	0	0	0	0.0	0.0	0.0	0.0	e9ca9d3ac7706c0f9908d298613fdfd3f5d473215a7910a3582579ed796af997	196157d7036fb1df968bbc836db474088d9debd77196455c2f6c6ebc34b7f351	eec1932292ddb439ceff4583f0f7532147147cfc83da56320e4d4e96ce472638	412b90a1c3532acf7efaba5163252f65dd392cee02aed274775e501b258daf6d
hard_role_flip_480	hard_oracle_433	full_naturalized_repair	airline disruption handling	review note || row export	A	B	row export	review note	Airline Disruption Handling - Row Export Workflow	Airline Disruption Handling - Review Note Workflow	547	563	1.0293	yes			0	0	0	0	0.0	0.0	0.0	0.0385	d2b9ac3182cd42f00d2e931644b48f508e5d0dfd2c6637b2de6e78e8577ae1b1	2ae1c6bb50014bfb12542ce225e08165ddec0b50911c0938d789db65df629ada	24abdf72684f61fe9bf9d84a2041a3c4b6adac5e0ddba309871856ce1f15cfe6	0aa03c8aacf80de773c38e86fa90f44b27f1f58cd2f60b7ceb08b63a0a69e94f
hard_role_flip_481	hard_oracle_434	full_naturalized_repair	airline disruption handling	configuration sheet review || runtime log review	B	A	configuration sheet review	runtime log review	Airline Disruption Handling - Runtime Log Review	Airline Disruption Handling - Configuration Sheet Review	564	572	1.0142	yes			0	0	0	0	0.0	0.0	0.0	0.0	5e67e2fd8f5b7d14dc03e4821bb2d3c006c00bb898562033cff7b4e9ce616039	a468368cb85384489882e15ab6346877de8d13879d5a53f55a5e585f1a9a460d	b864163051d2a48975b3725a0ff99fef1e2780604696e537522531738d85940d	0286c1a4848019f3bc38baf77cf3b6b2a83d3fd971fcb6ea6df0dff3afb526c8
hard_role_flip_482	hard_oracle_435	full_naturalized_repair	airline disruption handling	observation trace procedure || source specification procedure	A	B	source specification procedure	observation trace procedure	Airline Disruption Handling - Source Specification Procedure	Airline Disruption Handling - Observation Trace Procedure	576	558	1.0323	yes			0	0	0	0	0.0	0.0	0.0	0.0	0cd7684f6f05ce2134cc4b349b1cde81fe95533f2f87a97389570ab1beebb1b1	478eb83c7e1ad7f7d25eba1701bfdb7643ffadb8bd53c5f3666a82a4cdc6e789	8c322cb625d31989822ed5291f3a116eba2df11b2600f7693f750541a8d8e2e6	892fc390d3113fd5a55d856ae74810ee4d3e68aa9475726f2f147ca925aea1e1
hard_role_flip_483	hard_oracle_436	full_naturalized_repair	airline disruption handling	case record || policy rubric	B	A	policy rubric	case record	Airline Disruption Handling - Case Record Workflow	Airline Disruption Handling - Policy Rubric Workflow	535	548	1.0243	yes			0	0	0	0	0.0	0.0	0.0	0.0	3bee540b702501149da9b48065c029e3148efa655b333ddb11d77fe69105d8be	ba4b421d847e5d29146a8de3083c2ad056f180962dc26b68b47350ec7902148f	63b64384999b13fb3e5fe09c7cb7439661bbf0d15f90d1d01c3289534f337ad3	61ed535d95fec65128d8d863c9ab25f3803638af0c1d510db7ed2ed6881f7e12
hard_role_flip_484	hard_oracle_437	full_naturalized_repair	airline disruption handling	incident note review || work plan review	A	B	work plan review	incident note review	Airline Disruption Handling - Work Plan Review	Airline Disruption Handling - Incident Note Review	549	540	1.0167	yes			0	0	0	0	0.0588	0.0	0.0588	0.0	b6e6e1657f8e724312225fed6e8a5851e823eb1297a3be39d5f259755ee7cb44	74d834857eedd6ea0d138ecfeb15e542ed342c452fc33720313e4957a9bfbdce	8c27d23cda9616bb85b1d0abb1e5596e70514144db5845aea28cb839d0bef0ea	4bfb1642fa6e1cf74fb9951b5e942ea5791579ff5a973577c9b4c0a766181cbc
hard_role_flip_485	hard_oracle_438	full_naturalized_repair	airline disruption handling	calibration note procedure || measurement table procedure	B	A	measurement table procedure	calibration note procedure	Airline Disruption Handling - Calibration Note Procedure	Airline Disruption Handling - Measurement Table Procedure	551	537	1.0261	yes			0	0	0	0	0.0	0.0	0.0	0.0	ce37425e84a358f0ef6d5cf49d8601a5e36644a94eb7742edd174094c078f503	4b88c8ef27ab83a2bb65557784c6c01ec40feb5e226f6f2d545f6d1acd71d9db	547e8a1d0194417320eb6aa7877c1e3bd0421c0521aa3e74cc1dada32431c7ba	47f5712cbb8276087aad3cb99ce961e6aceba49d712ea8f450f3eb3f810b9750
hard_role_flip_486	hard_oracle_439	full_naturalized_repair	airline disruption handling	request form || response transcript	A	B	request form	response transcript	Airline Disruption Handling - Request Form Workflow	Airline Disruption Handling - Response Transcript Workflow	576	584	1.0139	yes			0	0	0	0	0.0	0.0	0.0	0.0	73d811dbca9041709b134a09995d480617c7f1ae2629ae0715b1f5799821ab56	7b7f3b8cfc16f743b443a315f03bb85395f9180078081135a73603f4f8e31bc7	2d86cfb906302815a42eac621ba6fd2a207b75050b9cd5efe151e9de566b9e2c	4768d80f982191ca815e730c6c8d2db827d37557e9cde77ae9b79fe2ae2906f4
hard_role_flip_487	hard_oracle_440	full_naturalized_repair	airline disruption handling	change memo review || inventory list review	B	A	inventory list review	change memo review	Airline Disruption Handling - Change Memo Review	Airline Disruption Handling - Inventory List Review	533	547	1.0263	yes			0	0	0	0	0.0	0.0	0.0588	0.0	94a371506eb32d4a8ae764e0222e40ff0d10963a9fce734bf60fbc721cee58ff	de12e5ff97e45924ad51015459dab5d06fa04f1af62ce89c05ea1fbdc36ac4d2	a055afb39c058f45a97068d574a75a4154736c28b43cf70b759e265a38352736	8ef3b6c5125e7716cbadd952e9c5321bbb2b07202f062946e03a112313f3f213
hard_role_flip_488	hard_oracle_441	full_naturalized_repair	airline disruption handling	guideline note procedure || judgment table procedure	A	B	judgment table procedure	guideline note procedure	Airline Disruption Handling - Judgment Table Procedure	Airline Disruption Handling - Guideline Note Procedure	566	541	1.0462	yes			0	0	0	0	0.0	0.0	0.0	0.0	c8fa9d669a39e761de549f5b59d6210a3545b96913af311753119e948edad3e1	c2341be643657656b0f8e036393ff5f56c88dc410d48ba7dc6ff557f5df5fe93	02c8f62482704e07ee9476480e196f503b99799300b6132d1165f6ee2e2cb2c7	0001060a5a054a5c35583f2f0af0709eca27faa35eec1d1329cc01daf8d784d6
hard_role_flip_489	hard_oracle_442	full_naturalized_repair	restaurant menu analytics	review note review || row export review	B	A	row export review	review note review	Restaurant Menu Analytics - Review Note Review	Restaurant Menu Analytics - Row Export Review	544	539	1.0093	yes			0	0	0	0	0.0	0.0	0.0385	0.037	c178220e039a57043f8259618dc3a15d39d052a5840c55c761c4ed1935d1fd08	7af18687bae7e3a3c1acf2ff3960d8b1ac3972eb456c1290116e1f115a303224	0345cdfb67c3938140b8a75bbc66bbee3094654e04d453929a7a6c355980f5ec	58169ec7defc405156528052a403d0b6686d59c6c820e56e166fdc257ab08228
hard_role_flip_490	hard_oracle_443	full_naturalized_repair	restaurant menu analytics	configuration sheet procedure || runtime log procedure	A	B	configuration sheet procedure	runtime log procedure	Restaurant Menu Analytics - Configuration Sheet Procedure	Restaurant Menu Analytics - Runtime Log Procedure	550	542	1.0148	yes			0	0	0	0	0.0	0.0	0.0	0.0	eae8d4a6e73d31b507c9cf0b712698783d35dafb04ba8522105eeb2c7972a647	a79c6bf7289075ebd879ba6b8696c360e5f4634c0fdbfb4398a9adb106639765	438e526c0981a449512fccd6ba6339b7290faf9c7e9a5333d83479903d667956	3b0a26df36eb8219c0ab14afa6137c8ab936af393266069717cd480d110b82d3
hard_role_flip_491	hard_oracle_444	full_naturalized_repair	restaurant menu analytics	observation trace || source specification	B	A	source specification	observation trace	Restaurant Menu Analytics - Observation Trace Workflow	Restaurant Menu Analytics - Source Specification Workflow	559	580	1.0376	yes			0	0	0	0	0.0	0.0	0.0	0.0	bccfc09be6bf2b1f0a2e9ec60f449c26b08919d334a63e7b138e71fd0b2518b7	b71be714b4bf9fd2c1a898b309f8eb43d9171b5e14b8aafef7a96618f28c56d9	c8a668120bfb3d791375c9bd918c3d70c1ab4a2ac53e1e3c4e2314d79c5d9ffa	0fd72a8a7e1dd8fbdabb481fe62013b623808518682423e11a66a7776f2c8c2a
hard_role_flip_492	hard_oracle_445	full_naturalized_repair	restaurant menu analytics	case record review || policy rubric review	A	B	policy rubric review	case record review	Restaurant Menu Analytics - Policy Rubric Review	Restaurant Menu Analytics - Case Record Review	527	526	1.0019	yes			0	0	0	0	0.0	0.0	0.0	0.0	5d95babdf66cbb482576024862b058d3398392453a7010e246a397a2ed404394	19b6099f8c490f439e296ec17a0f4c6e14a134129e693d76d3e1453bb58456d3	65de29c9a89b62ca56ca941895a88744ecf0d496ab461ccb6322b537c2f96c2e	0bfd23665c9bb6e5c653afc44e67f5745335b3435047a99b2a074694b518e968
hard_role_flip_493	hard_oracle_446	full_naturalized_repair	restaurant menu analytics	incident note procedure || work plan procedure	B	A	work plan procedure	incident note procedure	Restaurant Menu Analytics - Incident Note Procedure	Restaurant Menu Analytics - Work Plan Procedure	521	530	1.0173	yes			0	0	0	0	0.0	0.0588	0.0	0.0588	3d9cfb7de451ac771c666eb4f0ea302341c974cadff5cf905d667036206a2d7a	9647b240c74a82646a0369149ae3d13801b7a0446a814b96a8a388f90c069053	6b567eed5cb9a076ba03415c09e49a70f5bb89a9b2798d14a9dc3390ca208133	070b193829fa3da578f51ba4c0029d20b007b209e8ed4adf6b9b02cee50965ec
hard_role_flip_494	hard_oracle_447	full_naturalized_repair	restaurant menu analytics	calibration note || measurement table	A	B	measurement table	calibration note	Restaurant Menu Analytics - Measurement Table Workflow	Restaurant Menu Analytics - Calibration Note Workflow	534	554	1.0375	yes			0	0	0	0	0.0	0.0	0.0	0.0	601ba7231083fbaa7ad979149e5df1e8dfa90c640bb740be4b54fec39f3c85ca	e0b45e521a2fbb800a9e1f9360db27bb9f07df05e2a9dac274f12b9916482a20	8780f672d4f5c5f7b167a3511b7c1dde635d7dbb98d201a042c6401b6bb78e5b	b7a8c2f774d916db6fa033044cfa1c41f0f054acc30734180d1b4c85e5331a6d
hard_role_flip_495	hard_oracle_448	full_naturalized_repair	restaurant menu analytics	request form review || response transcript review	B	A	request form review	response transcript review	Restaurant Menu Analytics - Response Transcript Review	Restaurant Menu Analytics - Request Form Review	554	553	1.0018	yes			0	0	0	0	0.0	0.0	0.0	0.0	8d75142cecec18f677dd55a2cb880a8bc00a21aefc175d1f8169059578f268a7	4cde0a9c957611c24bb50e11490796b0a922ea7911ba8d487fe4129069ec8146	9dbef67b075ec6f1b3ca27e4f0d2af34b467ca8310e788019ed22b2b28bb48bf	a16506c36a977375e90a3d0dcbc77a707693c25d005822d3c861801b900d448e
hard_role_flip_496	hard_oracle_449	full_naturalized_repair	restaurant menu analytics	change memo procedure || inventory list procedure	A	B	inventory list procedure	change memo procedure	Restaurant Menu Analytics - Inventory List Procedure	Restaurant Menu Analytics - Change Memo Procedure	528	514	1.0272	yes			0	0	0	0	0.0	0.0	0.0	0.0588	85a223ff07ae77281d630fa1aad7182bf556a569aa0a7106139359a47957d757	99b5a1900b7605cfae768ca8bb5a506932173ad3ae58e8ec35aefebbd57c0b2d	16466409bdc9f0674a0972efeeec26fb57cbcfa87bd2e4e92e3fa3e0ae36d537	3d177dd3d19a79cdeee5557eb75830785ddf715ac7066c49cfa149f86e3571c4
