unit_id	source_layer	source_unit_id	stratum	difficulty_rung	domain	release_split	query_case_count	candidate_pool_id	helpful_skill_id	risky_sibling_id	role_flip	oracle_gate_status	blind_gate_status	leakage_flag	query_sha256	helpful_text_sha256	risk_text_sha256
core::sra_v2_2::bigcodebench_000::wrong_precondition	core_audited_marked_sibling	sra_v2_2::bigcodebench_000::wrong_precondition	core_marked_sibling	L0_CORE_MARKED_SIBLING	bigcodebench	train	1	core_all694_pool	sra_v2_2::bigcodebench_000::wrong_precondition::helpful	sra_v2_2::bigcodebench_000::wrong_precondition::execution_risk	no	core_admission_carried_forward	core_static_cue_clean_rebuilt	none	16ee5edc36834c88eac7968d1bd36c7169487dbb425e10b8702b60fb4afc5d2a	8e803988c41230f17b1d2071f46b254d1cd25a425e71cb71e4e2c63c18ff6a3b	c100d26064f0c808c357d263ab3f7ef3de398711b6cbaff4cd3fabf6f01a4f84
core::sra_v2_2::bigcodebench_001::wrong_resource_pointer	core_audited_marked_sibling	sra_v2_2::bigcodebench_001::wrong_resource_pointer	core_marked_sibling	L0_CORE_MARKED_SIBLING	bigcodebench	train	1	core_all694_pool	sra_v2_2::bigcodebench_001::wrong_resource_pointer::helpful	sra_v2_2::bigcodebench_001::wrong_resource_pointer::execution_risk	no	core_admission_carried_forward	core_static_cue_clean_rebuilt	none	7d739b722a9aeccf5ff65702a063034accb628b941cdf45e9a858f6c565f283d	bc0627808779e13c8ea067602c016fcd4ef3bea0e43a1fbc958d2cc26384c956	d6cb6cd6875c47c1605d56126413b2fe8d6bb7249fd54a0170b56834fce7848c
core::sra_v2_2::bigcodebench_002::wrong_precondition	core_audited_marked_sibling	sra_v2_2::bigcodebench_002::wrong_precondition	core_marked_sibling	L0_CORE_MARKED_SIBLING	bigcodebench	train	1	core_all694_pool	sra_v2_2::bigcodebench_002::wrong_precondition::helpful	sra_v2_2::bigcodebench_002::wrong_precondition::execution_risk	no	core_admission_carried_forward	core_static_cue_clean_rebuilt	none	7d739b722a9aeccf5ff65702a063034accb628b941cdf45e9a858f6c565f283d	ecfa771f3bf5f42f9ed25c0a00a157e6ad340909b7723fb804de37f5f9e35172	f0124989f8bc64671b3a9e45dc287d2f9b0f8aa23de026df7a2af1798951c99f
core::sra_v2_2::bigcodebench_003::wrong_resource_pointer	core_audited_marked_sibling	sra_v2_2::bigcodebench_003::wrong_resource_pointer	core_marked_sibling	L0_CORE_MARKED_SIBLING	bigcodebench	test	1	core_all694_pool	sra_v2_2::bigcodebench_003::wrong_resource_pointer::helpful	sra_v2_2::bigcodebench_003::wrong_resource_pointer::execution_risk	no	core_admission_carried_forward	core_static_cue_clean_rebuilt	none	f703ec90c521d77fc723c134d49cb33508b91d117f4c6fa592d71c62781fd40c	71f1455e576a2a28d4452d4ad16e27e9fe289ec914e4579cca226c45cfc57e14	bc7de3d5ec947701945e48ddfc05c0e6a8a4a70aa1db3c9314a8b24ba3b84c81
core::sra_v2_2::bigcodebench_004::wrong_resource_pointer	core_audited_marked_sibling	sra_v2_2::bigcodebench_004::wrong_resource_pointer	core_marked_sibling	L0_CORE_MARKED_SIBLING	bigcodebench	train	1	core_all694_pool	sra_v2_2::bigcodebench_004::wrong_resource_pointer::helpful	sra_v2_2::bigcodebench_004::wrong_resource_pointer::execution_risk	no	core_admission_carried_forward	core_static_cue_clean_rebuilt	none	9cac797beba034f209d110851b703b847d24bbd8284b9c055e8830269fe017be	b62af625bd92140e0aeff30ea991f38e6aaa0c0d7e0ae34ce6b937986f893994	fd5991a55b58efc9fdc954b0cbe01c88c7e55e8a59da4f6573c09af59517a3ac
core::sra_v2_2::bigcodebench_005::wrong_resource_pointer	core_audited_marked_sibling	sra_v2_2::bigcodebench_005::wrong_resource_pointer	core_marked_sibling	L0_CORE_MARKED_SIBLING	bigcodebench	test	1	core_all694_pool	sra_v2_2::bigcodebench_005::wrong_resource_pointer::helpful	sra_v2_2::bigcodebench_005::wrong_resource_pointer::execution_risk	no	core_admission_carried_forward	core_static_cue_clean_rebuilt	none	60e8960674eddb67c34c1406abee040d611564f69733e555529b836c2305ae42	7efd5d7268e2ff353877c0ac0faf0631110ad9b766d5bf89234d2651482f16be	53056b574c83f7a9f949c28ba58a7c363c83bdfb2cbce0ac7f628d54955a5d3d
core::sra_v2_2::bigcodebench_006::wrong_resource_pointer	core_audited_marked_sibling	sra_v2_2::bigcodebench_006::wrong_resource_pointer	core_marked_sibling	L0_CORE_MARKED_SIBLING	bigcodebench	train	1	core_all694_pool	sra_v2_2::bigcodebench_006::wrong_resource_pointer::helpful	sra_v2_2::bigcodebench_006::wrong_resource_pointer::execution_risk	no	core_admission_carried_forward	core_static_cue_clean_rebuilt	none	a48b9f273b53ceb11bf8716949f62c2f4d21699960ca30a24cec1490ea626583	fa0a6f8d49ab616f9db73f6e75c66ff131e7ed9b0223cb92b39ab64a8322cde9	579e150bcec4d7b19f7106c2bd870abfcc596d65c2f89774bec77eb5729e6082
core::sra_v2_2::bigcodebench_007::wrong_resource_pointer	core_audited_marked_sibling	sra_v2_2::bigcodebench_007::wrong_resource_pointer	core_marked_sibling	L0_CORE_MARKED_SIBLING	bigcodebench	test	1	core_all694_pool	sra_v2_2::bigcodebench_007::wrong_resource_pointer::helpful	sra_v2_2::bigcodebench_007::wrong_resource_pointer::execution_risk	no	core_admission_carried_forward	core_static_cue_clean_rebuilt	none	0d10a029bca22db837906c76e8c5ce76283413b6cdef09d51622765042938dce	4706b1c298aae28b4c38c1486c0b3107befd3cee0bd15281f35eecefd9a030ac	e617459d3807d8a7a9dae4678b0714ac930b7e2733399b835ff66fddd513b562
core::sra_v2_2::bigcodebench_008::wrong_resource_pointer	core_audited_marked_sibling	sra_v2_2::bigcodebench_008::wrong_resource_pointer	core_marked_sibling	L0_CORE_MARKED_SIBLING	bigcodebench	train	1	core_all694_pool	sra_v2_2::bigcodebench_008::wrong_resource_pointer::helpful	sra_v2_2::bigcodebench_008::wrong_resource_pointer::execution_risk	no	core_admission_carried_forward	core_static_cue_clean_rebuilt	none	a48b9f273b53ceb11bf8716949f62c2f4d21699960ca30a24cec1490ea626583	8f4bf68df875e3dad3d2f5ff3340da33ee12f9d10ef524df9d227ce03bcd960b	138ea716f48c04b996b9aa165298b253b358efae0781d135589ec148fae0f792
core::sra_v2_2::bigcodebench_009::wrong_resource_pointer	core_audited_marked_sibling	sra_v2_2::bigcodebench_009::wrong_resource_pointer	core_marked_sibling	L0_CORE_MARKED_SIBLING	bigcodebench	train	1	core_all694_pool	sra_v2_2::bigcodebench_009::wrong_resource_pointer::helpful	sra_v2_2::bigcodebench_009::wrong_resource_pointer::execution_risk	no	core_admission_carried_forward	core_static_cue_clean_rebuilt	none	8a09dca08dab084f64ab352c94c26e15bd10e84a1252e9a8282dea698c3c3f7b	8704463b451f814cda61e695fee28bc44578e0ef8bb15cb0f383a70cfa518006	f88e21079c8756ca54a5b977784e19f5512a9b4ce15cd4fb8651fb4be521f074
core::sra_v2_2::bigcodebench_010::wrong_resource_pointer	core_audited_marked_sibling	sra_v2_2::bigcodebench_010::wrong_resource_pointer	core_marked_sibling	L0_CORE_MARKED_SIBLING	bigcodebench	train	1	core_all694_pool	sra_v2_2::bigcodebench_010::wrong_resource_pointer::helpful	sra_v2_2::bigcodebench_010::wrong_resource_pointer::execution_risk	no	core_admission_carried_forward	core_static_cue_clean_rebuilt	none	908f6d77b907b621d6fc48e9732359134f3f115557d84e92bc8c8be56074bcfe	d591400d9242f7eff5dfe528bd653fd66e8cff471c5d6c5765bf09ad14a30783	2ff6c739a97fcb7d8c513e38f6722013aca04793ca68a7730529321fcc93392b
core::sra_v2_2::bigcodebench_011::wrong_resource_pointer	core_audited_marked_sibling	sra_v2_2::bigcodebench_011::wrong_resource_pointer	core_marked_sibling	L0_CORE_MARKED_SIBLING	bigcodebench	train	1	core_all694_pool	sra_v2_2::bigcodebench_011::wrong_resource_pointer::helpful	sra_v2_2::bigcodebench_011::wrong_resource_pointer::execution_risk	no	core_admission_carried_forward	core_static_cue_clean_rebuilt	none	cc46aeb4c30b2f1902bd882de0c8dc3096e4df7b4bb1b5617ae3fa065ecc37cb	1fb708e35f73f9b4ee36f07d8df6d0f3e42543192828447f9f86eb67b2564fea	8e1ee07a44102523687d334c883255a98acb4cebbb6b275727a19794a8312af4
core::sra_v2_2::bigcodebench_012::wrong_resource_pointer	core_audited_marked_sibling	sra_v2_2::bigcodebench_012::wrong_resource_pointer	core_marked_sibling	L0_CORE_MARKED_SIBLING	bigcodebench	test	1	core_all694_pool	sra_v2_2::bigcodebench_012::wrong_resource_pointer::helpful	sra_v2_2::bigcodebench_012::wrong_resource_pointer::execution_risk	no	core_admission_carried_forward	core_static_cue_clean_rebuilt	none	be14bd24169128ebec3d34691bf32aacdcc25d16ddad70bbe6d556e8f432e052	3976f2124d1e9a26a70a42ef618bc47297541b85ef46efb22bd9b3d8e5aa857f	69997ed78d0eaf140a5b86cfb59788f446e265251d10e3a105d7e3fb009ca42e
core::sra_v2_2::bigcodebench_013::wrong_resource_pointer	core_audited_marked_sibling	sra_v2_2::bigcodebench_013::wrong_resource_pointer	core_marked_sibling	L0_CORE_MARKED_SIBLING	bigcodebench	train	1	core_all694_pool	sra_v2_2::bigcodebench_013::wrong_resource_pointer::helpful	sra_v2_2::bigcodebench_013::wrong_resource_pointer::execution_risk	no	core_admission_carried_forward	core_static_cue_clean_rebuilt	none	58427a409ed5818ebf7a7a08245c049420bc619c73959b5ef1a5fb4caf5ab8a9	be7ab33d0230219fa4b9c513dac568e177b8e4e8a1be752271d72858fbadcac2	6033d5bbf44024b820e09c120710a5693b063b81380b2dda7bd4dbdace9123fa
core::sra_v2_2::bigcodebench_014::wrong_resource_pointer	core_audited_marked_sibling	sra_v2_2::bigcodebench_014::wrong_resource_pointer	core_marked_sibling	L0_CORE_MARKED_SIBLING	bigcodebench	train	1	core_all694_pool	sra_v2_2::bigcodebench_014::wrong_resource_pointer::helpful	sra_v2_2::bigcodebench_014::wrong_resource_pointer::execution_risk	no	core_admission_carried_forward	core_static_cue_clean_rebuilt	none	cac7afe7562bd55d08c012db644cf02a166130b99cb3154858ff06922c19a597	d264e8619cccca96a0b7d97b2823851bd9966ac0ddde58e1c795d0fdeb07fb66	a37640fc74ef9dfe5940b12cfd1b0e1cf473de6ec009902920b7a60ba943bf23
core::sra_v2_2::bigcodebench_015::wrong_resource_pointer	core_audited_marked_sibling	sra_v2_2::bigcodebench_015::wrong_resource_pointer	core_marked_sibling	L0_CORE_MARKED_SIBLING	bigcodebench	train	1	core_all694_pool	sra_v2_2::bigcodebench_015::wrong_resource_pointer::helpful	sra_v2_2::bigcodebench_015::wrong_resource_pointer::execution_risk	no	core_admission_carried_forward	core_static_cue_clean_rebuilt	none	db79fc160bac3fdeaccb65cec50e9b45841a69566bc65992294094291b9e5ba0	3ce9c04d85a764410203846b78f3792b27deb41d92ea143e18d48df054bbc9b5	3ddad6ff521f46c6634f2372bc9a56f0d8a83eb4dad18ff4182e159b4d328f05
core::sra_v2_2::bigcodebench_017::wrong_precondition	core_audited_marked_sibling	sra_v2_2::bigcodebench_017::wrong_precondition	core_marked_sibling	L0_CORE_MARKED_SIBLING	bigcodebench	test	1	core_all694_pool	sra_v2_2::bigcodebench_017::wrong_precondition::helpful	sra_v2_2::bigcodebench_017::wrong_precondition::execution_risk	no	core_admission_carried_forward	core_static_cue_clean_rebuilt	none	1c81b3db1d60f5f83ca0b8a8c716ef77544fb550b0add5fea07647b2acd78283	fed7a55763b53b6cbf5a37b98f614fc1c18736f12ac4bb92ef4f0624df855feb	3113b56716750bc72c89eb20e021af14addface566fdca23874683eef07b5653
core::sra_v2_2::bigcodebench_018::wrong_resource_pointer	core_audited_marked_sibling	sra_v2_2::bigcodebench_018::wrong_resource_pointer	core_marked_sibling	L0_CORE_MARKED_SIBLING	bigcodebench	test	1	core_all694_pool	sra_v2_2::bigcodebench_018::wrong_resource_pointer::helpful	sra_v2_2::bigcodebench_018::wrong_resource_pointer::execution_risk	no	core_admission_carried_forward	core_static_cue_clean_rebuilt	none	52c0735fd6874a768a5d9c17a0823b38545b66c3d5a30219ae99872296d09016	321933d3b8f8e87f79e7a22ac6f47ee27683e4168f8cf27c3884456fd4163ec2	d12bf05bdb62b1bcaf9ccdbefd04e7715897dc6abf4676421e441f8c83e488c3
core::sra_v2_2::bigcodebench_019::poisoned_procedure_clause	core_audited_marked_sibling	sra_v2_2::bigcodebench_019::poisoned_procedure_clause	core_marked_sibling	L0_CORE_MARKED_SIBLING	bigcodebench	train	1	core_all694_pool	sra_v2_2::bigcodebench_019::poisoned_procedure_clause::helpful	sra_v2_2::bigcodebench_019::poisoned_procedure_clause::execution_risk	no	core_admission_carried_forward	core_static_cue_clean_rebuilt	none	db79fc160bac3fdeaccb65cec50e9b45841a69566bc65992294094291b9e5ba0	ec01bf7cc6a83a108f3f4c5024d36c9936f4ac690dba19d796292cdc9f4656b2	8d0cd95e7af64f5fbc8def831275f57c45ca3c754f5988c4ada4b6bae7163c8b
core::sra_v2_2::bigcodebench_020::wrong_resource_pointer	core_audited_marked_sibling	sra_v2_2::bigcodebench_020::wrong_resource_pointer	core_marked_sibling	L0_CORE_MARKED_SIBLING	bigcodebench	train	1	core_all694_pool	sra_v2_2::bigcodebench_020::wrong_resource_pointer::helpful	sra_v2_2::bigcodebench_020::wrong_resource_pointer::execution_risk	no	core_admission_carried_forward	core_static_cue_clean_rebuilt	none	b0fdbe105cd138f85e647e79c9904b8748a950e8f9f6c794eabc04ab216af4d2	fb9ba43cb4a0c9c3ab65bca9804d15b63ab05e670e1dbd2a9bc9f826301372c1	9bbfe413bdf94854d1ca28730dc4b1fc6e2d58a598feb59f10be7fdc9bdc53b3
core::sra_v2_2::bigcodebench_021::wrong_resource_pointer	core_audited_marked_sibling	sra_v2_2::bigcodebench_021::wrong_resource_pointer	core_marked_sibling	L0_CORE_MARKED_SIBLING	bigcodebench	test	1	core_all694_pool	sra_v2_2::bigcodebench_021::wrong_resource_pointer::helpful	sra_v2_2::bigcodebench_021::wrong_resource_pointer::execution_risk	no	core_admission_carried_forward	core_static_cue_clean_rebuilt	none	e485175093a3dbbf1f452c2154656de73f1124a800af5dada63df28999fd4576	a9fd97f36f930f0116252d87488b92dbd7496f78c3e1d3eacd70e876b67ffe82	be3558e6e6c46ab0389417717ac30525aa2985d5d2ccc440417b5eeaa6573a5f
core::sra_v2_2::bigcodebench_022::wrong_resource_pointer	core_audited_marked_sibling	sra_v2_2::bigcodebench_022::wrong_resource_pointer	core_marked_sibling	L0_CORE_MARKED_SIBLING	bigcodebench	dev	1	core_all694_pool	sra_v2_2::bigcodebench_022::wrong_resource_pointer::helpful	sra_v2_2::bigcodebench_022::wrong_resource_pointer::execution_risk	no	core_admission_carried_forward	core_static_cue_clean_rebuilt	none	4fce6027538b136d9399e5b99d067790beebb50f50fb24f918a625cdbd6be441	50694f5adf5a87d89bd348b057ebc3a322d7d2229781cd28d82d8f300e70d696	42f2bcee3085227d7fd8822096082ce698f126dbc483dc9a5aa6241c294b360c
core::sra_v2_2::bigcodebench_023::wrong_resource_pointer	core_audited_marked_sibling	sra_v2_2::bigcodebench_023::wrong_resource_pointer	core_marked_sibling	L0_CORE_MARKED_SIBLING	bigcodebench	train	1	core_all694_pool	sra_v2_2::bigcodebench_023::wrong_resource_pointer::helpful	sra_v2_2::bigcodebench_023::wrong_resource_pointer::execution_risk	no	core_admission_carried_forward	core_static_cue_clean_rebuilt	none	e1a281fd53b1afcb85dae98ff838a57061ec02b65e46286e82de9b88c0ff7330	e970ccfccda3ab64c1857a62a137d16488244ec928d75543c8ef7c0cdb5f9339	61ca9a8ffe027157eccb9146ccff88d37c6a22be901a75b6f98910d5125ac868
core::sra_v2_2::bigcodebench_024::wrong_resource_pointer	core_audited_marked_sibling	sra_v2_2::bigcodebench_024::wrong_resource_pointer	core_marked_sibling	L0_CORE_MARKED_SIBLING	bigcodebench	test	1	core_all694_pool	sra_v2_2::bigcodebench_024::wrong_resource_pointer::helpful	sra_v2_2::bigcodebench_024::wrong_resource_pointer::execution_risk	no	core_admission_carried_forward	core_static_cue_clean_rebuilt	none	8b4b3793af12a9d0774f64904e579ec585f5514371b1b3f21cc1338243549311	474656b6939da55f896a091d47079c5962a04d202369c0d428206664e8e42360	42e964db3ffc1221bb7d0461fbcb46bd7ecbd87265cd6b50726c642e2bf2863c
core::sra_v2_2::bigcodebench_025::wrong_resource_pointer	core_audited_marked_sibling	sra_v2_2::bigcodebench_025::wrong_resource_pointer	core_marked_sibling	L0_CORE_MARKED_SIBLING	bigcodebench	train	1	core_all694_pool	sra_v2_2::bigcodebench_025::wrong_resource_pointer::helpful	sra_v2_2::bigcodebench_025::wrong_resource_pointer::execution_risk	no	core_admission_carried_forward	core_static_cue_clean_rebuilt	none	004f9bc833e3433c1d5607b734e677c73428b03dd0a9998114fcf36cce9500cb	98fa4cbc829d0985b9cf93b729f6ca146e19574fa8c748cb6eb3a66cf515ecd7	1774ebb45c578436014242817cfc7abf54f150e7cd6bc009a23d4c7ba07bd91e
core::sra_v2_2::bigcodebench_026::wrong_resource_pointer	core_audited_marked_sibling	sra_v2_2::bigcodebench_026::wrong_resource_pointer	core_marked_sibling	L0_CORE_MARKED_SIBLING	bigcodebench	train	1	core_all694_pool	sra_v2_2::bigcodebench_026::wrong_resource_pointer::helpful	sra_v2_2::bigcodebench_026::wrong_resource_pointer::execution_risk	no	core_admission_carried_forward	core_static_cue_clean_rebuilt	none	ade4b5808d5b5f0206b47bec495f634ed8ecd9a67ff0961952bb93ba967fe772	418bfd1f0ddf4d2b181e4f82104bbd442a3d7672f906b6443804d722b4c43c83	5a929c10daa34e49652dba64a72f94f1a479e0544c8cc81fe32ec3b0bf8aef54
core::sra_v2_2::bigcodebench_028::wrong_resource_pointer	core_audited_marked_sibling	sra_v2_2::bigcodebench_028::wrong_resource_pointer	core_marked_sibling	L0_CORE_MARKED_SIBLING	bigcodebench	train	1	core_all694_pool	sra_v2_2::bigcodebench_028::wrong_resource_pointer::helpful	sra_v2_2::bigcodebench_028::wrong_resource_pointer::execution_risk	no	core_admission_carried_forward	core_static_cue_clean_rebuilt	none	9dda2480b3377e97ad4e159e37bf5dad752945c07701230a615eda770df751b3	280d7591059dfb8a381db124a08b58c0671086b92df7470a85b2dde827113b22	35137365c8b875a91c75b858056ba641f7c891e8a12725dcdcfb91f38929ca98
core::sra_v2_2::bigcodebench_029::wrong_resource_pointer	core_audited_marked_sibling	sra_v2_2::bigcodebench_029::wrong_resource_pointer	core_marked_sibling	L0_CORE_MARKED_SIBLING	bigcodebench	train	1	core_all694_pool	sra_v2_2::bigcodebench_029::wrong_resource_pointer::helpful	sra_v2_2::bigcodebench_029::wrong_resource_pointer::execution_risk	no	core_admission_carried_forward	core_static_cue_clean_rebuilt	none	b4fe3134a2f77f116d20698363da32705d3a835b07ad88ec1a493df01af46e29	31004c0544d191043125537e6f3a4d674d0d913016ee989838b9e5034f65b022	59592b2c753540c0d8251e7b10ad6b1af070931be44b3a53cb4fe14aaabd1e96
core::sra_v2_2::bigcodebench_030::wrong_resource_pointer	core_audited_marked_sibling	sra_v2_2::bigcodebench_030::wrong_resource_pointer	core_marked_sibling	L0_CORE_MARKED_SIBLING	bigcodebench	test	1	core_all694_pool	sra_v2_2::bigcodebench_030::wrong_resource_pointer::helpful	sra_v2_2::bigcodebench_030::wrong_resource_pointer::execution_risk	no	core_admission_carried_forward	core_static_cue_clean_rebuilt	none	72a6e7a69981a712895ad61e91c1941fbbe0642d104350046a66610a2cf2c899	bb8cb7317c966c9f124fc6d56390026a878cb20fdb736313f4a35dd0be050448	27981d109acaca8ea1e3e9ce84a9ee3d43c3e5852b3b35866f0492062b2ff071
core::sra_v2_2::bigcodebench_031::misleading_example	core_audited_marked_sibling	sra_v2_2::bigcodebench_031::misleading_example	core_marked_sibling	L0_CORE_MARKED_SIBLING	bigcodebench	train	1	core_all694_pool	sra_v2_2::bigcodebench_031::misleading_example::helpful	sra_v2_2::bigcodebench_031::misleading_example::execution_risk	no	core_admission_carried_forward	core_static_cue_clean_rebuilt	none	ade4b5808d5b5f0206b47bec495f634ed8ecd9a67ff0961952bb93ba967fe772	a3dbfa662580de11a44a8f7d1bd01f217cd5e00b01d4fa6c6735acaca5f3e313	97a916425735cd786bfb8512b8fb7d82bb55be6b809e54c1bc976e58d1362531
core::sra_v2_2::bigcodebench_032::wrong_resource_pointer	core_audited_marked_sibling	sra_v2_2::bigcodebench_032::wrong_resource_pointer	core_marked_sibling	L0_CORE_MARKED_SIBLING	bigcodebench	train	1	core_all694_pool	sra_v2_2::bigcodebench_032::wrong_resource_pointer::helpful	sra_v2_2::bigcodebench_032::wrong_resource_pointer::execution_risk	no	core_admission_carried_forward	core_static_cue_clean_rebuilt	none	05fd0d6a30c9e2fbd65b32a337978acc9ea5a4f5770378545ae3520c9b18eabf	71ea71c7802ac055f15027ed8fdf95a541a7212bb0ed198e90833e26a3650380	4b904b53eda4854a64ba42cd47fc3551aeb29c47e023e9a2561c20d692ee4138
core::sra_v2_2::bigcodebench_033::wrong_resource_pointer	core_audited_marked_sibling	sra_v2_2::bigcodebench_033::wrong_resource_pointer	core_marked_sibling	L0_CORE_MARKED_SIBLING	bigcodebench	train	1	core_all694_pool	sra_v2_2::bigcodebench_033::wrong_resource_pointer::helpful	sra_v2_2::bigcodebench_033::wrong_resource_pointer::execution_risk	no	core_admission_carried_forward	core_static_cue_clean_rebuilt	none	843e97417bc276572845cc8ea9ec143bcc263e18e1b7df902a3799adb023c453	b33c48c24d1e0e5b4843c39e85180adb53bc25e1062624fc0af8170e6c26eac2	bafb2c4a1620f17d764f675b91630cf80833445b287d49c15742bfcbb399ac6b
core::sra_v2_2::bigcodebench_034::wrong_resource_pointer	core_audited_marked_sibling	sra_v2_2::bigcodebench_034::wrong_resource_pointer	core_marked_sibling	L0_CORE_MARKED_SIBLING	bigcodebench	train	1	core_all694_pool	sra_v2_2::bigcodebench_034::wrong_resource_pointer::helpful	sra_v2_2::bigcodebench_034::wrong_resource_pointer::execution_risk	no	core_admission_carried_forward	core_static_cue_clean_rebuilt	none	61c240a039cd55f2efc38a88cdd52b243cf85708f297f50e08bf726170e4505c	b6438bd7e357330a8ac099603d9bb82398dcad2fb26ef3c150269343d3f53052	4668b24b2c62bb59cbff5bfd99e34267b671a905a849bb95c1710222a6b5016a
core::sra_v2_2::bigcodebench_035::wrong_resource_pointer	core_audited_marked_sibling	sra_v2_2::bigcodebench_035::wrong_resource_pointer	core_marked_sibling	L0_CORE_MARKED_SIBLING	bigcodebench	test	1	core_all694_pool	sra_v2_2::bigcodebench_035::wrong_resource_pointer::helpful	sra_v2_2::bigcodebench_035::wrong_resource_pointer::execution_risk	no	core_admission_carried_forward	core_static_cue_clean_rebuilt	none	39cc864aefdc390c0d52eb858ec891630158e6af5f5c68076f346bb45b48fff4	6cf5d638b8291c8c68dc91366176b124c5c7ad2cc481276eaf07db90ec98083a	6f74390f8a6f56c771c90e4109530f2eb09c21df9bf703a5c97bf64c0820ce0e
core::sra_v2_2::bigcodebench_036::wrong_resource_pointer	core_audited_marked_sibling	sra_v2_2::bigcodebench_036::wrong_resource_pointer	core_marked_sibling	L0_CORE_MARKED_SIBLING	bigcodebench	train	1	core_all694_pool	sra_v2_2::bigcodebench_036::wrong_resource_pointer::helpful	sra_v2_2::bigcodebench_036::wrong_resource_pointer::execution_risk	no	core_admission_carried_forward	core_static_cue_clean_rebuilt	none	3176c266628e85ec71806093a9d47c624b6eee8e736dfdd0426fa551138ece8f	7665f2290835a2f15669410a5e5ae02673cff922d409fb67c4d707acd0a82700	9b0f79a93927177df64380b5c7212beff6e0e057ecf11494420a01dc1f13b13d
core::sra_v2_2::bigcodebench_037::wrong_resource_pointer	core_audited_marked_sibling	sra_v2_2::bigcodebench_037::wrong_resource_pointer	core_marked_sibling	L0_CORE_MARKED_SIBLING	bigcodebench	test	1	core_all694_pool	sra_v2_2::bigcodebench_037::wrong_resource_pointer::helpful	sra_v2_2::bigcodebench_037::wrong_resource_pointer::execution_risk	no	core_admission_carried_forward	core_static_cue_clean_rebuilt	none	e1b9ca2f7d6d1be8f55b5aa58faa4e5feb7fcb5b7a3b920a40b0e84d6d3f3241	0c0829d76b05d173270551c5e48c9400945278e93e31e95ee6e60646a5bb9640	396b7e23ef6c409646e349defe0ab84294227435f47e39f3d6d137ae9e0c950f
core::sra_v2_2::bigcodebench_038::poisoned_procedure_clause	core_audited_marked_sibling	sra_v2_2::bigcodebench_038::poisoned_procedure_clause	core_marked_sibling	L0_CORE_MARKED_SIBLING	bigcodebench	dev	1	core_all694_pool	sra_v2_2::bigcodebench_038::poisoned_procedure_clause::helpful	sra_v2_2::bigcodebench_038::poisoned_procedure_clause::execution_risk	no	core_admission_carried_forward	core_static_cue_clean_rebuilt	none	fb1293b70663fe0606dc4d82b1daed6cf740c55c5b4b3a4573da3c27ffeb9905	2f6d5defc57ec431569b5e71055176290a5ce41c5eca250e0cb05311edc19eb8	8c245d85c8eda6cb0373c17d6568fe3e409f4add6d6c0957de3e67b58d1ee671
core::sra_v2_2::bigcodebench_039::wrong_resource_pointer	core_audited_marked_sibling	sra_v2_2::bigcodebench_039::wrong_resource_pointer	core_marked_sibling	L0_CORE_MARKED_SIBLING	bigcodebench	test	1	core_all694_pool	sra_v2_2::bigcodebench_039::wrong_resource_pointer::helpful	sra_v2_2::bigcodebench_039::wrong_resource_pointer::execution_risk	no	core_admission_carried_forward	core_static_cue_clean_rebuilt	none	7d5508eab33c6affd4a2c871e13af511ace4b424a0228defd59e296fa666b4db	d1bed51ca8256f015d7e8e27c51917ff856fc766f234cf533f58f06f6763a5ed	c842850c6a8d9be68ac48c28d00ef67c28927ce1e607ab63cabbc6bf38ff3209
core::sra_v2_2::bigcodebench_040::wrong_resource_pointer	core_audited_marked_sibling	sra_v2_2::bigcodebench_040::wrong_resource_pointer	core_marked_sibling	L0_CORE_MARKED_SIBLING	bigcodebench	train	1	core_all694_pool	sra_v2_2::bigcodebench_040::wrong_resource_pointer::helpful	sra_v2_2::bigcodebench_040::wrong_resource_pointer::execution_risk	no	core_admission_carried_forward	core_static_cue_clean_rebuilt	none	3da06ff31d04171ca9e0829db021a1fbfd410fd955344b435cbcf72586b8165b	a79c81433ffa7e2a0a6cd6458c902d81cd6c534b401bc34989378ad06312dcda	9f6030ffb3f47ce62515eaec146b407073cbfc57e0c7ed957fbcd4ffd3d8bffa
core::sra_v2_2::bigcodebench_041::wrong_resource_pointer	core_audited_marked_sibling	sra_v2_2::bigcodebench_041::wrong_resource_pointer	core_marked_sibling	L0_CORE_MARKED_SIBLING	bigcodebench	test	1	core_all694_pool	sra_v2_2::bigcodebench_041::wrong_resource_pointer::helpful	sra_v2_2::bigcodebench_041::wrong_resource_pointer::execution_risk	no	core_admission_carried_forward	core_static_cue_clean_rebuilt	none	7432e27a4c03c19c1be344321f93ff8a5b7f338415baa9dcd68c9dff837d9486	7cdf2858290dcc7b741ec375c3c366373b0ad346b06106bc98048e9a95058359	3d78203ac8b8542a84f3f1a1a81370ffe86360b7f00fbca9698ab148e2bb09ef
core::sra_v2_2::bigcodebench_042::wrong_resource_pointer	core_audited_marked_sibling	sra_v2_2::bigcodebench_042::wrong_resource_pointer	core_marked_sibling	L0_CORE_MARKED_SIBLING	bigcodebench	test	1	core_all694_pool	sra_v2_2::bigcodebench_042::wrong_resource_pointer::helpful	sra_v2_2::bigcodebench_042::wrong_resource_pointer::execution_risk	no	core_admission_carried_forward	core_static_cue_clean_rebuilt	none	518afb93b69ed483622ea2d881ba50aa6a1d0d43dff97bc58d1587c9facb324a	703c328d2a2b86d54f0973c7fdf9ac586a3ad3da596c99a08a501385a2a59acb	034dff966595c6052952cdc9382b7e7f60a4081686f9c22e81e4d28ae2db6264
core::sra_v2_2::bigcodebench_043::wrong_resource_pointer	core_audited_marked_sibling	sra_v2_2::bigcodebench_043::wrong_resource_pointer	core_marked_sibling	L0_CORE_MARKED_SIBLING	bigcodebench	test	1	core_all694_pool	sra_v2_2::bigcodebench_043::wrong_resource_pointer::helpful	sra_v2_2::bigcodebench_043::wrong_resource_pointer::execution_risk	no	core_admission_carried_forward	core_static_cue_clean_rebuilt	none	3273ef258462502938125b0c2568effab6190ac7425637b869329931365db8af	ce6b62d8b388206ef94641e6e4eb4362b6655b90896f974e2025090a2c878d91	afa3f35cd539b5abf55d5dde1324548e2cfccfab2bf84b7e39952c3325076155
core::sra_v2_2::bigcodebench_044::wrong_resource_pointer	core_audited_marked_sibling	sra_v2_2::bigcodebench_044::wrong_resource_pointer	core_marked_sibling	L0_CORE_MARKED_SIBLING	bigcodebench	train	1	core_all694_pool	sra_v2_2::bigcodebench_044::wrong_resource_pointer::helpful	sra_v2_2::bigcodebench_044::wrong_resource_pointer::execution_risk	no	core_admission_carried_forward	core_static_cue_clean_rebuilt	none	a98a428763f722110e907127aa3b7a35eb39d426dd70fb869c0c9f9247a039a8	22060af66d4ace7fac80f73a36bc7ef5a62dfd3ea69280a3520722e989f6335b	6ef94c581c0c80ffc60f9bae4a88dea93ce03209da96033e64dd3b63e92d2b06
core::sra_v2_2::bigcodebench_045::wrong_resource_pointer	core_audited_marked_sibling	sra_v2_2::bigcodebench_045::wrong_resource_pointer	core_marked_sibling	L0_CORE_MARKED_SIBLING	bigcodebench	train	1	core_all694_pool	sra_v2_2::bigcodebench_045::wrong_resource_pointer::helpful	sra_v2_2::bigcodebench_045::wrong_resource_pointer::execution_risk	no	core_admission_carried_forward	core_static_cue_clean_rebuilt	none	8e9a64b1ff19615ab1d68a23dce5c6ca68b38225c1b6870d3cf2c10f5150bc0c	eef3d4ac8f955e4c483c6d9845c114ad065781360b9e599f06ddbad097832095	8275e055b7081f27302e1cc0f6c4fcfc040a6bb3ec63f4ed47d73eb07087f714
core::sra_v2_2::bigcodebench_046::wrong_resource_pointer	core_audited_marked_sibling	sra_v2_2::bigcodebench_046::wrong_resource_pointer	core_marked_sibling	L0_CORE_MARKED_SIBLING	bigcodebench	dev	1	core_all694_pool	sra_v2_2::bigcodebench_046::wrong_resource_pointer::helpful	sra_v2_2::bigcodebench_046::wrong_resource_pointer::execution_risk	no	core_admission_carried_forward	core_static_cue_clean_rebuilt	none	447be4c7b9dec8df6f875ba02b7ec3197f2051ea25a0c0f4894007a92f77f955	dba57276c49a358b8bedfc4390f315727a74caea72740c29a51c31dbb1130df2	b6a16c39f416b0c947f7fad37535b473fcf34e8694215caf68cf1fd86d63122c
core::sra_v2_2::bigcodebench_047::wrong_resource_pointer	core_audited_marked_sibling	sra_v2_2::bigcodebench_047::wrong_resource_pointer	core_marked_sibling	L0_CORE_MARKED_SIBLING	bigcodebench	test	1	core_all694_pool	sra_v2_2::bigcodebench_047::wrong_resource_pointer::helpful	sra_v2_2::bigcodebench_047::wrong_resource_pointer::execution_risk	no	core_admission_carried_forward	core_static_cue_clean_rebuilt	none	eb8792d5c5b715bb2a9a6a26482de937bf1836965e6dc514a93d9ffbd62fe4b9	d96287c2f9a4dc0fd146b1270837123288e251d713a8755efa63199f9bf39b05	6712b5b6d97785717bdbe52226dfafad8ca5806798c98ee6500ea6d152c9b6db
core::sra_v2_2::bigcodebench_048::wrong_resource_pointer	core_audited_marked_sibling	sra_v2_2::bigcodebench_048::wrong_resource_pointer	core_marked_sibling	L0_CORE_MARKED_SIBLING	bigcodebench	dev	1	core_all694_pool	sra_v2_2::bigcodebench_048::wrong_resource_pointer::helpful	sra_v2_2::bigcodebench_048::wrong_resource_pointer::execution_risk	no	core_admission_carried_forward	core_static_cue_clean_rebuilt	none	33cb8bc482f131184a7b104e4016b2b99811ba51806f89af872e58d298c73021	883d9c0b480fc72d60e5a9c5945921c779f7e730ace9cbbb74ec92c8a9ad5aef	f9d18a2f6d60c679796c064a899d3f14720fcd0483fb44a48cedcc6c766ea4e8
core::sra_v2_2::bigcodebench_049::wrong_resource_pointer	core_audited_marked_sibling	sra_v2_2::bigcodebench_049::wrong_resource_pointer	core_marked_sibling	L0_CORE_MARKED_SIBLING	bigcodebench	train	1	core_all694_pool	sra_v2_2::bigcodebench_049::wrong_resource_pointer::helpful	sra_v2_2::bigcodebench_049::wrong_resource_pointer::execution_risk	no	core_admission_carried_forward	core_static_cue_clean_rebuilt	none	886f093dc770bf57060b0c8c9c623ed5e742242a5b12d8c7c39bb95fd2133468	65838901100b06aea0bbfc9f7d66c3bcfeb6fcd29a3394e9e6e2d5f1839cbcc9	ca24bc8d6b7a72eadf5a6eba5c078389d703a404f1907b7a4e46fcce1f2e18f2
core::sra_v2_2::bigcodebench_050::wrong_resource_pointer	core_audited_marked_sibling	sra_v2_2::bigcodebench_050::wrong_resource_pointer	core_marked_sibling	L0_CORE_MARKED_SIBLING	bigcodebench	dev	1	core_all694_pool	sra_v2_2::bigcodebench_050::wrong_resource_pointer::helpful	sra_v2_2::bigcodebench_050::wrong_resource_pointer::execution_risk	no	core_admission_carried_forward	core_static_cue_clean_rebuilt	none	3993ba8b2a2ceede70d560e957786b1038bae6533c2e5b11de9f3e00ff204e89	257c85ab98fd9744a4c26b4f4a880d5ebd8b74358131af2d38e75c702b4531e6	a6d087a5f2c108787729cab7f9cb1eab85281d444dc64b3446572eb776e0412a
core::sra_v2_2::bigcodebench_051::wrong_resource_pointer	core_audited_marked_sibling	sra_v2_2::bigcodebench_051::wrong_resource_pointer	core_marked_sibling	L0_CORE_MARKED_SIBLING	bigcodebench	test	1	core_all694_pool	sra_v2_2::bigcodebench_051::wrong_resource_pointer::helpful	sra_v2_2::bigcodebench_051::wrong_resource_pointer::execution_risk	no	core_admission_carried_forward	core_static_cue_clean_rebuilt	none	b84018d857035d010b338da1e846c7c53cba8dcb61ae85c19ab6a5c4bfe1e39d	0b0b23e138e7abe258979dda512afab68488bc2cf0064fc8e98e3c75117c238e	b34e93ff146e415c602c85438bb82bfe7c27fc54a222650c63cd8469f146fe77
core::sra_v2_2::bigcodebench_052::wrong_resource_pointer	core_audited_marked_sibling	sra_v2_2::bigcodebench_052::wrong_resource_pointer	core_marked_sibling	L0_CORE_MARKED_SIBLING	bigcodebench	test	1	core_all694_pool	sra_v2_2::bigcodebench_052::wrong_resource_pointer::helpful	sra_v2_2::bigcodebench_052::wrong_resource_pointer::execution_risk	no	core_admission_carried_forward	core_static_cue_clean_rebuilt	none	381071309d0bd1e70a9ec5df60eb606853fa1c06295b648063185b2b5aab3bc1	31f4d0aa0ceeceb3d80a23ae17b18cae68e379e2506cd21cdde6121c22fb94a0	ed65c1951803a8bae254f2436ec2293e57d867defb92245bd03e9d85f09e430d
core::sra_v2_2::bigcodebench_053::wrong_resource_pointer	core_audited_marked_sibling	sra_v2_2::bigcodebench_053::wrong_resource_pointer	core_marked_sibling	L0_CORE_MARKED_SIBLING	bigcodebench	train	1	core_all694_pool	sra_v2_2::bigcodebench_053::wrong_resource_pointer::helpful	sra_v2_2::bigcodebench_053::wrong_resource_pointer::execution_risk	no	core_admission_carried_forward	core_static_cue_clean_rebuilt	none	e9b6420db462f5e4ba2bcdab43061473eed47089ecc5e6b3c6f0caad4a9f75e4	1f29430bb61769f7e204ec939e28e6b5d911a242e4127471e53a648969835615	cca1ddbd46f9cb9679b45f802e59c4ee6ce9258b625fc9f8b299280eac9a199c
core::sra_v2_2::bigcodebench_054::wrong_resource_pointer	core_audited_marked_sibling	sra_v2_2::bigcodebench_054::wrong_resource_pointer	core_marked_sibling	L0_CORE_MARKED_SIBLING	bigcodebench	train	1	core_all694_pool	sra_v2_2::bigcodebench_054::wrong_resource_pointer::helpful	sra_v2_2::bigcodebench_054::wrong_resource_pointer::execution_risk	no	core_admission_carried_forward	core_static_cue_clean_rebuilt	none	a278d01b5f01e2625647fee50fdd83c87ef60dd1631aec925bf0a77799222b29	9cbf6fe67fd210459f23d19aeb6edc53b252b50c22e737c5688e3d0141c8d9cf	58eaa3f3b96a0882ea23fc850d8af38801a9676b8acf212ce1924224713c5701
core::sra_v2_2::bigcodebench_055::wrong_resource_pointer	core_audited_marked_sibling	sra_v2_2::bigcodebench_055::wrong_resource_pointer	core_marked_sibling	L0_CORE_MARKED_SIBLING	bigcodebench	test	1	core_all694_pool	sra_v2_2::bigcodebench_055::wrong_resource_pointer::helpful	sra_v2_2::bigcodebench_055::wrong_resource_pointer::execution_risk	no	core_admission_carried_forward	core_static_cue_clean_rebuilt	none	0ba17c3d68a4832c872427d22f2ea91246f7f924e95031dedea1d311baf1212c	9dc530a36eae81aabdf287c7a5379c21699f450908a19c159cc2abc1e72aad55	7ba18481a10711c945353edabf710a6a7ad25d45193570d8644f45a59f3b9706
core::sra_v2_2::bigcodebench_056::poisoned_procedure_clause	core_audited_marked_sibling	sra_v2_2::bigcodebench_056::poisoned_procedure_clause	core_marked_sibling	L0_CORE_MARKED_SIBLING	bigcodebench	test	1	core_all694_pool	sra_v2_2::bigcodebench_056::poisoned_procedure_clause::helpful	sra_v2_2::bigcodebench_056::poisoned_procedure_clause::execution_risk	no	core_admission_carried_forward	core_static_cue_clean_rebuilt	none	9ec62b28581536de91eb1b6a2df422d5bc35641df0a0c40a618981b6bb4f022d	3972e0b0dcff49c3e2519e254bee76c7634080fb7709d9b782b3b6761224e1c0	d3edeb50e1f2adc3c24299bdc8e7f96a050a0af6adfe86b504d9c52ddc395a91
core::sra_v2_2::bigcodebench_057::wrong_resource_pointer	core_audited_marked_sibling	sra_v2_2::bigcodebench_057::wrong_resource_pointer	core_marked_sibling	L0_CORE_MARKED_SIBLING	bigcodebench	test	1	core_all694_pool	sra_v2_2::bigcodebench_057::wrong_resource_pointer::helpful	sra_v2_2::bigcodebench_057::wrong_resource_pointer::execution_risk	no	core_admission_carried_forward	core_static_cue_clean_rebuilt	none	b84018d857035d010b338da1e846c7c53cba8dcb61ae85c19ab6a5c4bfe1e39d	45338a74c6c7f3f82efd4e7ba0516342d38a364bdd9689bb69134ea332dfb9e2	781861e4ea8901f69648a7cae3524d687c0d6b297c62e4b06bdc9dfc2bc60042
core::sra_v2_2::bigcodebench_058::wrong_resource_pointer	core_audited_marked_sibling	sra_v2_2::bigcodebench_058::wrong_resource_pointer	core_marked_sibling	L0_CORE_MARKED_SIBLING	bigcodebench	train	1	core_all694_pool	sra_v2_2::bigcodebench_058::wrong_resource_pointer::helpful	sra_v2_2::bigcodebench_058::wrong_resource_pointer::execution_risk	no	core_admission_carried_forward	core_static_cue_clean_rebuilt	none	de491fc117464d1f941cd2a9789264f23fd038095ebbfccd44bace154493d075	157a354ec954b8bc0a44fd49569fda1e341fa40f7f60d97a24f1e2648f2d1010	a102ddc6fe516bec5d969dff23f4ebbb6814d56a1c2769774e6ccd4aab9b1682
core::sra_v2_2::bigcodebench_059::poisoned_procedure_clause	core_audited_marked_sibling	sra_v2_2::bigcodebench_059::poisoned_procedure_clause	core_marked_sibling	L0_CORE_MARKED_SIBLING	bigcodebench	train	1	core_all694_pool	sra_v2_2::bigcodebench_059::poisoned_procedure_clause::helpful	sra_v2_2::bigcodebench_059::poisoned_procedure_clause::execution_risk	no	core_admission_carried_forward	core_static_cue_clean_rebuilt	none	66761afdb3ab6e6def48eca3b0988ac560b870b66415bf3f1d3b8302d29b0fb9	69e5249173a4ca9607ec2b0d56d3647714a6fb1d161433bb1279b32c46216b1d	fc22c4be971569cb710bed2d32ab6bfbdd29f9351b032204631c682192ab040f
core::sra_v2_2::bigcodebench_061::wrong_resource_pointer	core_audited_marked_sibling	sra_v2_2::bigcodebench_061::wrong_resource_pointer	core_marked_sibling	L0_CORE_MARKED_SIBLING	bigcodebench	test	1	core_all694_pool	sra_v2_2::bigcodebench_061::wrong_resource_pointer::helpful	sra_v2_2::bigcodebench_061::wrong_resource_pointer::execution_risk	no	core_admission_carried_forward	core_static_cue_clean_rebuilt	none	3273ef258462502938125b0c2568effab6190ac7425637b869329931365db8af	410897795bb49a5b75ff40e51215b008bb45b9ffdf54d4a2e4aa336841ef8767	0116ece4b608dea6c5b0f40a5fd594b914104b22aa782ec021b43fe28403b1af
core::sra_v2_2::bigcodebench_062::wrong_resource_pointer	core_audited_marked_sibling	sra_v2_2::bigcodebench_062::wrong_resource_pointer	core_marked_sibling	L0_CORE_MARKED_SIBLING	bigcodebench	test	1	core_all694_pool	sra_v2_2::bigcodebench_062::wrong_resource_pointer::helpful	sra_v2_2::bigcodebench_062::wrong_resource_pointer::execution_risk	no	core_admission_carried_forward	core_static_cue_clean_rebuilt	none	7a875a97eac91d935ddd9e97614d43d924dd8edd8d7c77e75e6e244271b043f8	ce86f8ec1afb27315477aaf52c2e5e254a84d1b3c3878ff5e51dd590b00b421c	fd055c54d6126db14a98bafca9f52471595a31a4e911c84360f1c19e8d02051a
core::sra_v2_2::bigcodebench_063::wrong_resource_pointer	core_audited_marked_sibling	sra_v2_2::bigcodebench_063::wrong_resource_pointer	core_marked_sibling	L0_CORE_MARKED_SIBLING	bigcodebench	dev	1	core_all694_pool	sra_v2_2::bigcodebench_063::wrong_resource_pointer::helpful	sra_v2_2::bigcodebench_063::wrong_resource_pointer::execution_risk	no	core_admission_carried_forward	core_static_cue_clean_rebuilt	none	e518d5546bb6571343a4adab7cb382bf49d518936129421ffcf5cbf867d24b05	1550a3e7e48df1d7511bfe4c85f5b660c1858955b9b620c5e012f7d9f92aee28	53d10c25fcb8747f5d0247650500e4a802ad82dd4e8b850dc091e9a9c0b02495
core::sra_v2_2::bigcodebench_064::poisoned_procedure_clause	core_audited_marked_sibling	sra_v2_2::bigcodebench_064::poisoned_procedure_clause	core_marked_sibling	L0_CORE_MARKED_SIBLING	bigcodebench	train	1	core_all694_pool	sra_v2_2::bigcodebench_064::poisoned_procedure_clause::helpful	sra_v2_2::bigcodebench_064::poisoned_procedure_clause::execution_risk	no	core_admission_carried_forward	core_static_cue_clean_rebuilt	none	da460aa3c599a3f7e7c398fedf42e0a6c956ef03da23eea9134f70bb06cdbc5c	ec64f422d7f4b1fa4c3c68ae427f055c15bf5c674e5ab490d4ab1d6fe28cc179	7001a1edd91d265953435c26447252bc4514ab344117e35dce4ca0416f5910ea
core::sra_v2_2::bigcodebench_065::wrong_resource_pointer	core_audited_marked_sibling	sra_v2_2::bigcodebench_065::wrong_resource_pointer	core_marked_sibling	L0_CORE_MARKED_SIBLING	bigcodebench	test	1	core_all694_pool	sra_v2_2::bigcodebench_065::wrong_resource_pointer::helpful	sra_v2_2::bigcodebench_065::wrong_resource_pointer::execution_risk	no	core_admission_carried_forward	core_static_cue_clean_rebuilt	none	55755398f71608a045f36f32f433fe51062f77c3fe5533fd23e7cfaa63c51fff	77a7bf981a8fef7ed9196106db55584a0351d78eafb07444f6f233440d79e692	71cd0a74ce6f322f9bb87d771130fc952658743c3e17b287dc81548d93f0f918
core::sra_v2_2::bigcodebench_066::wrong_resource_pointer	core_audited_marked_sibling	sra_v2_2::bigcodebench_066::wrong_resource_pointer	core_marked_sibling	L0_CORE_MARKED_SIBLING	bigcodebench	dev	1	core_all694_pool	sra_v2_2::bigcodebench_066::wrong_resource_pointer::helpful	sra_v2_2::bigcodebench_066::wrong_resource_pointer::execution_risk	no	core_admission_carried_forward	core_static_cue_clean_rebuilt	none	2c46e6ab58d274f1303ae469db1a0f70b3b6d4d16a3bacee16117a4f09907abe	91140e3e5878d15cbfc3f89d6869ed03fbb3627d4ebe0edcf7f51bfa8aed2506	c2d3fe7e61e2cadd7e913e0e7423b4dff9219ef0c2698a2b9f3ecae8964efbbc
core::sra_v2_2::bigcodebench_067::wrong_resource_pointer	core_audited_marked_sibling	sra_v2_2::bigcodebench_067::wrong_resource_pointer	core_marked_sibling	L0_CORE_MARKED_SIBLING	bigcodebench	train	1	core_all694_pool	sra_v2_2::bigcodebench_067::wrong_resource_pointer::helpful	sra_v2_2::bigcodebench_067::wrong_resource_pointer::execution_risk	no	core_admission_carried_forward	core_static_cue_clean_rebuilt	none	6c9996a51d2639af7bf25ce90b35fcec29ccfc31307b7853eadbcd7affbd81f6	e1c54eab373dcd620e10b553ab419dff22df0df70fc68fe1f97a8c45cd626ac5	80d7723e3da97a0426d9620fbb21600db3e5f55fea36c465c8e14071e0a9084d
core::sra_v2_2::bigcodebench_068::wrong_resource_pointer	core_audited_marked_sibling	sra_v2_2::bigcodebench_068::wrong_resource_pointer	core_marked_sibling	L0_CORE_MARKED_SIBLING	bigcodebench	train	1	core_all694_pool	sra_v2_2::bigcodebench_068::wrong_resource_pointer::helpful	sra_v2_2::bigcodebench_068::wrong_resource_pointer::execution_risk	no	core_admission_carried_forward	core_static_cue_clean_rebuilt	none	d3a88aaf0a118646f661da6ab2b9e2361d558dcc60000018999ab48d1e20c42c	40e717fded1f2c8b9c388b156ac6aa4d7492abf49fe652b9df28a61fa02fdd96	1d7234db4df06dd8c1ee1bc6e6c76be8c477aa0e8ba9f7440ad63f7259a2630f
core::sra_v2_2::bigcodebench_069::wrong_resource_pointer	core_audited_marked_sibling	sra_v2_2::bigcodebench_069::wrong_resource_pointer	core_marked_sibling	L0_CORE_MARKED_SIBLING	bigcodebench	train	1	core_all694_pool	sra_v2_2::bigcodebench_069::wrong_resource_pointer::helpful	sra_v2_2::bigcodebench_069::wrong_resource_pointer::execution_risk	no	core_admission_carried_forward	core_static_cue_clean_rebuilt	none	e3346d1b0b2cbf35f7b3368899ee418937bbfc8b5f2decde81571be2e19a0f52	f4184c414b4f55bd49d59a69af99200ca6842938fb22fc15ca7436f14b103ef9	465414f7aa934678bd4bfe2f4453397a77f61ce4f0e3b9b877c16f861ca1f226
core::sra_v2_2::bigcodebench_070::wrong_resource_pointer	core_audited_marked_sibling	sra_v2_2::bigcodebench_070::wrong_resource_pointer	core_marked_sibling	L0_CORE_MARKED_SIBLING	bigcodebench	test	1	core_all694_pool	sra_v2_2::bigcodebench_070::wrong_resource_pointer::helpful	sra_v2_2::bigcodebench_070::wrong_resource_pointer::execution_risk	no	core_admission_carried_forward	core_static_cue_clean_rebuilt	none	bd5573ee0ff91959d14584c700bf9bbb5a80f15a4b998c9f5b0124725e36920c	a44b25e5c8000f1c0d5cb49bd6b9912c91cb8b024c85c0bc39c2e2583a79527d	58a5ff37e3f4cc78d65747c1073f855cff03d45a6f784c53bc0f420b0a96ff77
core::sra_v2_2::bigcodebench_071::wrong_resource_pointer	core_audited_marked_sibling	sra_v2_2::bigcodebench_071::wrong_resource_pointer	core_marked_sibling	L0_CORE_MARKED_SIBLING	bigcodebench	train	1	core_all694_pool	sra_v2_2::bigcodebench_071::wrong_resource_pointer::helpful	sra_v2_2::bigcodebench_071::wrong_resource_pointer::execution_risk	no	core_admission_carried_forward	core_static_cue_clean_rebuilt	none	e613b67358a913618bbbe0d695884ae2977a2103d77b91bb5b36b4abca545e6f	514ff98a6510aa67c652f2c372748f9e62f197b58be6d6bc552f129da8a5e9ad	d65d8fdcbff03be2e2bc4753a61b9055b398fe43289e0c5bb1eb8dd65cfda6ee
core::sra_v2_2::bigcodebench_072::wrong_resource_pointer	core_audited_marked_sibling	sra_v2_2::bigcodebench_072::wrong_resource_pointer	core_marked_sibling	L0_CORE_MARKED_SIBLING	bigcodebench	train	1	core_all694_pool	sra_v2_2::bigcodebench_072::wrong_resource_pointer::helpful	sra_v2_2::bigcodebench_072::wrong_resource_pointer::execution_risk	no	core_admission_carried_forward	core_static_cue_clean_rebuilt	none	d3a88aaf0a118646f661da6ab2b9e2361d558dcc60000018999ab48d1e20c42c	23c65b4fa2a11bd0d3314879487ac5ff79a214b3e8b45f6f85cd826c71181e3e	3890e2373a167c903718056a333ec0d51498afd3ec2b72ea55d093a070306b5b
core::sra_v2_2::bigcodebench_073::wrong_resource_pointer	core_audited_marked_sibling	sra_v2_2::bigcodebench_073::wrong_resource_pointer	core_marked_sibling	L0_CORE_MARKED_SIBLING	bigcodebench	dev	1	core_all694_pool	sra_v2_2::bigcodebench_073::wrong_resource_pointer::helpful	sra_v2_2::bigcodebench_073::wrong_resource_pointer::execution_risk	no	core_admission_carried_forward	core_static_cue_clean_rebuilt	none	83813e5096561a3a13b4bfab737cefced910b982154d346fd835fa67fb46c673	76f4f2ba4d9ba8ff66b4d2e3b5ed94e025742628c731bbca2d56255b0d6b19c6	fccc9e8b281d30025d030bc1242179c0d11ec404356dd9ff4fc7aefe762d0cb9
core::sra_v2_2::bigcodebench_074::wrong_resource_pointer	core_audited_marked_sibling	sra_v2_2::bigcodebench_074::wrong_resource_pointer	core_marked_sibling	L0_CORE_MARKED_SIBLING	bigcodebench	test	1	core_all694_pool	sra_v2_2::bigcodebench_074::wrong_resource_pointer::helpful	sra_v2_2::bigcodebench_074::wrong_resource_pointer::execution_risk	no	core_admission_carried_forward	core_static_cue_clean_rebuilt	none	c4d9196af5088bb25a4ca15726f6947c3a4f17fe96238fb14baec8ffee9d06dd	365437709093140e920b883eeb8ea139070d351ad6bf2c362aed4c22589c138a	d0d1f2d736c194f580782b814d1aa8e40be033b4ba5365ea69d52d8517a83dd6
core::sra_v2_2::bigcodebench_075::wrong_resource_pointer	core_audited_marked_sibling	sra_v2_2::bigcodebench_075::wrong_resource_pointer	core_marked_sibling	L0_CORE_MARKED_SIBLING	bigcodebench	train	1	core_all694_pool	sra_v2_2::bigcodebench_075::wrong_resource_pointer::helpful	sra_v2_2::bigcodebench_075::wrong_resource_pointer::execution_risk	no	core_admission_carried_forward	core_static_cue_clean_rebuilt	none	e3346d1b0b2cbf35f7b3368899ee418937bbfc8b5f2decde81571be2e19a0f52	6ce5b1419cda8192bd4edaa5f3e6b6c9d3d7eb877808e63b66f242fefff759d7	cacc23e3ebf003f378f905401f7174b90686f6d5a3ad74fe0835c72bd5da67e2
core::sra_v2_2::bigcodebench_076::wrong_precondition	core_audited_marked_sibling	sra_v2_2::bigcodebench_076::wrong_precondition	core_marked_sibling	L0_CORE_MARKED_SIBLING	bigcodebench	train	1	core_all694_pool	sra_v2_2::bigcodebench_076::wrong_precondition::helpful	sra_v2_2::bigcodebench_076::wrong_precondition::execution_risk	no	core_admission_carried_forward	core_static_cue_clean_rebuilt	none	14ebffa6101fff417e3de029c12e7f43257c546112b1d4a1cadf8b29acc13b16	640cb329e42d4666bbc2813e66204976e3a2f161c3a94cb1a64f1f5e58c872ca	9e0d1ecac897de631d8ff3b35c42c942452dcca4af2cc5bbf58cadc3a261996d
core::sra_v2_2::bigcodebench_077::wrong_resource_pointer	core_audited_marked_sibling	sra_v2_2::bigcodebench_077::wrong_resource_pointer	core_marked_sibling	L0_CORE_MARKED_SIBLING	bigcodebench	test	1	core_all694_pool	sra_v2_2::bigcodebench_077::wrong_resource_pointer::helpful	sra_v2_2::bigcodebench_077::wrong_resource_pointer::execution_risk	no	core_admission_carried_forward	core_static_cue_clean_rebuilt	none	56c1f5772d3010af55448ffcf40a594c01a95ec9cdaad14af890e960aa8e5dd4	e16bf9768c7d404c595ae4db7cea8f45f9f0c5ffe9623d0ae313eaf2e9fba317	db2249a7ec866e7a91fed3d8f257b3e5f8bf2467de517be980bb172cc7e81a36
core::sra_v2_2::bigcodebench_078::wrong_resource_pointer	core_audited_marked_sibling	sra_v2_2::bigcodebench_078::wrong_resource_pointer	core_marked_sibling	L0_CORE_MARKED_SIBLING	bigcodebench	train	1	core_all694_pool	sra_v2_2::bigcodebench_078::wrong_resource_pointer::helpful	sra_v2_2::bigcodebench_078::wrong_resource_pointer::execution_risk	no	core_admission_carried_forward	core_static_cue_clean_rebuilt	none	6c9996a51d2639af7bf25ce90b35fcec29ccfc31307b7853eadbcd7affbd81f6	9bdd2867814958cebf1010e04bb164fcee9917b365dd361121430b930500573b	483188d395fd4fb110e724a70211ffc9fba921ed2d3ade15b7b3e2cbcfd513fe
core::sra_v2_2::bigcodebench_079::wrong_resource_pointer	core_audited_marked_sibling	sra_v2_2::bigcodebench_079::wrong_resource_pointer	core_marked_sibling	L0_CORE_MARKED_SIBLING	bigcodebench	train	1	core_all694_pool	sra_v2_2::bigcodebench_079::wrong_resource_pointer::helpful	sra_v2_2::bigcodebench_079::wrong_resource_pointer::execution_risk	no	core_admission_carried_forward	core_static_cue_clean_rebuilt	none	9328dcf75d4807777bf7dc0115798bf02adfd179d72d84d7b2f913a1d6b2aaa2	72621c55cf93a40c2aec4f0343505c95657cbb1560bf1a7e81c7e86eb0407214	4896351ab0e0fd7b570f85c8ae3dbacf3875e395b7041795a142743d86a77315
core::sra_v2_2::bigcodebench_080::wrong_resource_pointer	core_audited_marked_sibling	sra_v2_2::bigcodebench_080::wrong_resource_pointer	core_marked_sibling	L0_CORE_MARKED_SIBLING	bigcodebench	train	1	core_all694_pool	sra_v2_2::bigcodebench_080::wrong_resource_pointer::helpful	sra_v2_2::bigcodebench_080::wrong_resource_pointer::execution_risk	no	core_admission_carried_forward	core_static_cue_clean_rebuilt	none	9b2b2855c9e5eafad37570297c5ee19ed2890d9a3e2bd774f925fd82a97740cd	b9f86008780019339f913fc63f6275004bbd33b1f61412d6c9dc6356a795aff5	29b730406070020d86df81c581a99d93ccd557e480db70eaff1864df14581f7f
core::sra_v2_2::bigcodebench_081::wrong_resource_pointer	core_audited_marked_sibling	sra_v2_2::bigcodebench_081::wrong_resource_pointer	core_marked_sibling	L0_CORE_MARKED_SIBLING	bigcodebench	dev	1	core_all694_pool	sra_v2_2::bigcodebench_081::wrong_resource_pointer::helpful	sra_v2_2::bigcodebench_081::wrong_resource_pointer::execution_risk	no	core_admission_carried_forward	core_static_cue_clean_rebuilt	none	3993ba8b2a2ceede70d560e957786b1038bae6533c2e5b11de9f3e00ff204e89	c998c0ab4475e29b7e8d9f8e3b60628682750440624c9672a487a9acdd2369b7	50de480ef0e4cb4fc7a0590deaf807b49ab57efd59c7c5090726cf31cc1a6409
core::sra_v2_2::bigcodebench_082::wrong_resource_pointer	core_audited_marked_sibling	sra_v2_2::bigcodebench_082::wrong_resource_pointer	core_marked_sibling	L0_CORE_MARKED_SIBLING	bigcodebench	test	1	core_all694_pool	sra_v2_2::bigcodebench_082::wrong_resource_pointer::helpful	sra_v2_2::bigcodebench_082::wrong_resource_pointer::execution_risk	no	core_admission_carried_forward	core_static_cue_clean_rebuilt	none	381071309d0bd1e70a9ec5df60eb606853fa1c06295b648063185b2b5aab3bc1	c3ffcbe2f552a637664401e7ea610f3e521f278e09fa4dec7445743a4d297dc4	613bcc1374b28250a4a73a39043e43bf201b6eab3d04d640ccaa9afd7137c048
core::sra_v2_2::bigcodebench_083::wrong_resource_pointer	core_audited_marked_sibling	sra_v2_2::bigcodebench_083::wrong_resource_pointer	core_marked_sibling	L0_CORE_MARKED_SIBLING	bigcodebench	train	1	core_all694_pool	sra_v2_2::bigcodebench_083::wrong_resource_pointer::helpful	sra_v2_2::bigcodebench_083::wrong_resource_pointer::execution_risk	no	core_admission_carried_forward	core_static_cue_clean_rebuilt	none	0ada9acba21f6fc35304afbd8b7a8dd156611d32056ac216473cad6d107a5815	f611bc616996e4b922daa8451c5ed5b00fa7e3dbd13680fc5fc5aef290b82eae	86a98a40ffc75491df78cc6335083ac3fba61d2c179ef3d64af87be2e08cb4da
core::sra_v2_2::bigcodebench_084::wrong_resource_pointer	core_audited_marked_sibling	sra_v2_2::bigcodebench_084::wrong_resource_pointer	core_marked_sibling	L0_CORE_MARKED_SIBLING	bigcodebench	test	1	core_all694_pool	sra_v2_2::bigcodebench_084::wrong_resource_pointer::helpful	sra_v2_2::bigcodebench_084::wrong_resource_pointer::execution_risk	no	core_admission_carried_forward	core_static_cue_clean_rebuilt	none	550851fcbc6ca59d7c61e8037eeddc6e9a0c7a1853db951ad0044df8a365cdd0	940888eae91f7fa97aa151cfc966046c1393a89aeb01b53bf6356d2aa2b45c9d	1b155870bd46c315269760b072a60a563ad22f5377f07a3aaf575386a048ed07
core::sra_v2_2::bigcodebench_085::wrong_resource_pointer	core_audited_marked_sibling	sra_v2_2::bigcodebench_085::wrong_resource_pointer	core_marked_sibling	L0_CORE_MARKED_SIBLING	bigcodebench	dev	1	core_all694_pool	sra_v2_2::bigcodebench_085::wrong_resource_pointer::helpful	sra_v2_2::bigcodebench_085::wrong_resource_pointer::execution_risk	no	core_admission_carried_forward	core_static_cue_clean_rebuilt	none	2a3efd12303e4ba4ba3540dd771d4c4fb95d6a4c19b66ee55c333b5c478bb916	5aa51649064629818d04535cb7fb350c242ee5abc29cdca78af63d7925fee418	4ade88a0faa856f38f8ccf2bc7e137174e46c944823ff6350632c671c1b56c9e
core::sra_v2_2::bigcodebench_086::wrong_resource_pointer	core_audited_marked_sibling	sra_v2_2::bigcodebench_086::wrong_resource_pointer	core_marked_sibling	L0_CORE_MARKED_SIBLING	bigcodebench	train	1	core_all694_pool	sra_v2_2::bigcodebench_086::wrong_resource_pointer::helpful	sra_v2_2::bigcodebench_086::wrong_resource_pointer::execution_risk	no	core_admission_carried_forward	core_static_cue_clean_rebuilt	none	62c4124f5e4cf9f10273e75dc030376b18bc58bfbfe95e5572a0901ef633c285	055d28068e40648eb81a64963c4c2dfe73bbd14587e8b4bf97516eea52a68d3a	62909dc5ff26cc0e176117d68c7ab0846443b851158a22a99dc63ad0c49b9c69
core::sra_v2_2::bigcodebench_087::wrong_resource_pointer	core_audited_marked_sibling	sra_v2_2::bigcodebench_087::wrong_resource_pointer	core_marked_sibling	L0_CORE_MARKED_SIBLING	bigcodebench	test	1	core_all694_pool	sra_v2_2::bigcodebench_087::wrong_resource_pointer::helpful	sra_v2_2::bigcodebench_087::wrong_resource_pointer::execution_risk	no	core_admission_carried_forward	core_static_cue_clean_rebuilt	none	8b38fff96951192acf41b301795497167d195365472152f30160a0ff5e633138	f095efd59ed4c4c832804ba5684616838cb4195a3abd818922023e2393e87a26	b68cc0b7aa1408bb9d2c43082709a9fdfdba10d01871d9b637eea232a6f62766
core::sra_v2_2::bigcodebench_088::wrong_resource_pointer	core_audited_marked_sibling	sra_v2_2::bigcodebench_088::wrong_resource_pointer	core_marked_sibling	L0_CORE_MARKED_SIBLING	bigcodebench	train	1	core_all694_pool	sra_v2_2::bigcodebench_088::wrong_resource_pointer::helpful	sra_v2_2::bigcodebench_088::wrong_resource_pointer::execution_risk	no	core_admission_carried_forward	core_static_cue_clean_rebuilt	none	0b602ae521893b8f67c5f0207846b59583cd417cb04f982c479e8ae4f7028506	38725998594400c7e4d449b099e3c5952f61c988cac0cb828f06f33b1aa57c0b	0ff4ddfeb32164cef0954c57b3b76ec02264be88a074e21c9da05c8b8605085e
core::sra_v2_2::bigcodebench_089::wrong_resource_pointer	core_audited_marked_sibling	sra_v2_2::bigcodebench_089::wrong_resource_pointer	core_marked_sibling	L0_CORE_MARKED_SIBLING	bigcodebench	test	1	core_all694_pool	sra_v2_2::bigcodebench_089::wrong_resource_pointer::helpful	sra_v2_2::bigcodebench_089::wrong_resource_pointer::execution_risk	no	core_admission_carried_forward	core_static_cue_clean_rebuilt	none	43e3f948e9779772b1af393a9d08949cc94a37bcef30c27ce0fe631a6947dc90	43377c32b4e14a8d356d6b13e46d7006d7166393a71d26f040cea4b5ac1c3050	5d37eb65826b1bdcd233e679ee9443bcf2f8475ad24749aa022dbbfd67717540
core::sra_v2_2::bigcodebench_090::wrong_resource_pointer	core_audited_marked_sibling	sra_v2_2::bigcodebench_090::wrong_resource_pointer	core_marked_sibling	L0_CORE_MARKED_SIBLING	bigcodebench	train	1	core_all694_pool	sra_v2_2::bigcodebench_090::wrong_resource_pointer::helpful	sra_v2_2::bigcodebench_090::wrong_resource_pointer::execution_risk	no	core_admission_carried_forward	core_static_cue_clean_rebuilt	none	7d8f249b246447348dff8d68b5c1f798881f79335b1b73b7358e4e00d1091be3	686eca0504c16736f5ef6f577fa7f15806302c5fb8a06a3398d7799f18418af4	27fdad70be1ba938d86c668b60d7dbd1681598f8391af6986e49e2d9792374ee
core::sra_v2_2::bigcodebench_091::wrong_precondition	core_audited_marked_sibling	sra_v2_2::bigcodebench_091::wrong_precondition	core_marked_sibling	L0_CORE_MARKED_SIBLING	bigcodebench	train	1	core_all694_pool	sra_v2_2::bigcodebench_091::wrong_precondition::helpful	sra_v2_2::bigcodebench_091::wrong_precondition::execution_risk	no	core_admission_carried_forward	core_static_cue_clean_rebuilt	none	ea425fc13d952252c63f9623e338b4c6e3491451dfd212a4f1c8d6fdbae28f1f	25899b63729840e4cb240c3cab3dd2fe9c7135e79dd4bbfd27670c043f50ea35	ed5a17cb55a45bd490623b42dd6e4a9967759407bb541f08bb2346964f1204b0
core::sra_v2_2::bigcodebench_092::wrong_resource_pointer	core_audited_marked_sibling	sra_v2_2::bigcodebench_092::wrong_resource_pointer	core_marked_sibling	L0_CORE_MARKED_SIBLING	bigcodebench	train	1	core_all694_pool	sra_v2_2::bigcodebench_092::wrong_resource_pointer::helpful	sra_v2_2::bigcodebench_092::wrong_resource_pointer::execution_risk	no	core_admission_carried_forward	core_static_cue_clean_rebuilt	none	b9a6fa088990a5f6d939efc6344d87f44a01b95cfcb0cce93c3f8941ccfdbb23	9c7f0af64405f320677498b0dfcef69a703cc39870afde4f1539baaebfb3313b	4c2ac5572cdab1b4abe41cdb53926a89e41c05723e98b34f0f7b609dd5952630
core::sra_v2_2::bigcodebench_093::wrong_precondition	core_audited_marked_sibling	sra_v2_2::bigcodebench_093::wrong_precondition	core_marked_sibling	L0_CORE_MARKED_SIBLING	bigcodebench	dev	1	core_all694_pool	sra_v2_2::bigcodebench_093::wrong_precondition::helpful	sra_v2_2::bigcodebench_093::wrong_precondition::execution_risk	no	core_admission_carried_forward	core_static_cue_clean_rebuilt	none	94bfdab59aed27b3507cea6d23f2d9fa7637f1b5d072afe51c5f357bbeddd4c3	e01c86a270a4513aac4b5efa174153e1d9c530dee4b889987b48c192bb9cf359	b44d237adfbd1b65ab594a7890502bce2510d925b4cc314ada54ec40341a3e77
core::sra_v2_2::bigcodebench_094::wrong_resource_pointer	core_audited_marked_sibling	sra_v2_2::bigcodebench_094::wrong_resource_pointer	core_marked_sibling	L0_CORE_MARKED_SIBLING	bigcodebench	train	1	core_all694_pool	sra_v2_2::bigcodebench_094::wrong_resource_pointer::helpful	sra_v2_2::bigcodebench_094::wrong_resource_pointer::execution_risk	no	core_admission_carried_forward	core_static_cue_clean_rebuilt	none	58427a409ed5818ebf7a7a08245c049420bc619c73959b5ef1a5fb4caf5ab8a9	d35aa2162dce579574cd3622619b1a0eb56131beeb8f23807f19b7a885b1007d	17826940db7890ec33e1466db34d0466da607b51e87a3c38adcbb49442e49667
core::sra_v2_2::bigcodebench_095::wrong_resource_pointer	core_audited_marked_sibling	sra_v2_2::bigcodebench_095::wrong_resource_pointer	core_marked_sibling	L0_CORE_MARKED_SIBLING	bigcodebench	test	1	core_all694_pool	sra_v2_2::bigcodebench_095::wrong_resource_pointer::helpful	sra_v2_2::bigcodebench_095::wrong_resource_pointer::execution_risk	no	core_admission_carried_forward	core_static_cue_clean_rebuilt	none	8b38fff96951192acf41b301795497167d195365472152f30160a0ff5e633138	23cf099d1760884e52d3ba6d6fbf14e0ccfee267ab8d2cb53d909192a1bb0d91	17709af83037c8b866f5b15fb12903eabaa91dfeea3320597f00e1082d0145b2
core::sra_v2_2::bigcodebench_096::poisoned_procedure_clause	core_audited_marked_sibling	sra_v2_2::bigcodebench_096::poisoned_procedure_clause	core_marked_sibling	L0_CORE_MARKED_SIBLING	bigcodebench	test	1	core_all694_pool	sra_v2_2::bigcodebench_096::poisoned_procedure_clause::helpful	sra_v2_2::bigcodebench_096::poisoned_procedure_clause::execution_risk	no	core_admission_carried_forward	core_static_cue_clean_rebuilt	none	221edf0b3cc9ab1a4a441cc5adfc081780e00e238fdd4af63c995a109f463c27	831b6220a26b04676b878946bedf49b96576f63ff0d7b1befe6b9db7b8195df1	7ec7fe8a670063cd382908d0567d74a21283461979e1214232a7affda835c6e7
core::sra_v2_2::bigcodebench_097::wrong_resource_pointer	core_audited_marked_sibling	sra_v2_2::bigcodebench_097::wrong_resource_pointer	core_marked_sibling	L0_CORE_MARKED_SIBLING	bigcodebench	test	1	core_all694_pool	sra_v2_2::bigcodebench_097::wrong_resource_pointer::helpful	sra_v2_2::bigcodebench_097::wrong_resource_pointer::execution_risk	no	core_admission_carried_forward	core_static_cue_clean_rebuilt	none	1c2cd2f0d4508ea3c5824ed2e00f050e4f9a37d9bb90d1e6dd09bfbd75de47fb	652694a351dde2722e365c85aa0a5c77eda7b06f9b1039ef7f9a5fd76ef24af8	2078d9297c52d01fa7ad7e3a1e46f116ab7964c85e250a901759af23c6891537
core::sra_v2_2::bigcodebench_098::wrong_resource_pointer	core_audited_marked_sibling	sra_v2_2::bigcodebench_098::wrong_resource_pointer	core_marked_sibling	L0_CORE_MARKED_SIBLING	bigcodebench	dev	1	core_all694_pool	sra_v2_2::bigcodebench_098::wrong_resource_pointer::helpful	sra_v2_2::bigcodebench_098::wrong_resource_pointer::execution_risk	no	core_admission_carried_forward	core_static_cue_clean_rebuilt	none	fedac66f13e451218eb5fce7874fd08c7b969164458b5b2ba1b02851baa2f552	99a456012321cbf8564fd1328b1e79a9659e3a4b1c31483a29fb35a3e8e24af5	03483a81700a772832eeb9ebefe9f8b959296976f13a6e75dd6b51cdc9d01c9d
core::sra_v2_2::bigcodebench_099::wrong_resource_pointer	core_audited_marked_sibling	sra_v2_2::bigcodebench_099::wrong_resource_pointer	core_marked_sibling	L0_CORE_MARKED_SIBLING	bigcodebench	train	1	core_all694_pool	sra_v2_2::bigcodebench_099::wrong_resource_pointer::helpful	sra_v2_2::bigcodebench_099::wrong_resource_pointer::execution_risk	no	core_admission_carried_forward	core_static_cue_clean_rebuilt	none	1bb01beba566f958da5d621ab31f896068735db1d2cd68355f6f81c3bba17b34	1a55c0cc2bfae8fb7ca82bb055e010c758f00655042c8357cfd5c5cd50aaf4e3	2905026be975365df8259673f713fdd55d2ec2aa1334cc895ff0251c189bd2f1
core::sra_v2_2::bigcodebench_100::wrong_resource_pointer	core_audited_marked_sibling	sra_v2_2::bigcodebench_100::wrong_resource_pointer	core_marked_sibling	L0_CORE_MARKED_SIBLING	bigcodebench	train	1	core_all694_pool	sra_v2_2::bigcodebench_100::wrong_resource_pointer::helpful	sra_v2_2::bigcodebench_100::wrong_resource_pointer::execution_risk	no	core_admission_carried_forward	core_static_cue_clean_rebuilt	none	ca2e1a76f15b5cd4f767c5f0936c46182d8925946ecc0e8061489e829300a9eb	a5529ad7fa57733837e45fac39dec9e9429a24f4bd1936c4c363fe4b2a391085	057dc71789bfe1400fd1528b38b14587dddfde1afad86ca516b21ecc76d5771a
core::sra_v2_2::bigcodebench_101::wrong_resource_pointer	core_audited_marked_sibling	sra_v2_2::bigcodebench_101::wrong_resource_pointer	core_marked_sibling	L0_CORE_MARKED_SIBLING	bigcodebench	test	1	core_all694_pool	sra_v2_2::bigcodebench_101::wrong_resource_pointer::helpful	sra_v2_2::bigcodebench_101::wrong_resource_pointer::execution_risk	no	core_admission_carried_forward	core_static_cue_clean_rebuilt	none	8b38fff96951192acf41b301795497167d195365472152f30160a0ff5e633138	ee2f9260554402b24b28cf0411d711ce6530972c4367a729480e2cd11fc7a48b	3135bcd08e598cfd307523e085cdab27ab09b694923a0dcae3453c9cf570bb3f
core::sra_v2_2::bigcodebench_102::wrong_resource_pointer	core_audited_marked_sibling	sra_v2_2::bigcodebench_102::wrong_resource_pointer	core_marked_sibling	L0_CORE_MARKED_SIBLING	bigcodebench	train	1	core_all694_pool	sra_v2_2::bigcodebench_102::wrong_resource_pointer::helpful	sra_v2_2::bigcodebench_102::wrong_resource_pointer::execution_risk	no	core_admission_carried_forward	core_static_cue_clean_rebuilt	none	b9a6fa088990a5f6d939efc6344d87f44a01b95cfcb0cce93c3f8941ccfdbb23	fd2e37779475833f7660b35e51803e25f7023a4633dab7ea686e7b9a8c41acac	42d4c2d4aa26a97b6f3de98d7c067db7bb81f624ca6d92d0742a5c8986703831
core::sra_v2_2::bigcodebench_103::wrong_resource_pointer	core_audited_marked_sibling	sra_v2_2::bigcodebench_103::wrong_resource_pointer	core_marked_sibling	L0_CORE_MARKED_SIBLING	bigcodebench	test	1	core_all694_pool	sra_v2_2::bigcodebench_103::wrong_resource_pointer::helpful	sra_v2_2::bigcodebench_103::wrong_resource_pointer::execution_risk	no	core_admission_carried_forward	core_static_cue_clean_rebuilt	none	8b38fff96951192acf41b301795497167d195365472152f30160a0ff5e633138	3ecd5a9f393f69b5318c66e91a24b0c08f059d72c4212462ee5cdb939d795639	3044010d1a4ad0e977925c6925cb48631adeffe7cb73a5003534704631997b51
core::sra_v2_2::bigcodebench_104::wrong_resource_pointer	core_audited_marked_sibling	sra_v2_2::bigcodebench_104::wrong_resource_pointer	core_marked_sibling	L0_CORE_MARKED_SIBLING	bigcodebench	train	1	core_all694_pool	sra_v2_2::bigcodebench_104::wrong_resource_pointer::helpful	sra_v2_2::bigcodebench_104::wrong_resource_pointer::execution_risk	no	core_admission_carried_forward	core_static_cue_clean_rebuilt	none	378c2f1495bb262e27615976a4943e518b29a066eb2dbab34d4dc5fafa1a9bf3	97fdc6b14e79f8488e265815352180dfb11e2cc6e9bf8cef337ed3045e09bcf1	e3a8940612d8cd40aca5fc45045d8cd41708a0bfb7e6afa3c29a1b1b0457da03
core::sra_v2_2::bigcodebench_105::wrong_resource_pointer	core_audited_marked_sibling	sra_v2_2::bigcodebench_105::wrong_resource_pointer	core_marked_sibling	L0_CORE_MARKED_SIBLING	bigcodebench	test	1	core_all694_pool	sra_v2_2::bigcodebench_105::wrong_resource_pointer::helpful	sra_v2_2::bigcodebench_105::wrong_resource_pointer::execution_risk	no	core_admission_carried_forward	core_static_cue_clean_rebuilt	none	7432e27a4c03c19c1be344321f93ff8a5b7f338415baa9dcd68c9dff837d9486	3606d75e8a2c9e11af9060bed6c744535f84becdee63488592afec3e1c1c8d15	643a5a0997618fdc8404235db46da95ce2f24cf1d7d9c84449a01a56430de5d3
core::sra_v2_2::bigcodebench_106::wrong_resource_pointer	core_audited_marked_sibling	sra_v2_2::bigcodebench_106::wrong_resource_pointer	core_marked_sibling	L0_CORE_MARKED_SIBLING	bigcodebench	dev	1	core_all694_pool	sra_v2_2::bigcodebench_106::wrong_resource_pointer::helpful	sra_v2_2::bigcodebench_106::wrong_resource_pointer::execution_risk	no	core_admission_carried_forward	core_static_cue_clean_rebuilt	none	02ec7298b523e106f206e4cdb2510f23ff6fffde81048e752662b2668fc3f50c	ae006887f541c3b25e426d475243e185c07ee32dbd09bf9ffda74ee41be2beb5	f8dc20097367b023cf417883463c66da4a8e9416e3a25bca8b4c3ff90c4f2170
core::sra_v2_2::bigcodebench_107::wrong_resource_pointer	core_audited_marked_sibling	sra_v2_2::bigcodebench_107::wrong_resource_pointer	core_marked_sibling	L0_CORE_MARKED_SIBLING	bigcodebench	train	1	core_all694_pool	sra_v2_2::bigcodebench_107::wrong_resource_pointer::helpful	sra_v2_2::bigcodebench_107::wrong_resource_pointer::execution_risk	no	core_admission_carried_forward	core_static_cue_clean_rebuilt	none	5f1d24a7473191e65e37945ca62f5ca138a2ffd775c2a82545a5123394c1b80f	0830b7fba205867d6a168c9e65834ae09260a94f9665e198688cb32eb459671f	871cf9da386c1a8db6e80fab2d0256c680445f0de8139c91f20de436cbe2ca17
core::sra_v2_2::bigcodebench_108::wrong_resource_pointer	core_audited_marked_sibling	sra_v2_2::bigcodebench_108::wrong_resource_pointer	core_marked_sibling	L0_CORE_MARKED_SIBLING	bigcodebench	dev	1	core_all694_pool	sra_v2_2::bigcodebench_108::wrong_resource_pointer::helpful	sra_v2_2::bigcodebench_108::wrong_resource_pointer::execution_risk	no	core_admission_carried_forward	core_static_cue_clean_rebuilt	none	83813e5096561a3a13b4bfab737cefced910b982154d346fd835fa67fb46c673	9bcd95db4c7250c4e2b83dce19eafabc9d96c4a14e7b9effba516fc6b4cdc231	be35f92cd166577999ec04720e75d51c6baac81fc9425dc2e58816329c91d3b9
core::sra_v2_2::bigcodebench_109::wrong_resource_pointer	core_audited_marked_sibling	sra_v2_2::bigcodebench_109::wrong_resource_pointer	core_marked_sibling	L0_CORE_MARKED_SIBLING	bigcodebench	train	1	core_all694_pool	sra_v2_2::bigcodebench_109::wrong_resource_pointer::helpful	sra_v2_2::bigcodebench_109::wrong_resource_pointer::execution_risk	no	core_admission_carried_forward	core_static_cue_clean_rebuilt	none	a06ebc099a1735479ae0f4ec68634713ef8997cfff2aed197afcddb2731a3f5b	c118c4e39386c53d6755e14b281fc2d13b7681725d27fba3662d200cd9e1af07	0aaffd355b2a542e1fc7f20fa9d01e67bb0c34949deffbd1f5e19f65022dd9c2
core::sra_v2_2::bigcodebench_110::wrong_resource_pointer	core_audited_marked_sibling	sra_v2_2::bigcodebench_110::wrong_resource_pointer	core_marked_sibling	L0_CORE_MARKED_SIBLING	bigcodebench	train	1	core_all694_pool	sra_v2_2::bigcodebench_110::wrong_resource_pointer::helpful	sra_v2_2::bigcodebench_110::wrong_resource_pointer::execution_risk	no	core_admission_carried_forward	core_static_cue_clean_rebuilt	none	6eeaf9d6ee869ea87ab3c92e3c84b791bb3bbb672f32d7630b728f62b1bb114f	03d8acec938c624be90d1587be24fb326cd3062132554e6133bc7cc42ed2e92a	044c80df3c11c92196076c443fac4c9fb9282a804c28c078f147a2c76df804f4
core::sra_v2_2::bigcodebench_111::wrong_precondition	core_audited_marked_sibling	sra_v2_2::bigcodebench_111::wrong_precondition	core_marked_sibling	L0_CORE_MARKED_SIBLING	bigcodebench	train	1	core_all694_pool	sra_v2_2::bigcodebench_111::wrong_precondition::helpful	sra_v2_2::bigcodebench_111::wrong_precondition::execution_risk	no	core_admission_carried_forward	core_static_cue_clean_rebuilt	none	7474fab3ff9f9492b853d9fd3234cea29ff6777a272d8ac0bcbf005e01e1e707	c6417d9650ee3999f5f991b69ff9c9d7b4c44cb5497402fb50f0cb18d1f9aeb8	7c6d722aad2f74924f38e439b871792f5c21f5cb3ce8efe0592b039c700eaeeb
core::sra_v2_2::bigcodebench_112::wrong_resource_pointer	core_audited_marked_sibling	sra_v2_2::bigcodebench_112::wrong_resource_pointer	core_marked_sibling	L0_CORE_MARKED_SIBLING	bigcodebench	train	1	core_all694_pool	sra_v2_2::bigcodebench_112::wrong_resource_pointer::helpful	sra_v2_2::bigcodebench_112::wrong_resource_pointer::execution_risk	no	core_admission_carried_forward	core_static_cue_clean_rebuilt	none	3f3d3f3156f464edce283f67b186db372cd0d71bfd1fbc15562a05baed429820	144e2d741b9586834824fc3ec259d035b50fc3048bc8bc43ef3c8d6cd8bdbfab	7dff60c1f3cfeb713df5e11af8daf8786aad5df0890fa466846117619f6fc6e7
core::sra_v2_2::bigcodebench_113::wrong_resource_pointer	core_audited_marked_sibling	sra_v2_2::bigcodebench_113::wrong_resource_pointer	core_marked_sibling	L0_CORE_MARKED_SIBLING	bigcodebench	train	1	core_all694_pool	sra_v2_2::bigcodebench_113::wrong_resource_pointer::helpful	sra_v2_2::bigcodebench_113::wrong_resource_pointer::execution_risk	no	core_admission_carried_forward	core_static_cue_clean_rebuilt	none	c91f6cdb769d4f4a71d4d25a879adaa5a2f4cae6329aa9c643021feb73f06b84	df480e8c4adfebe85f40326645caad95593c89dcc6624c8e740efdbc953a7f9a	3616e6f2b628931d498a695f408d28a33a87cda884e29044289fdfe8b45a6525
core::sra_v2_2::bigcodebench_114::poisoned_procedure_clause	core_audited_marked_sibling	sra_v2_2::bigcodebench_114::poisoned_procedure_clause	core_marked_sibling	L0_CORE_MARKED_SIBLING	bigcodebench	test	1	core_all694_pool	sra_v2_2::bigcodebench_114::poisoned_procedure_clause::helpful	sra_v2_2::bigcodebench_114::poisoned_procedure_clause::execution_risk	no	core_admission_carried_forward	core_static_cue_clean_rebuilt	none	f04e7cb5c05e9f1b4430f81b3379d55437d45e2345c11e42d407b9ab70c962a8	69b07642ff0e3605d84af86abb54175a3c55269c79d688a1090256a41f8cba2b	2711912dfa879f93ad2acb696c649fcef595d5e7ef91b77fbd9c84207d8e284d
core::sra_v2_2::bigcodebench_115::wrong_resource_pointer	core_audited_marked_sibling	sra_v2_2::bigcodebench_115::wrong_resource_pointer	core_marked_sibling	L0_CORE_MARKED_SIBLING	bigcodebench	train	1	core_all694_pool	sra_v2_2::bigcodebench_115::wrong_resource_pointer::helpful	sra_v2_2::bigcodebench_115::wrong_resource_pointer::execution_risk	no	core_admission_carried_forward	core_static_cue_clean_rebuilt	none	0ea217e0c1457235e92d2066d56d3a9f539d48448667859f2f96c0571a208d59	5ba189fd943d5c096a67a9ffa58524c0850270a084748feb8342062b47fcdf2d	81531f3c290a52dc8e84b56a26de6cd35a85158fac87a4cfe73d87f864861856
core::sra_v2_2::bigcodebench_116::wrong_resource_pointer	core_audited_marked_sibling	sra_v2_2::bigcodebench_116::wrong_resource_pointer	core_marked_sibling	L0_CORE_MARKED_SIBLING	bigcodebench	test	1	core_all694_pool	sra_v2_2::bigcodebench_116::wrong_resource_pointer::helpful	sra_v2_2::bigcodebench_116::wrong_resource_pointer::execution_risk	no	core_admission_carried_forward	core_static_cue_clean_rebuilt	none	3273ef258462502938125b0c2568effab6190ac7425637b869329931365db8af	fc5e712458b95f87d2463f6b2d45c75dc7fb1f43eb91220da79bab2c513ff85f	06e2aea591b79d47a66ad8851792662a60c34668c92e2a4b010d08c74be66718
core::sra_v2_2::bigcodebench_117::wrong_resource_pointer	core_audited_marked_sibling	sra_v2_2::bigcodebench_117::wrong_resource_pointer	core_marked_sibling	L0_CORE_MARKED_SIBLING	bigcodebench	train	1	core_all694_pool	sra_v2_2::bigcodebench_117::wrong_resource_pointer::helpful	sra_v2_2::bigcodebench_117::wrong_resource_pointer::execution_risk	no	core_admission_carried_forward	core_static_cue_clean_rebuilt	none	64c96d717155d877eec6433333738ec5de3f70b522b85dac59318a5316b4663d	9252b8d08fb5597bc937b7f922dbab25e80000769b0624de79ba5a14668bd6ff	8fe21616333c19dfcc96527712090f4f11508e343a6adb6771a08c79df368a96
core::sra_v2_2::bigcodebench_118::wrong_precondition	core_audited_marked_sibling	sra_v2_2::bigcodebench_118::wrong_precondition	core_marked_sibling	L0_CORE_MARKED_SIBLING	bigcodebench	test	1	core_all694_pool	sra_v2_2::bigcodebench_118::wrong_precondition::helpful	sra_v2_2::bigcodebench_118::wrong_precondition::execution_risk	no	core_admission_carried_forward	core_static_cue_clean_rebuilt	none	c1f2b7fc648577091e9d96820800bf225b7b59607cf600b22c32c0b0c3f411d3	6c2d2b981d14bb8e8f0ddd903db4d3a8f9026815d99c7767ba6c9362da9f2769	b21246966e20c31c3d942d5f8c5072c139be84dd1896e035ef6e0a05af2d7360
core::sra_v2_2::bigcodebench_119::wrong_resource_pointer	core_audited_marked_sibling	sra_v2_2::bigcodebench_119::wrong_resource_pointer	core_marked_sibling	L0_CORE_MARKED_SIBLING	bigcodebench	train	1	core_all694_pool	sra_v2_2::bigcodebench_119::wrong_resource_pointer::helpful	sra_v2_2::bigcodebench_119::wrong_resource_pointer::execution_risk	no	core_admission_carried_forward	core_static_cue_clean_rebuilt	none	3f3d3f3156f464edce283f67b186db372cd0d71bfd1fbc15562a05baed429820	448e18ee00f9483a1ddf769da617066c84d4ea5cd7d50023669448675de0bd46	21e99424e461f7b73a09a25a4aef462befd61f159052fcd8530ba3f73bf5c258
core::sra_v2_2::bigcodebench_120::poisoned_procedure_clause	core_audited_marked_sibling	sra_v2_2::bigcodebench_120::poisoned_procedure_clause	core_marked_sibling	L0_CORE_MARKED_SIBLING	bigcodebench	dev	1	core_all694_pool	sra_v2_2::bigcodebench_120::poisoned_procedure_clause::helpful	sra_v2_2::bigcodebench_120::poisoned_procedure_clause::execution_risk	no	core_admission_carried_forward	core_static_cue_clean_rebuilt	none	5f3d549988d1871850c8c4612e094504f33d645035af68558912cb4274f11b77	f7c5b80283eb30bf737b40ad094ad7705d60af388534c8a6fcc1eb827dd6d45e	d1e80c5b4d1e96dccb3344ea756c339d88844daf0204b4dcf026a81880dd8cd0
core::sra_v2_2::bigcodebench_121::wrong_resource_pointer	core_audited_marked_sibling	sra_v2_2::bigcodebench_121::wrong_resource_pointer	core_marked_sibling	L0_CORE_MARKED_SIBLING	bigcodebench	train	1	core_all694_pool	sra_v2_2::bigcodebench_121::wrong_resource_pointer::helpful	sra_v2_2::bigcodebench_121::wrong_resource_pointer::execution_risk	no	core_admission_carried_forward	core_static_cue_clean_rebuilt	none	8707990e8d593d097a12586c4d054e9eafa2ae83bf80c983684f189969b1ab95	7efe037fb21b09c813bc8d43bfbef4e68365c065e4d9eb6282d2388cbb38ae45	32301295fc66391a3e6ec7332b468158c432464f34ff3f42c6e2b89a516c56b6
core::sra_v2_2::bigcodebench_122::wrong_resource_pointer	core_audited_marked_sibling	sra_v2_2::bigcodebench_122::wrong_resource_pointer	core_marked_sibling	L0_CORE_MARKED_SIBLING	bigcodebench	test	1	core_all694_pool	sra_v2_2::bigcodebench_122::wrong_resource_pointer::helpful	sra_v2_2::bigcodebench_122::wrong_resource_pointer::execution_risk	no	core_admission_carried_forward	core_static_cue_clean_rebuilt	none	f24530d8ba714ebd2a98e168745b89cb7f6a9c459e7bc5f17b3a0d16eb9eab10	42836333f20aabbad248dcd98e15898520ea3ed2c84fc8b3b41dfa3bab92e164	21d3d0ac196b01250e68b24e05f935a1c6a2afc00309f3e839937d7c295eb8c1
core::sra_v2_2::bigcodebench_123::wrong_resource_pointer	core_audited_marked_sibling	sra_v2_2::bigcodebench_123::wrong_resource_pointer	core_marked_sibling	L0_CORE_MARKED_SIBLING	bigcodebench	test	1	core_all694_pool	sra_v2_2::bigcodebench_123::wrong_resource_pointer::helpful	sra_v2_2::bigcodebench_123::wrong_resource_pointer::execution_risk	no	core_admission_carried_forward	core_static_cue_clean_rebuilt	none	fdfdc94617a0dfc6071ab49ac5f08a560699273e3288cfb906326ab1a014de50	3a51e1a01a45a1c16fce7eb6e96febf7298d7adc956a8ace293ffcec3c1551b5	6af6d8b762730b4ff034d824eca6de1eff79c90aa982ae6fb159e36c2660fc30
core::sra_v2_2::bigcodebench_125::wrong_resource_pointer	core_audited_marked_sibling	sra_v2_2::bigcodebench_125::wrong_resource_pointer	core_marked_sibling	L0_CORE_MARKED_SIBLING	bigcodebench	test	1	core_all694_pool	sra_v2_2::bigcodebench_125::wrong_resource_pointer::helpful	sra_v2_2::bigcodebench_125::wrong_resource_pointer::execution_risk	no	core_admission_carried_forward	core_static_cue_clean_rebuilt	none	eaec6bd72232a3cd837b5efc0983a72aaff0c69aef097c90f3593bb637a65885	e001dc6d2d15deb26327a8105b2ae527b7d88d9a8c7f31fb7ad002bc5477593d	623233e09ff6b4cb6d7bcb4b0586a5d416040413eaefdfc4cb0bc0536563668c
core::sra_v2_2::bigcodebench_126::wrong_resource_pointer	core_audited_marked_sibling	sra_v2_2::bigcodebench_126::wrong_resource_pointer	core_marked_sibling	L0_CORE_MARKED_SIBLING	bigcodebench	train	1	core_all694_pool	sra_v2_2::bigcodebench_126::wrong_resource_pointer::helpful	sra_v2_2::bigcodebench_126::wrong_resource_pointer::execution_risk	no	core_admission_carried_forward	core_static_cue_clean_rebuilt	none	e92ffe23b376aa6f3c57ae1de9dce2ec9bc1b2f3d1322c721260bec50ec639f0	6054c427437b84f6a50319c9f6bac6cf8f7313070361ba5b01c4e92f02577180	a000a74c7210e4dfe12451763279842922aaa68be4ef1685f09028d41f0c954b
core::sra_v2_2::bigcodebench_127::wrong_resource_pointer	core_audited_marked_sibling	sra_v2_2::bigcodebench_127::wrong_resource_pointer	core_marked_sibling	L0_CORE_MARKED_SIBLING	bigcodebench	train	1	core_all694_pool	sra_v2_2::bigcodebench_127::wrong_resource_pointer::helpful	sra_v2_2::bigcodebench_127::wrong_resource_pointer::execution_risk	no	core_admission_carried_forward	core_static_cue_clean_rebuilt	none	18d9f085502dbc10fba405d02cb83b07a1c1b1b7f89d078696f03d4d8adbc030	62da9951a7b371d2efd66621202596545395fc7fed73d3fd845dc547c27f4e92	2d507fbbe25efc18cf20a1128f971a108c003caff213494168886bcf64fc20b7
core::sra_v2_2::bigcodebench_128::poisoned_procedure_clause	core_audited_marked_sibling	sra_v2_2::bigcodebench_128::poisoned_procedure_clause	core_marked_sibling	L0_CORE_MARKED_SIBLING	bigcodebench	train	1	core_all694_pool	sra_v2_2::bigcodebench_128::poisoned_procedure_clause::helpful	sra_v2_2::bigcodebench_128::poisoned_procedure_clause::execution_risk	no	core_admission_carried_forward	core_static_cue_clean_rebuilt	none	9851048c5a1bfa253740117d5c16a4174a06a9e4f1126f71209f81c44ca87c40	34e3538fa23c8acb2e8da1d913e4a5dbac04b1120e467ac9179e274c2b6e3d39	46bcafe9b614031bae6bd8bba5a01a74e540a0ab50bbea2a75c88e6240db4471
core::sra_v2_2::bigcodebench_129::wrong_resource_pointer	core_audited_marked_sibling	sra_v2_2::bigcodebench_129::wrong_resource_pointer	core_marked_sibling	L0_CORE_MARKED_SIBLING	bigcodebench	train	1	core_all694_pool	sra_v2_2::bigcodebench_129::wrong_resource_pointer::helpful	sra_v2_2::bigcodebench_129::wrong_resource_pointer::execution_risk	no	core_admission_carried_forward	core_static_cue_clean_rebuilt	none	f8a23701c0a3c18af0d35f1d8c95b4eef93cc9ef2d4c0e310ba0bfdf1b48e3f1	35b9cd8fd5376051eac0f4ed4df340c49cd64e969ba1c46586b068067cd04e21	01e82d81c6c10dc947047ffae4be4eae3a8d356af465e67a62069cf894a7ad47
core::sra_v2_2::bigcodebench_130::wrong_resource_pointer	core_audited_marked_sibling	sra_v2_2::bigcodebench_130::wrong_resource_pointer	core_marked_sibling	L0_CORE_MARKED_SIBLING	bigcodebench	train	1	core_all694_pool	sra_v2_2::bigcodebench_130::wrong_resource_pointer::helpful	sra_v2_2::bigcodebench_130::wrong_resource_pointer::execution_risk	no	core_admission_carried_forward	core_static_cue_clean_rebuilt	none	3176c266628e85ec71806093a9d47c624b6eee8e736dfdd0426fa551138ece8f	50a72409a2275d4c0627d5f179dff6504ca499c0e53c2efe49a509c667aae0f7	c5b7d6eb5237727dc08b0cc8a29a990b9ca70e2149daf9516204977727394f62
core::sra_v2_2::bigcodebench_131::wrong_resource_pointer	core_audited_marked_sibling	sra_v2_2::bigcodebench_131::wrong_resource_pointer	core_marked_sibling	L0_CORE_MARKED_SIBLING	bigcodebench	test	1	core_all694_pool	sra_v2_2::bigcodebench_131::wrong_resource_pointer::helpful	sra_v2_2::bigcodebench_131::wrong_resource_pointer::execution_risk	no	core_admission_carried_forward	core_static_cue_clean_rebuilt	none	08d87a6aab67740b768507df3d84555752c1b5198e50034d92287b348e135e49	e212d43874c89a4ef4160fbf6173576895f5dd2560eaec17b785757ea06ce20b	7f6bdfdaa36cc10f5198e98785e2c10e65e43e18a2488ac29d464e1ca7379c4c
core::sra_v2_2::bigcodebench_132::poisoned_procedure_clause	core_audited_marked_sibling	sra_v2_2::bigcodebench_132::poisoned_procedure_clause	core_marked_sibling	L0_CORE_MARKED_SIBLING	bigcodebench	test	1	core_all694_pool	sra_v2_2::bigcodebench_132::poisoned_procedure_clause::helpful	sra_v2_2::bigcodebench_132::poisoned_procedure_clause::execution_risk	no	core_admission_carried_forward	core_static_cue_clean_rebuilt	none	7d33a0edc56121ecdedd80b84e9ca0cf95dc8bc0af54074b8db06df271fd8b8c	2b9cf0d6ff8db3c618b715653b6bd7c1da200338796316fe91243bbf1c318bc2	99380f7c2ee0f8ee319aaf089083f7306574af7a60dbc51efd8c6c9d464cb201
core::sra_v2_2::bigcodebench_133::wrong_resource_pointer	core_audited_marked_sibling	sra_v2_2::bigcodebench_133::wrong_resource_pointer	core_marked_sibling	L0_CORE_MARKED_SIBLING	bigcodebench	test	1	core_all694_pool	sra_v2_2::bigcodebench_133::wrong_resource_pointer::helpful	sra_v2_2::bigcodebench_133::wrong_resource_pointer::execution_risk	no	core_admission_carried_forward	core_static_cue_clean_rebuilt	none	eaec6bd72232a3cd837b5efc0983a72aaff0c69aef097c90f3593bb637a65885	d764eb3da6b9dd846c736e511e68eadf5e24d89b1eb4a6c433aec01da38910c2	d88a6912e24bb877641b0664dda9d28a5348a5bd0c448897d93b4e6bc16363ba
core::sra_v2_2::bigcodebench_134::wrong_resource_pointer	core_audited_marked_sibling	sra_v2_2::bigcodebench_134::wrong_resource_pointer	core_marked_sibling	L0_CORE_MARKED_SIBLING	bigcodebench	train	1	core_all694_pool	sra_v2_2::bigcodebench_134::wrong_resource_pointer::helpful	sra_v2_2::bigcodebench_134::wrong_resource_pointer::execution_risk	no	core_admission_carried_forward	core_static_cue_clean_rebuilt	none	d3104e93f091e57552b703e145319630715965573662f381f527450fb76537c8	0175c143201ef42f9e627bc6ba57ea259e6e10dbef34dcc274256c561bc7347b	1d0a0b62b72df582be716b5fc39c8e847a58e444f4ac1190681c70bb51dbb62d
core::sra_v2_2::bigcodebench_135::wrong_resource_pointer	core_audited_marked_sibling	sra_v2_2::bigcodebench_135::wrong_resource_pointer	core_marked_sibling	L0_CORE_MARKED_SIBLING	bigcodebench	train	1	core_all694_pool	sra_v2_2::bigcodebench_135::wrong_resource_pointer::helpful	sra_v2_2::bigcodebench_135::wrong_resource_pointer::execution_risk	no	core_admission_carried_forward	core_static_cue_clean_rebuilt	none	0ccf8effc2aedb08ac50f5b601957789565ccfb5a59a4e7240a6d4d135c59885	df19ad03755946be2ad3effaff73204989f0c0ff06f77468948f3f11f6851c44	2096af94c9c45753aaaea25ebed9f6eacf44e9153ce9dcbb26ccce923e83577a
core::sra_v2_2::bigcodebench_136::wrong_resource_pointer	core_audited_marked_sibling	sra_v2_2::bigcodebench_136::wrong_resource_pointer	core_marked_sibling	L0_CORE_MARKED_SIBLING	bigcodebench	train	1	core_all694_pool	sra_v2_2::bigcodebench_136::wrong_resource_pointer::helpful	sra_v2_2::bigcodebench_136::wrong_resource_pointer::execution_risk	no	core_admission_carried_forward	core_static_cue_clean_rebuilt	none	e1da0e4330c916790418082d129f972ceb13536bb17aa48a1a00f1cd9867ca7e	aac2b50504874f8fe15d7eddd5a2e5141370bce4f24b9028831f921bfaf6f628	331b7a7a4937028657b1b978618d532d6a60cfc4854853f137e6667a17659c77
core::sra_v2_2::bigcodebench_137::wrong_resource_pointer	core_audited_marked_sibling	sra_v2_2::bigcodebench_137::wrong_resource_pointer	core_marked_sibling	L0_CORE_MARKED_SIBLING	bigcodebench	test	1	core_all694_pool	sra_v2_2::bigcodebench_137::wrong_resource_pointer::helpful	sra_v2_2::bigcodebench_137::wrong_resource_pointer::execution_risk	no	core_admission_carried_forward	core_static_cue_clean_rebuilt	none	56fecf3e0828b4acb7acbcc5627772460ca14bc7c19c33ac739b44e9381182aa	5338eb8241d01e27806762f65d3bfa825d3c2cec3a063185192e7200fd89540a	228127dae0490ea13b31b23a7b1c8dc732158db2943bfc5f170459966ddeced7
core::sra_v2_2::bigcodebench_138::wrong_resource_pointer	core_audited_marked_sibling	sra_v2_2::bigcodebench_138::wrong_resource_pointer	core_marked_sibling	L0_CORE_MARKED_SIBLING	bigcodebench	train	1	core_all694_pool	sra_v2_2::bigcodebench_138::wrong_resource_pointer::helpful	sra_v2_2::bigcodebench_138::wrong_resource_pointer::execution_risk	no	core_admission_carried_forward	core_static_cue_clean_rebuilt	none	58427a409ed5818ebf7a7a08245c049420bc619c73959b5ef1a5fb4caf5ab8a9	241c0e8dc0843af5958423189cb84615d12f4982a6068fd98ccb06e8118761ce	90fe9be0b564b99ce70a07fca5359203eb14411fa9020191d1e5eeeee8c0b73f
core::sra_v2_2::champ_000::wrong_precondition	core_audited_marked_sibling	sra_v2_2::champ_000::wrong_precondition	core_marked_sibling	L0_CORE_MARKED_SIBLING	champ	train	1	core_all694_pool	sra_v2_2::champ_000::wrong_precondition::helpful	sra_v2_2::champ_000::wrong_precondition::execution_risk	no	core_admission_carried_forward	core_static_cue_clean_rebuilt	none	dd714204b4289a1ec7197238239be8feda8fd87c50b6207e8cbce868d45a197d	df5712e5e924e9f8ddbe4f9e12d58f11b6af633ee8ad47d0451618bd25c826f5	d491fbd1ae5fb423d2d23b7936eb9c5cd25e8d8546caeda7d45f2754690215fa
core::sra_v2_2::champ_001::wrong_precondition	core_audited_marked_sibling	sra_v2_2::champ_001::wrong_precondition	core_marked_sibling	L0_CORE_MARKED_SIBLING	champ	train	1	core_all694_pool	sra_v2_2::champ_001::wrong_precondition::helpful	sra_v2_2::champ_001::wrong_precondition::execution_risk	no	core_admission_carried_forward	core_static_cue_clean_rebuilt	none	82d95b12bea44656b1bb8ccec8b82f72d67e05810cdf8078541e58c3138851b3	55b28950652c428aa268ca72528b1f8c61a2b7cfd6b8b566ae1f65d0be22a9f3	ef592c40152a6284df810ce1e294d4b9e80a73e09f55615ce63e95236ef21b46
core::sra_v2_2::champ_002::wrong_precondition	core_audited_marked_sibling	sra_v2_2::champ_002::wrong_precondition	core_marked_sibling	L0_CORE_MARKED_SIBLING	champ	train	1	core_all694_pool	sra_v2_2::champ_002::wrong_precondition::helpful	sra_v2_2::champ_002::wrong_precondition::execution_risk	no	core_admission_carried_forward	core_static_cue_clean_rebuilt	none	304ec8acf13e01431a77cb3fec49ed450463d5f030ae714d687092336159cb19	329a12e3256b9000f64f13e13453a9dd6b235baafac4bb48bcf4ccdc3c55131b	6003cf6d1c7f519f504e604409015aeb7ec841d06cd52d2a0e0f782ccced667c
core::sra_v2_2::champ_003::wrong_precondition	core_audited_marked_sibling	sra_v2_2::champ_003::wrong_precondition	core_marked_sibling	L0_CORE_MARKED_SIBLING	champ	test	1	core_all694_pool	sra_v2_2::champ_003::wrong_precondition::helpful	sra_v2_2::champ_003::wrong_precondition::execution_risk	no	core_admission_carried_forward	core_static_cue_clean_rebuilt	none	1b268b692644f9114206192d4725b7619449000fa54a0906db5d3c4a89bb44f6	a6ac39f05c90d2b52dd01a4d81eddd1f92337d2188ddafe674dc52a6ad06da00	61f68dea2c68465927059f1da095c1a8a93213665fbff0b83d36a27ef10f06f0
core::sra_v2_2::champ_004::wrong_precondition	core_audited_marked_sibling	sra_v2_2::champ_004::wrong_precondition	core_marked_sibling	L0_CORE_MARKED_SIBLING	champ	train	1	core_all694_pool	sra_v2_2::champ_004::wrong_precondition::helpful	sra_v2_2::champ_004::wrong_precondition::execution_risk	no	core_admission_carried_forward	core_static_cue_clean_rebuilt	none	7ed4b3b55f462ffa15e0296781e98bfd9921ebff4bc457065b8952f194846fc5	6476ea09bab18bd3d857709b8dcf00b86010474ef1737eb063e9c86f95580458	9809566a91fabb9c88ad3a3a3fb51007ca9095624080884ff4c3396a33f4c95b
core::sra_v2_2::champ_005::wrong_precondition	core_audited_marked_sibling	sra_v2_2::champ_005::wrong_precondition	core_marked_sibling	L0_CORE_MARKED_SIBLING	champ	train	1	core_all694_pool	sra_v2_2::champ_005::wrong_precondition::helpful	sra_v2_2::champ_005::wrong_precondition::execution_risk	no	core_admission_carried_forward	core_static_cue_clean_rebuilt	none	3baf8a318b8d8095bb03ff6d94a0652ce56afb66b60ba0f2d80e17a6f0354aa1	9e34255867de35372a3ca2cf96917f537c988009c9c1d096169e7bf83fc70746	73d3910b012f1a7511359903207b645a6c395eed48fb1de1e79fe333ffca0dea
core::sra_v2_2::champ_006::wrong_precondition	core_audited_marked_sibling	sra_v2_2::champ_006::wrong_precondition	core_marked_sibling	L0_CORE_MARKED_SIBLING	champ	train	1	core_all694_pool	sra_v2_2::champ_006::wrong_precondition::helpful	sra_v2_2::champ_006::wrong_precondition::execution_risk	no	core_admission_carried_forward	core_static_cue_clean_rebuilt	none	42dd69d405f1cc6c9a47ba911d2197647405b4aab164c9fedb1ad4f4658982d6	d1669554008757c97998ad9055d68a784ef90e634d95a855622d9e91d554354c	4db1ffeeca1ebe14ec9686e195f44114775358d123b4ed7815d5aba3f3931748
core::sra_v2_2::champ_007::wrong_resource_pointer	core_audited_marked_sibling	sra_v2_2::champ_007::wrong_resource_pointer	core_marked_sibling	L0_CORE_MARKED_SIBLING	champ	train	1	core_all694_pool	sra_v2_2::champ_007::wrong_resource_pointer::helpful	sra_v2_2::champ_007::wrong_resource_pointer::execution_risk	no	core_admission_carried_forward	core_static_cue_clean_rebuilt	none	3baf8a318b8d8095bb03ff6d94a0652ce56afb66b60ba0f2d80e17a6f0354aa1	e54c83482fd7577dcdfc01c5b976b3f4fc745a20f4b023e14bdef76ebec30250	3b3654f515145b9e80cc26a5ed8b824a91bda0add80af80a12a06cb7f6cb9745
core::sra_v2_2::champ_008::wrong_precondition	core_audited_marked_sibling	sra_v2_2::champ_008::wrong_precondition	core_marked_sibling	L0_CORE_MARKED_SIBLING	champ	train	1	core_all694_pool	sra_v2_2::champ_008::wrong_precondition::helpful	sra_v2_2::champ_008::wrong_precondition::execution_risk	no	core_admission_carried_forward	core_static_cue_clean_rebuilt	none	747687816dd5784704e29c11fe77f82db7d54773f31eedd39d2d2f7371712f64	3d57cd9696339b42cc9ff00636ac471942302c322100b50673571ea9b1536e1d	cbedb112cad92b71828e09856ef94662945203e90ab901a88cba2cd89494933b
core::sra_v2_2::champ_009::wrong_resource_pointer	core_audited_marked_sibling	sra_v2_2::champ_009::wrong_resource_pointer	core_marked_sibling	L0_CORE_MARKED_SIBLING	champ	train	1	core_all694_pool	sra_v2_2::champ_009::wrong_resource_pointer::helpful	sra_v2_2::champ_009::wrong_resource_pointer::execution_risk	no	core_admission_carried_forward	core_static_cue_clean_rebuilt	none	ff89a36d1898edd433c7f5411a68c35486af4afb6198df9fed4ae5eb80fc7e3d	7186f3d8287621d260a3da2ee1077c69763c328ee441e95bc44df06de7fdc73a	4a27240818eeab6cd54cdb821a87e072c9a6fefb1e670fa2f0afab6da5dd8759
core::sra_v2_2::champ_010::wrong_precondition	core_audited_marked_sibling	sra_v2_2::champ_010::wrong_precondition	core_marked_sibling	L0_CORE_MARKED_SIBLING	champ	test	1	core_all694_pool	sra_v2_2::champ_010::wrong_precondition::helpful	sra_v2_2::champ_010::wrong_precondition::execution_risk	no	core_admission_carried_forward	core_static_cue_clean_rebuilt	none	ddbb477b3673dc7a4b9473b98ecad2f4149d3ce53dcb2bb421a5fba77e9b6eb3	cd810a835a9afc2d34da6be88f8393edc07c8e1bee6559b39720d139084ea848	81324cf18dc2335a4901caac2c4ecb306104bc91da9c32e0b20af0b9054c3075
core::sra_v2_2::champ_011::wrong_precondition	core_audited_marked_sibling	sra_v2_2::champ_011::wrong_precondition	core_marked_sibling	L0_CORE_MARKED_SIBLING	champ	train	1	core_all694_pool	sra_v2_2::champ_011::wrong_precondition::helpful	sra_v2_2::champ_011::wrong_precondition::execution_risk	no	core_admission_carried_forward	core_static_cue_clean_rebuilt	none	aeb458b2ac7d62e0460d2241c78baf61e6e1dfd5620cb9b7cb7ba5bec78a6ab1	e20b5b246722be68e419db41784bc2c7ef7ebfeac40b21ec2225683f92eec217	65d0e69e43317801c54e80418593ff953f1b9ad2a96c40503f056f029cb24448
core::sra_v2_2::champ_012::wrong_resource_pointer	core_audited_marked_sibling	sra_v2_2::champ_012::wrong_resource_pointer	core_marked_sibling	L0_CORE_MARKED_SIBLING	champ	dev	1	core_all694_pool	sra_v2_2::champ_012::wrong_resource_pointer::helpful	sra_v2_2::champ_012::wrong_resource_pointer::execution_risk	no	core_admission_carried_forward	core_static_cue_clean_rebuilt	none	c14c7981d771a6c8978065bf84abd6496c87847f8d6ddeddd5a8294dad0ee408	d96d33776e587f55bf47912999b52eaabe575aa6395c95ddf82e602df579fcd3	ae5818a5ba3ddaf5d573bbca0d8248f8aee0eff724a76ec7c99b61605bad79e5
core::sra_v2_2::champ_013::wrong_resource_pointer	core_audited_marked_sibling	sra_v2_2::champ_013::wrong_resource_pointer	core_marked_sibling	L0_CORE_MARKED_SIBLING	champ	test	1	core_all694_pool	sra_v2_2::champ_013::wrong_resource_pointer::helpful	sra_v2_2::champ_013::wrong_resource_pointer::execution_risk	no	core_admission_carried_forward	core_static_cue_clean_rebuilt	none	060e8191b51ca10a92b0160891cf0f470d1c732e7695a30b8587cf9c16070b12	fa78a8e86c3cf8f7f9dbcc87388c005306632d43e2f6316b3ac3726113fbe264	9051115cfd74410d4ed74305af610f60e7c4ce9ba698d07907adef7468e94982
core::sra_v2_2::champ_014::wrong_resource_pointer	core_audited_marked_sibling	sra_v2_2::champ_014::wrong_resource_pointer	core_marked_sibling	L0_CORE_MARKED_SIBLING	champ	train	1	core_all694_pool	sra_v2_2::champ_014::wrong_resource_pointer::helpful	sra_v2_2::champ_014::wrong_resource_pointer::execution_risk	no	core_admission_carried_forward	core_static_cue_clean_rebuilt	none	68a44da245cbc1bbd01a25406eaa73fd162ed5935b82ba8f831f5b508a120627	79d5f5427459f8ff4709f65c9e7c5a77ee723922e2fcc78b72a454a949729d75	5e6437bdb7fc43648b04de6adf33bc42abbf2db670b252f95447578987f57f1f
core::sra_v2_2::champ_015::wrong_precondition	core_audited_marked_sibling	sra_v2_2::champ_015::wrong_precondition	core_marked_sibling	L0_CORE_MARKED_SIBLING	champ	train	1	core_all694_pool	sra_v2_2::champ_015::wrong_precondition::helpful	sra_v2_2::champ_015::wrong_precondition::execution_risk	no	core_admission_carried_forward	core_static_cue_clean_rebuilt	none	ff84f94b87bb837eb97bfe0d938b71a6e44d68fcd7b26ba84cdda1ddea23641c	7e94e710fda9886d544fe7e66eeaa130555c8ecd014e6443f1bcb5d9ac5bd079	bf3095a8dd8e9bfa57a728dd18cd9c22304c7a26dcd3a42292a1efc500dceafe
core::sra_v2_2::champ_016::wrong_precondition	core_audited_marked_sibling	sra_v2_2::champ_016::wrong_precondition	core_marked_sibling	L0_CORE_MARKED_SIBLING	champ	train	1	core_all694_pool	sra_v2_2::champ_016::wrong_precondition::helpful	sra_v2_2::champ_016::wrong_precondition::execution_risk	no	core_admission_carried_forward	core_static_cue_clean_rebuilt	none	74e94e356f9ae482c40814666d83ead9c8e68b8fc3215f9fff7b56acc786b45c	7e07c2bf3c3fb09178ff6a4f23911b70f04c9baf122c398b559d802b801db7dc	22ca70b8b4077ddc9418c5565511377bd76cdc9e934c9654a57daed3e0cc6d35
core::sra_v2_2::champ_017::wrong_resource_pointer	core_audited_marked_sibling	sra_v2_2::champ_017::wrong_resource_pointer	core_marked_sibling	L0_CORE_MARKED_SIBLING	champ	train	1	core_all694_pool	sra_v2_2::champ_017::wrong_resource_pointer::helpful	sra_v2_2::champ_017::wrong_resource_pointer::execution_risk	no	core_admission_carried_forward	core_static_cue_clean_rebuilt	none	68a44da245cbc1bbd01a25406eaa73fd162ed5935b82ba8f831f5b508a120627	17c628900efba19851b32a3e171d5dfb76ff9f195c8eed25f752d0d03a738fd5	50754a91dc198583438d0ab6379a9f8f3f801089bb73c9a38c2523535f8fe24c
core::sra_v2_2::champ_018::wrong_precondition	core_audited_marked_sibling	sra_v2_2::champ_018::wrong_precondition	core_marked_sibling	L0_CORE_MARKED_SIBLING	champ	dev	1	core_all694_pool	sra_v2_2::champ_018::wrong_precondition::helpful	sra_v2_2::champ_018::wrong_precondition::execution_risk	no	core_admission_carried_forward	core_static_cue_clean_rebuilt	none	408fbe5600488d03a07ab388b7dc915ff1a0597f2baf82cde4bfb39e5960a0f7	75529cdcce1903df2706e04e56ccff3c312bb5594739e15a6bcc26941a7e4c3a	89541c5ca68ba8c6fe61d927738bdfbda98c63c53b0d1733a309079a2e7c09ef
core::sra_v2_2::champ_019::wrong_resource_pointer	core_audited_marked_sibling	sra_v2_2::champ_019::wrong_resource_pointer	core_marked_sibling	L0_CORE_MARKED_SIBLING	champ	test	1	core_all694_pool	sra_v2_2::champ_019::wrong_resource_pointer::helpful	sra_v2_2::champ_019::wrong_resource_pointer::execution_risk	no	core_admission_carried_forward	core_static_cue_clean_rebuilt	none	44cb04a44f6bee8034b3ca2e1f3d8db1c8d543ebe5ef8aff7cd4822cea904e51	310a6cf21bf5dda61df892e64a2d04c9d0d75ccaed38b1a1685785b01e298354	3252a99f4a198a6f6db1ca58defc64eea42382c0fed9de243d316fb319135945
core::sra_v2_2::champ_020::wrong_precondition	core_audited_marked_sibling	sra_v2_2::champ_020::wrong_precondition	core_marked_sibling	L0_CORE_MARKED_SIBLING	champ	train	1	core_all694_pool	sra_v2_2::champ_020::wrong_precondition::helpful	sra_v2_2::champ_020::wrong_precondition::execution_risk	no	core_admission_carried_forward	core_static_cue_clean_rebuilt	none	64001a7e316202073e9575313b123d41b6fe8ed170ce661e1a99dbac9fae4f37	12882fe0545b04135715512a196dd80d164ed556e932ceb7dd07ced6eef96eb7	5bafec1086dfebcd22fe0d0d8b6420a83581062558de4d19e5d4b72a2424b711
core::sra_v2_2::champ_021::wrong_precondition	core_audited_marked_sibling	sra_v2_2::champ_021::wrong_precondition	core_marked_sibling	L0_CORE_MARKED_SIBLING	champ	train	1	core_all694_pool	sra_v2_2::champ_021::wrong_precondition::helpful	sra_v2_2::champ_021::wrong_precondition::execution_risk	no	core_admission_carried_forward	core_static_cue_clean_rebuilt	none	f652320ad2ac6848fa7ccf0fdf4778b26cc4f10c843b01b38d81ac5bf91a7428	8e3a136d2fdc59c10c139c4ef8f1846edc2b73656d3a7545f053e0a341b844b8	83f4ed3ebd865ea52a9559dbf28ce6bf951d3de99d6efdb92dd136ea3bc0145d
core::sra_v2_2::champ_022::wrong_precondition	core_audited_marked_sibling	sra_v2_2::champ_022::wrong_precondition	core_marked_sibling	L0_CORE_MARKED_SIBLING	champ	train	1	core_all694_pool	sra_v2_2::champ_022::wrong_precondition::helpful	sra_v2_2::champ_022::wrong_precondition::execution_risk	no	core_admission_carried_forward	core_static_cue_clean_rebuilt	none	07cd3d769eeac6fd64ef0b8e5c700de562f32468a5b4a793541b1f4e076aaecc	1967527405956361a85c00c9d06c1b752a799c88dbcff4562df97c6aebf2197a	e88efdd393d944feddf6ae5bcc157f160bcd43ff625d8ebdcd1d852fb3a1a364
core::sra_v2_2::champ_023::wrong_precondition	core_audited_marked_sibling	sra_v2_2::champ_023::wrong_precondition	core_marked_sibling	L0_CORE_MARKED_SIBLING	champ	train	1	core_all694_pool	sra_v2_2::champ_023::wrong_precondition::helpful	sra_v2_2::champ_023::wrong_precondition::execution_risk	no	core_admission_carried_forward	core_static_cue_clean_rebuilt	none	8c4e57b8e480b6c0f37acc43e3b6efb13f09b95e03d614f9032c779da04e7a71	b18c53a0ec02d3cc7f34b2ca9d7c3aa2b2af070900d0ef8bb51281e3f90e2593	ce29f7f9fab90441d3923fe69375ff133fe73e4fac5460899ca532c6a76cf144
core::sra_v2_2::champ_024::wrong_precondition	core_audited_marked_sibling	sra_v2_2::champ_024::wrong_precondition	core_marked_sibling	L0_CORE_MARKED_SIBLING	champ	train	1	core_all694_pool	sra_v2_2::champ_024::wrong_precondition::helpful	sra_v2_2::champ_024::wrong_precondition::execution_risk	no	core_admission_carried_forward	core_static_cue_clean_rebuilt	none	4fe51ca90e3621d82d3b890bc502daf3807093878ffdaee818afa4b99e115d60	670306d065c814a1f056cadb6297f5b361343c49943bc728f9558e47ac113188	4c427c68a34c1d184456a4d7abcd5254444e26a94a3e75d97099f13127fed461
core::sra_v2_2::champ_025::wrong_precondition	core_audited_marked_sibling	sra_v2_2::champ_025::wrong_precondition	core_marked_sibling	L0_CORE_MARKED_SIBLING	champ	train	1	core_all694_pool	sra_v2_2::champ_025::wrong_precondition::helpful	sra_v2_2::champ_025::wrong_precondition::execution_risk	no	core_admission_carried_forward	core_static_cue_clean_rebuilt	none	b8b837d6d3ebe5ca0a82d8b693972d6450d0ddc17605d1516855ae53c317107e	de55217293b2114c2c3e12c18fa6d948a4689c59e25f26cf5ba9d5a313ec9321	bd4597edea4f6bd51a3bd5dfdddf5ee0fee76155b70edbbb30a585bba42d6e47
core::sra_v2_2::champ_026::wrong_precondition	core_audited_marked_sibling	sra_v2_2::champ_026::wrong_precondition	core_marked_sibling	L0_CORE_MARKED_SIBLING	champ	train	1	core_all694_pool	sra_v2_2::champ_026::wrong_precondition::helpful	sra_v2_2::champ_026::wrong_precondition::execution_risk	no	core_admission_carried_forward	core_static_cue_clean_rebuilt	none	c34c9da635783b883cb8c5007a97761fcbe53282153904dbd89d47e291c8cb2a	12f43312def01ca1e86bd4450cfa19c42fe282fddc9a810b5bd49391cafa752f	42551d6a48989dc5776e6bff0019de52912c5d42498412471a385a85917ecc9e
core::sra_v2_2::champ_027::wrong_precondition	core_audited_marked_sibling	sra_v2_2::champ_027::wrong_precondition	core_marked_sibling	L0_CORE_MARKED_SIBLING	champ	train	1	core_all694_pool	sra_v2_2::champ_027::wrong_precondition::helpful	sra_v2_2::champ_027::wrong_precondition::execution_risk	no	core_admission_carried_forward	core_static_cue_clean_rebuilt	none	d27d1855a8f64ce716224aaeb3090ee5dc24385f325e587d2a358f5794343920	69b44e3d5886448903140c413c2488a90d8d4091f4b3e055833306636f53fca3	edaa0439bb7a0feb4d27e6268e6dfebfa5ad2ac5d47ad448dea109807a7c3802
core::sra_v2_2::champ_028::wrong_precondition	core_audited_marked_sibling	sra_v2_2::champ_028::wrong_precondition	core_marked_sibling	L0_CORE_MARKED_SIBLING	champ	train	1	core_all694_pool	sra_v2_2::champ_028::wrong_precondition::helpful	sra_v2_2::champ_028::wrong_precondition::execution_risk	no	core_admission_carried_forward	core_static_cue_clean_rebuilt	none	db3e053581c8c1e66e8d242a238b42d54f6c6aaa5dc0850a48cd5f2d2cbdaa87	62b48226a6b8f395d6c6bbadc5ff03defa5a4f8c237e816c41eb53a7160939e8	d82839fbf389067953da471323578f46e65aacae50657230200b723a08ba74f6
core::sra_v2_2::champ_029::wrong_precondition	core_audited_marked_sibling	sra_v2_2::champ_029::wrong_precondition	core_marked_sibling	L0_CORE_MARKED_SIBLING	champ	test	1	core_all694_pool	sra_v2_2::champ_029::wrong_precondition::helpful	sra_v2_2::champ_029::wrong_precondition::execution_risk	no	core_admission_carried_forward	core_static_cue_clean_rebuilt	none	ac8b23aae6a76e163dc00fe23d56a72c73c14063c485866377e707d9de499ab2	fee47e69bc5830727f41354d645818d21924299bd4e4fafad531dd569a09db0a	9c9e60b4cb09c2907c40c6d0c04f79dbabad93c245ca98a0e712aed66886e7af
core::sra_v2_2::champ_030::wrong_precondition	core_audited_marked_sibling	sra_v2_2::champ_030::wrong_precondition	core_marked_sibling	L0_CORE_MARKED_SIBLING	champ	train	1	core_all694_pool	sra_v2_2::champ_030::wrong_precondition::helpful	sra_v2_2::champ_030::wrong_precondition::execution_risk	no	core_admission_carried_forward	core_static_cue_clean_rebuilt	none	74e94e356f9ae482c40814666d83ead9c8e68b8fc3215f9fff7b56acc786b45c	2d3077f8a3bae3df555d29814cf9a2d3de081c184fdaa06df07dceca26c2fd98	4ebae5182317bc2bd8f3529cd6879401a677bf4228f217d192ab38b9f0ed6a8d
core::sra_v2_2::champ_031::wrong_precondition	core_audited_marked_sibling	sra_v2_2::champ_031::wrong_precondition	core_marked_sibling	L0_CORE_MARKED_SIBLING	champ	test	1	core_all694_pool	sra_v2_2::champ_031::wrong_precondition::helpful	sra_v2_2::champ_031::wrong_precondition::execution_risk	no	core_admission_carried_forward	core_static_cue_clean_rebuilt	none	be0051adb18dc9209d42deed11845e6e29fc0eab9293cbcebe1090780df87f6c	1aa8d4988ee3528bb81213601667b7ecf38005bd30570fdefb10fedd27759a2e	62af6067c79de8ab0d75c0e9a14a457acd32b2a5c325acac7a1dbe4b1c7a23e6
core::sra_v2_2::champ_032::wrong_precondition	core_audited_marked_sibling	sra_v2_2::champ_032::wrong_precondition	core_marked_sibling	L0_CORE_MARKED_SIBLING	champ	train	1	core_all694_pool	sra_v2_2::champ_032::wrong_precondition::helpful	sra_v2_2::champ_032::wrong_precondition::execution_risk	no	core_admission_carried_forward	core_static_cue_clean_rebuilt	none	a1a81480c78c060865b44b4ffa962e826abd4ccb947c59d7e87c061127207fc9	6c8543c19de5036ef32dd1ee77063418a4af4a8839be0af73e96058e1e2819ad	84245da8de97edc486563c754d8fe418c30bb53d0a76bb112d897a11337f1ecd
core::sra_v2_2::champ_033::wrong_precondition	core_audited_marked_sibling	sra_v2_2::champ_033::wrong_precondition	core_marked_sibling	L0_CORE_MARKED_SIBLING	champ	train	1	core_all694_pool	sra_v2_2::champ_033::wrong_precondition::helpful	sra_v2_2::champ_033::wrong_precondition::execution_risk	no	core_admission_carried_forward	core_static_cue_clean_rebuilt	none	d8e8b71f2dba3b0c01e6adea8cdd00c42a4d460ec13545df560865b32535635f	aafd72ccbe2f26dbc2295c1908bc8bdab3e495a3124bd47b76550350af1d9499	ad9f21258d1f39c31294c30f2d0547630b8bd42370178752bac87443222b70a3
core::sra_v2_2::champ_034::wrong_precondition	core_audited_marked_sibling	sra_v2_2::champ_034::wrong_precondition	core_marked_sibling	L0_CORE_MARKED_SIBLING	champ	train	1	core_all694_pool	sra_v2_2::champ_034::wrong_precondition::helpful	sra_v2_2::champ_034::wrong_precondition::execution_risk	no	core_admission_carried_forward	core_static_cue_clean_rebuilt	none	4fe51ca90e3621d82d3b890bc502daf3807093878ffdaee818afa4b99e115d60	25a696a267672aa4c3970500aaca79845ec9ebdfd3b8dbc704e4773d7f44c5af	7e96df542c1446b8b9b7131b1757b8013ec0132e8ef0218a55c46cded2f81744
core::sra_v2_2::champ_035::wrong_resource_pointer	core_audited_marked_sibling	sra_v2_2::champ_035::wrong_resource_pointer	core_marked_sibling	L0_CORE_MARKED_SIBLING	champ	train	1	core_all694_pool	sra_v2_2::champ_035::wrong_resource_pointer::helpful	sra_v2_2::champ_035::wrong_resource_pointer::execution_risk	no	core_admission_carried_forward	core_static_cue_clean_rebuilt	none	07cd3d769eeac6fd64ef0b8e5c700de562f32468a5b4a793541b1f4e076aaecc	0d58bb943f38c2dd5d4d8c62dfb2833904474efee4150c821d3dd67353c8fd54	4b3215a79af4bead58b38af7a9245b774794442e4f7ccb7dfe9caa8b5ab1528e
core::sra_v2_2::champ_036::wrong_precondition	core_audited_marked_sibling	sra_v2_2::champ_036::wrong_precondition	core_marked_sibling	L0_CORE_MARKED_SIBLING	champ	train	1	core_all694_pool	sra_v2_2::champ_036::wrong_precondition::helpful	sra_v2_2::champ_036::wrong_precondition::execution_risk	no	core_admission_carried_forward	core_static_cue_clean_rebuilt	none	5f0abf41c4be9a69694864eed2cd9639188d0d92f63d8b27256d9406c035766a	b13c6a996e1fd0487f5b8106ab4f3fd00caf38de1db35bf28bfe896d1615183a	9b4148953fc5fb7c1523ef9bbb5fb9266fa2eaa7e6f06d758104cae83ac703c5
core::sra_v2_2::champ_037::wrong_precondition	core_audited_marked_sibling	sra_v2_2::champ_037::wrong_precondition	core_marked_sibling	L0_CORE_MARKED_SIBLING	champ	test	1	core_all694_pool	sra_v2_2::champ_037::wrong_precondition::helpful	sra_v2_2::champ_037::wrong_precondition::execution_risk	no	core_admission_carried_forward	core_static_cue_clean_rebuilt	none	bbc2a0eecee25b65a1e96ea73a42967d74dbaf978f58103677e09606dbe33f8b	cedf0d8496c281a338c247824aece06b3487031d62fd35dac2b476921673ae81	a3018f5916be344e140a7ec6c1727efc42bdcd8296e2c5064f1dbf82ee317344
core::sra_v2_2::champ_038::wrong_precondition	core_audited_marked_sibling	sra_v2_2::champ_038::wrong_precondition	core_marked_sibling	L0_CORE_MARKED_SIBLING	champ	train	1	core_all694_pool	sra_v2_2::champ_038::wrong_precondition::helpful	sra_v2_2::champ_038::wrong_precondition::execution_risk	no	core_admission_carried_forward	core_static_cue_clean_rebuilt	none	4fe51ca90e3621d82d3b890bc502daf3807093878ffdaee818afa4b99e115d60	edf031c79293c32a26294e1b52c8c4c912442c982057be2b0f1c9b25406193c7	ca5dee05a14da76fa533e9e62668520dbcd2f623a91a163eb16f34a2001694dd
core::sra_v2_2::champ_039::wrong_resource_pointer	core_audited_marked_sibling	sra_v2_2::champ_039::wrong_resource_pointer	core_marked_sibling	L0_CORE_MARKED_SIBLING	champ	test	1	core_all694_pool	sra_v2_2::champ_039::wrong_resource_pointer::helpful	sra_v2_2::champ_039::wrong_resource_pointer::execution_risk	no	core_admission_carried_forward	core_static_cue_clean_rebuilt	none	14c9d9c1ca8f672572c86b0feabd309474768a567658ef5ed50f3848a669e69a	1ea282698792469db34feeff78d84c8754d8905f56fd5e23136c3bfd348fb3a7	a81ff149a590da9e44a35a9b3fc1b5e32173718d35d6235ec888151c804e5b4f
core::sra_v2_2::champ_040::wrong_precondition	core_audited_marked_sibling	sra_v2_2::champ_040::wrong_precondition	core_marked_sibling	L0_CORE_MARKED_SIBLING	champ	test	1	core_all694_pool	sra_v2_2::champ_040::wrong_precondition::helpful	sra_v2_2::champ_040::wrong_precondition::execution_risk	no	core_admission_carried_forward	core_static_cue_clean_rebuilt	none	bf5e14630d45c68977ffbef6fa0c684cfe0a443d0eb0584747e9ba86475a5912	d0bb04654c35b44ba1e5542529a19bb59933a5452b2efdb44068444e59ff441e	5955b821266fccd382ad75dc6d4f826fa165b3c16c4d3545f6a6edc0d46207af
core::sra_v2_2::champ_041::wrong_resource_pointer	core_audited_marked_sibling	sra_v2_2::champ_041::wrong_resource_pointer	core_marked_sibling	L0_CORE_MARKED_SIBLING	champ	test	1	core_all694_pool	sra_v2_2::champ_041::wrong_resource_pointer::helpful	sra_v2_2::champ_041::wrong_resource_pointer::execution_risk	no	core_admission_carried_forward	core_static_cue_clean_rebuilt	none	bbc2a0eecee25b65a1e96ea73a42967d74dbaf978f58103677e09606dbe33f8b	7dff33a65922d2f9471827e8f63cc31825896bd18dd76c5edbe2f20d8cd996b8	8b7ad60fd8c1b85f6f6f66b6160c711f3ae93ec5a93f0dfa99e40ef82d50f0cb
core::sra_v2_2::champ_042::wrong_precondition	core_audited_marked_sibling	sra_v2_2::champ_042::wrong_precondition	core_marked_sibling	L0_CORE_MARKED_SIBLING	champ	test	1	core_all694_pool	sra_v2_2::champ_042::wrong_precondition::helpful	sra_v2_2::champ_042::wrong_precondition::execution_risk	no	core_admission_carried_forward	core_static_cue_clean_rebuilt	none	a0e2a681abee85520ade44cf4c69090e76406d424619932ac7fe2f8e4b8ba2b5	1e2241ca7338f1f3c2fc92e0d2f64269df601fb7a66b6f62355a1a5a6ee37f35	8e384665642d65e3c1245e2fdafe28a7de921a7c798fd479b0412d3d2968e388
core::sra_v2_2::champ_043::wrong_precondition	core_audited_marked_sibling	sra_v2_2::champ_043::wrong_precondition	core_marked_sibling	L0_CORE_MARKED_SIBLING	champ	train	1	core_all694_pool	sra_v2_2::champ_043::wrong_precondition::helpful	sra_v2_2::champ_043::wrong_precondition::execution_risk	no	core_admission_carried_forward	core_static_cue_clean_rebuilt	none	a897719c7a9749766c72a7554ffe305a4ad706670555b41259ddefd543f786ce	9fc23fa541ce24b23941acd644a78a3a5bb83dc03f6f9ca287fb8640cf0c0a77	2a1340be3a1e090da6bf6d066ed700ff2485e0d17a2c4ef07ab93986899fa4b1
core::sra_v2_2::champ_044::wrong_precondition	core_audited_marked_sibling	sra_v2_2::champ_044::wrong_precondition	core_marked_sibling	L0_CORE_MARKED_SIBLING	champ	test	1	core_all694_pool	sra_v2_2::champ_044::wrong_precondition::helpful	sra_v2_2::champ_044::wrong_precondition::execution_risk	no	core_admission_carried_forward	core_static_cue_clean_rebuilt	none	6fb34d32fae4145415c1a2abe8ed6239e666e3ae21df499d498d4279607cc660	9caf207abf99e7bd4a7b14a31b36e2b52be5dd98d700134bb4aa342abbba557e	dbcb371e628ea175ba142c583d25e5bf482328af499c49001c81b902f9693e67
core::sra_v2_2::champ_045::wrong_precondition	core_audited_marked_sibling	sra_v2_2::champ_045::wrong_precondition	core_marked_sibling	L0_CORE_MARKED_SIBLING	champ	train	1	core_all694_pool	sra_v2_2::champ_045::wrong_precondition::helpful	sra_v2_2::champ_045::wrong_precondition::execution_risk	no	core_admission_carried_forward	core_static_cue_clean_rebuilt	none	608dc4346082d5139d317992141c304f36f757ee54104c05281495e95c94cf94	c99ccff878a611cd96b2041ea98a8298ee865cf23d03e04988129e2bca771bf5	4f6377cd3d7105c08177e99049711637171478a2fa11626881c0a0a1bd510f23
core::sra_v2_2::champ_046::wrong_precondition	core_audited_marked_sibling	sra_v2_2::champ_046::wrong_precondition	core_marked_sibling	L0_CORE_MARKED_SIBLING	champ	train	1	core_all694_pool	sra_v2_2::champ_046::wrong_precondition::helpful	sra_v2_2::champ_046::wrong_precondition::execution_risk	no	core_admission_carried_forward	core_static_cue_clean_rebuilt	none	304ec8acf13e01431a77cb3fec49ed450463d5f030ae714d687092336159cb19	43323e531a29d7500db911338e7c86c1253005d896d270812508548331efdc98	406e3e9b62ab78991b07adb3f97543a439d23846fdc627d437a00ea152a48b3d
core::sra_v2_2::champ_047::wrong_resource_pointer	core_audited_marked_sibling	sra_v2_2::champ_047::wrong_resource_pointer	core_marked_sibling	L0_CORE_MARKED_SIBLING	champ	train	1	core_all694_pool	sra_v2_2::champ_047::wrong_resource_pointer::helpful	sra_v2_2::champ_047::wrong_resource_pointer::execution_risk	no	core_admission_carried_forward	core_static_cue_clean_rebuilt	none	093b3ec563e8868239327d2f012be8bed6a1f068a62442875f5901baf6c77974	faa8ef0896fc2cf7d02f481b3d2b13de2d17114ab0a054e4d870a542fe034cd5	bbb5d9e44df0cee3218f6405efd0d3d6b8da0f491a4dcb0cbb630cb8e927bcfd
core::sra_v2_2::champ_048::wrong_precondition	core_audited_marked_sibling	sra_v2_2::champ_048::wrong_precondition	core_marked_sibling	L0_CORE_MARKED_SIBLING	champ	train	1	core_all694_pool	sra_v2_2::champ_048::wrong_precondition::helpful	sra_v2_2::champ_048::wrong_precondition::execution_risk	no	core_admission_carried_forward	core_static_cue_clean_rebuilt	none	304ec8acf13e01431a77cb3fec49ed450463d5f030ae714d687092336159cb19	2b8708d91bc089b2b3baa8aabbc289f0fbfd5e6c3605fbcc788230657fb945b8	b06d7613ff424b6044dc94b757715d8d0e9364f779a0100cbbc131d0762d93ba
core::sra_v2_2::champ_049::wrong_precondition	core_audited_marked_sibling	sra_v2_2::champ_049::wrong_precondition	core_marked_sibling	L0_CORE_MARKED_SIBLING	champ	test	1	core_all694_pool	sra_v2_2::champ_049::wrong_precondition::helpful	sra_v2_2::champ_049::wrong_precondition::execution_risk	no	core_admission_carried_forward	core_static_cue_clean_rebuilt	none	3c0a1c246a6b580500b37877f6aadddc24c746b82c3b18279d7d191a5e4284a6	5847c7023529cc18741f14eeed50d236f37626e076e0b9273984f45d94074de0	60edfcc012c62f8f8e6d9c1b05cb2747684bd9d991d83219a07853999d2c0f57
core::sra_v2_2::champ_050::wrong_precondition	core_audited_marked_sibling	sra_v2_2::champ_050::wrong_precondition	core_marked_sibling	L0_CORE_MARKED_SIBLING	champ	train	1	core_all694_pool	sra_v2_2::champ_050::wrong_precondition::helpful	sra_v2_2::champ_050::wrong_precondition::execution_risk	no	core_admission_carried_forward	core_static_cue_clean_rebuilt	none	6876714d2ec04823e15bd6ee879c21afe217e038527fea9fd73060f729c4d1e7	45b83c7ea57d0f7b90a1103f55538fc6689e183211c327d19ac7631014f33ca9	a95533dd655b33e89ddde76f1a4dbce5a090a5d666d4fae6ef661db2321a41c0
core::sra_v2_2::champ_051::wrong_resource_pointer	core_audited_marked_sibling	sra_v2_2::champ_051::wrong_resource_pointer	core_marked_sibling	L0_CORE_MARKED_SIBLING	champ	train	1	core_all694_pool	sra_v2_2::champ_051::wrong_resource_pointer::helpful	sra_v2_2::champ_051::wrong_resource_pointer::execution_risk	no	core_admission_carried_forward	core_static_cue_clean_rebuilt	none	f22a2c535e12a0a572beaf6b7a5a6a8b019b3030071bc65a8a504b6d5ace5350	d7df527451b3c3411bd8003de97551247ec83ca20a519d1d77262cbf883a8ee5	49cc44cc7898e87b4c1034801913a715b05cadf5af19d479c9f504fee406671b
core::sra_v2_2::champ_052::wrong_resource_pointer	core_audited_marked_sibling	sra_v2_2::champ_052::wrong_resource_pointer	core_marked_sibling	L0_CORE_MARKED_SIBLING	champ	test	1	core_all694_pool	sra_v2_2::champ_052::wrong_resource_pointer::helpful	sra_v2_2::champ_052::wrong_resource_pointer::execution_risk	no	core_admission_carried_forward	core_static_cue_clean_rebuilt	none	ddbb477b3673dc7a4b9473b98ecad2f4149d3ce53dcb2bb421a5fba77e9b6eb3	b3b043058fde050c840dbc58fbe03870977f9582e18f5d66a29e9fe91adc4ab6	a5b42c655e04662ea5c0c2b16929050073c85c07d871aa4218a348277f7e966b
core::sra_v2_2::champ_053::wrong_precondition	core_audited_marked_sibling	sra_v2_2::champ_053::wrong_precondition	core_marked_sibling	L0_CORE_MARKED_SIBLING	champ	test	1	core_all694_pool	sra_v2_2::champ_053::wrong_precondition::helpful	sra_v2_2::champ_053::wrong_precondition::execution_risk	no	core_admission_carried_forward	core_static_cue_clean_rebuilt	none	ff08feb45fe5b958609c0c293921ecfeee99e2b1cd3d8f4d43e6cf39b742e94f	dc8f1727231919bab9d6f6760a0cf0fe0547d58bc3e08116553fba8edd053080	166ae67556d920a78b2c277783468697d9db2f532ec599a94bf37452be3700cc
core::sra_v2_2::champ_054::wrong_resource_pointer	core_audited_marked_sibling	sra_v2_2::champ_054::wrong_resource_pointer	core_marked_sibling	L0_CORE_MARKED_SIBLING	champ	test	1	core_all694_pool	sra_v2_2::champ_054::wrong_resource_pointer::helpful	sra_v2_2::champ_054::wrong_resource_pointer::execution_risk	no	core_admission_carried_forward	core_static_cue_clean_rebuilt	none	1b268b692644f9114206192d4725b7619449000fa54a0906db5d3c4a89bb44f6	9163a749241c2cbde350b1eb8edf24323d62ff67f8190e8a58af3db762729a67	0fc39b0873e16d822ff65ae3c26d605985478327f5730abf12682a38ffead602
core::sra_v2_2::champ_055::wrong_precondition	core_audited_marked_sibling	sra_v2_2::champ_055::wrong_precondition	core_marked_sibling	L0_CORE_MARKED_SIBLING	champ	train	1	core_all694_pool	sra_v2_2::champ_055::wrong_precondition::helpful	sra_v2_2::champ_055::wrong_precondition::execution_risk	no	core_admission_carried_forward	core_static_cue_clean_rebuilt	none	85eb5c20cc6c8b6e7e9a4a1451b512810197c47e5e6dde4bf9bb4ff5af3821c9	92c5bdfceccb187e013ff7e0230ccf80d285fd5431204d5b664236e092f8223e	482686269f62f97f50a104747fa469c5f39df9fecbd53cfc9c54aa9192e3d3fe
core::sra_v2_2::champ_056::wrong_precondition	core_audited_marked_sibling	sra_v2_2::champ_056::wrong_precondition	core_marked_sibling	L0_CORE_MARKED_SIBLING	champ	train	1	core_all694_pool	sra_v2_2::champ_056::wrong_precondition::helpful	sra_v2_2::champ_056::wrong_precondition::execution_risk	no	core_admission_carried_forward	core_static_cue_clean_rebuilt	none	942ea3db034a78c5bd4abd3568f547b65b0a133758a241c04eb636871de35295	5f1006c829854360dc94df9478ad1b9e7fb6ab665c2317a8736bef49d276f849	857586dfaf6bcdc5587a9c16c02fb31f08eb04a5608422731ffe87e585541ad6
core::sra_v2_2::champ_057::wrong_precondition	core_audited_marked_sibling	sra_v2_2::champ_057::wrong_precondition	core_marked_sibling	L0_CORE_MARKED_SIBLING	champ	test	1	core_all694_pool	sra_v2_2::champ_057::wrong_precondition::helpful	sra_v2_2::champ_057::wrong_precondition::execution_risk	no	core_admission_carried_forward	core_static_cue_clean_rebuilt	none	61378e63c85a9107a01867f562ac01a79866a2e370790f40674bf47b22d81c49	a32d0e7d8c42c1ee201028736ea783ad0ba1a6909b844dd8899d2b5ca0311b61	ae8ea94f5f34d724339460899d247c02981c56ba53933208d0ce03e5a1a71bda
core::sra_v2_2::champ_058::wrong_precondition	core_audited_marked_sibling	sra_v2_2::champ_058::wrong_precondition	core_marked_sibling	L0_CORE_MARKED_SIBLING	champ	train	1	core_all694_pool	sra_v2_2::champ_058::wrong_precondition::helpful	sra_v2_2::champ_058::wrong_precondition::execution_risk	no	core_admission_carried_forward	core_static_cue_clean_rebuilt	none	1d10ad3be6c612a4ab677f2d5884de9c2f9819a658e4e6c1b0abebd311308733	619e153b3fffea2b81b1e9c0a2063f2383095e56c45f2a7ea1f9bad9802b9bb9	84e63a9ea3293d4f4c85069f502d0d0db0efcf82fdf7d2c993344832367edd3f
core::sra_v2_2::champ_059::wrong_precondition	core_audited_marked_sibling	sra_v2_2::champ_059::wrong_precondition	core_marked_sibling	L0_CORE_MARKED_SIBLING	champ	train	1	core_all694_pool	sra_v2_2::champ_059::wrong_precondition::helpful	sra_v2_2::champ_059::wrong_precondition::execution_risk	no	core_admission_carried_forward	core_static_cue_clean_rebuilt	none	340f1ceadff7d3472406ae0fb918a171d1328c71d5eb931357d1141d325e709d	ed951fc6fb605dd6d7a073877a8d82d8ee26108cb9d49c9227b5bf4cebcc2bad	81dbc645528eaa375f3bbdcfeb9286f23476b1e2fc797204633f530e2e8d1ee2
core::sra_v2_2::champ_060::wrong_resource_pointer	core_audited_marked_sibling	sra_v2_2::champ_060::wrong_resource_pointer	core_marked_sibling	L0_CORE_MARKED_SIBLING	champ	train	1	core_all694_pool	sra_v2_2::champ_060::wrong_resource_pointer::helpful	sra_v2_2::champ_060::wrong_resource_pointer::execution_risk	no	core_admission_carried_forward	core_static_cue_clean_rebuilt	none	340f1ceadff7d3472406ae0fb918a171d1328c71d5eb931357d1141d325e709d	403f3d406c9efaa60e121938beb3b47e2aea1f78354ff1d1b07e399380c98668	9753801685fe473cd536d91a30fae9bd3a64ce1670d23b53ec9db3c54409dfb6
core::sra_v2_2::champ_061::wrong_precondition	core_audited_marked_sibling	sra_v2_2::champ_061::wrong_precondition	core_marked_sibling	L0_CORE_MARKED_SIBLING	champ	train	1	core_all694_pool	sra_v2_2::champ_061::wrong_precondition::helpful	sra_v2_2::champ_061::wrong_precondition::execution_risk	no	core_admission_carried_forward	core_static_cue_clean_rebuilt	none	2ebc1ef8487cdbf074166b75258eb7eb716e0f792cf0c0c83862e507e8ab7bc6	953c53f99f402bb7e6ee6d24b0d65bb6c011ef8d1226e2b8a08532cabbcefe53	2e72dc7d9906534c706504adec80ed44ae6d39fd210b904603ab6e92186a9f44
core::sra_v2_2::champ_062::wrong_precondition	core_audited_marked_sibling	sra_v2_2::champ_062::wrong_precondition	core_marked_sibling	L0_CORE_MARKED_SIBLING	champ	train	1	core_all694_pool	sra_v2_2::champ_062::wrong_precondition::helpful	sra_v2_2::champ_062::wrong_precondition::execution_risk	no	core_admission_carried_forward	core_static_cue_clean_rebuilt	none	f41a89691b32cf44ffb1b385684e0af3b542ef5264e2dc87f2a7ad82f8d16941	922e7033f414e85519c98d3be09fee4700c3d6492ef7a32c8b8c5c761ea2850f	619efa78a9debf291fc58747016509479e83d4506560003d58e35019a29b43b6
core::sra_v2_2::champ_063::wrong_precondition	core_audited_marked_sibling	sra_v2_2::champ_063::wrong_precondition	core_marked_sibling	L0_CORE_MARKED_SIBLING	champ	test	1	core_all694_pool	sra_v2_2::champ_063::wrong_precondition::helpful	sra_v2_2::champ_063::wrong_precondition::execution_risk	no	core_admission_carried_forward	core_static_cue_clean_rebuilt	none	9b21c43183919c98d2051f9615fbb52be5d485147b5551dd2a1cea645d6f509c	0b6508e5df7eb3e35b40dd13219a1ff9453949e01d12e8885a918d06ce461978	34a5773a626d5448641ca868c216e75b0c30f5fcfc12e2ab388f376093f5d4f3
core::sra_v2_2::champ_064::wrong_resource_pointer	core_audited_marked_sibling	sra_v2_2::champ_064::wrong_resource_pointer	core_marked_sibling	L0_CORE_MARKED_SIBLING	champ	train	1	core_all694_pool	sra_v2_2::champ_064::wrong_resource_pointer::helpful	sra_v2_2::champ_064::wrong_resource_pointer::execution_risk	no	core_admission_carried_forward	core_static_cue_clean_rebuilt	none	564f0d852f322bc1a88d959451b24510a4ba54d17925e8e7f8f8fbb891e1afb2	df28df0c48c0f4b2b00007af9b7469778ad7a455c3690a7918357ae8a2bd1389	41365c999cc78d55164d1f00e479ef5324b220a15a9fe099d07d558427b3624c
core::sra_v2_2::champ_065::wrong_precondition	core_audited_marked_sibling	sra_v2_2::champ_065::wrong_precondition	core_marked_sibling	L0_CORE_MARKED_SIBLING	champ	train	1	core_all694_pool	sra_v2_2::champ_065::wrong_precondition::helpful	sra_v2_2::champ_065::wrong_precondition::execution_risk	no	core_admission_carried_forward	core_static_cue_clean_rebuilt	none	b105f1886be6660ce734ebf4892b2629ef763b61f6bdbbcab179936881ea7a94	19ccfd919cbcb254620d4ac7f3f34ecb0b0ed0baed56f38a1814094624c02356	c2868758135bf86b76c28b81fd4f215ed2b4cc357184936d83804bddb3097ff2
core::sra_v2_2::champ_066::wrong_resource_pointer	core_audited_marked_sibling	sra_v2_2::champ_066::wrong_resource_pointer	core_marked_sibling	L0_CORE_MARKED_SIBLING	champ	train	1	core_all694_pool	sra_v2_2::champ_066::wrong_resource_pointer::helpful	sra_v2_2::champ_066::wrong_resource_pointer::execution_risk	no	core_admission_carried_forward	core_static_cue_clean_rebuilt	none	73bf01cd9812773bbcb4f1fea6ad99a64e50173a5cd55b8692661180d4b73dd6	4a6b5f2bc19a640b4be376e880808633102cbce85c66ce5069f94435afd2e9ff	daba6fe404deb9e84c99cde7cec78a7f7b786a80c1afe2364e5a82231eb61b5d
core::sra_v2_2::champ_067::wrong_precondition	core_audited_marked_sibling	sra_v2_2::champ_067::wrong_precondition	core_marked_sibling	L0_CORE_MARKED_SIBLING	champ	test	1	core_all694_pool	sra_v2_2::champ_067::wrong_precondition::helpful	sra_v2_2::champ_067::wrong_precondition::execution_risk	no	core_admission_carried_forward	core_static_cue_clean_rebuilt	none	9bdf0ec8cb8a840f1a754ca6e18d2bd59bed74a8d72756c035eb55144dd082b6	1a6e537005028134bca0695cd27c10da9e102f5ad1f865765f333497ca2bd057	56e1876aa9f7962cf5de4beee7365e82be40cbe9490ca9530945d4d61978af8b
core::sra_v2_2::champ_068::wrong_precondition	core_audited_marked_sibling	sra_v2_2::champ_068::wrong_precondition	core_marked_sibling	L0_CORE_MARKED_SIBLING	champ	test	1	core_all694_pool	sra_v2_2::champ_068::wrong_precondition::helpful	sra_v2_2::champ_068::wrong_precondition::execution_risk	no	core_admission_carried_forward	core_static_cue_clean_rebuilt	none	6be98a05a33f6a1a0bc16418c499d3cab71f6eb83c21f8675ca2843c28ad1037	2e850f2e70da8fcaab6e4914941fa44fc0b8887376294b42237d06ca4c8929e0	e38bc599ef918b98acd098cfefc93f3bbb1d6f69e3ebb65a55b59ced7e83abf8
core::sra_v2_2::champ_069::wrong_resource_pointer	core_audited_marked_sibling	sra_v2_2::champ_069::wrong_resource_pointer	core_marked_sibling	L0_CORE_MARKED_SIBLING	champ	train	1	core_all694_pool	sra_v2_2::champ_069::wrong_resource_pointer::helpful	sra_v2_2::champ_069::wrong_resource_pointer::execution_risk	no	core_admission_carried_forward	core_static_cue_clean_rebuilt	none	bea4b424b7711fda8f928cf283640041a58fc0f38c6829ad1627ed5cdcca4c89	2d8ef533ec1d28b2e0fbb1f4bd73ff63afd993af3993c6b8ed5cb94dfefdf5b4	985834fd558b5ba491c79f78d659d87febbe0fea36ffa7d49c166f63af552dd4
core::sra_v2_2::champ_070::wrong_precondition	core_audited_marked_sibling	sra_v2_2::champ_070::wrong_precondition	core_marked_sibling	L0_CORE_MARKED_SIBLING	champ	train	1	core_all694_pool	sra_v2_2::champ_070::wrong_precondition::helpful	sra_v2_2::champ_070::wrong_precondition::execution_risk	no	core_admission_carried_forward	core_static_cue_clean_rebuilt	none	81a7aa73a7cb4021991ac039ce2316c1ab39bb5fc04cf203d899c393bfb0dd1c	ebbb434de689ae759ab80e6d71d0a5a2214db7f148ac3d21fd44b858b6533bae	c4b160f7bae0a5582d258a6f5a4bb221a0e290ab005b3c9f5de589ef44a42201
core::sra_v2_2::champ_071::wrong_resource_pointer	core_audited_marked_sibling	sra_v2_2::champ_071::wrong_resource_pointer	core_marked_sibling	L0_CORE_MARKED_SIBLING	champ	train	1	core_all694_pool	sra_v2_2::champ_071::wrong_resource_pointer::helpful	sra_v2_2::champ_071::wrong_resource_pointer::execution_risk	no	core_admission_carried_forward	core_static_cue_clean_rebuilt	none	2215679f41fedfa8465a66a1cf4a48aafe4a793453af845bc9813861a5214b61	7094506aec68416054673146503de708772b1cbcce45532334849a04b821d1b0	f33a64a51f1c688c3bf9e65fe001942edaa76ee0e344d89905644972dbf80fbb
core::sra_v2_2::champ_072::wrong_resource_pointer	core_audited_marked_sibling	sra_v2_2::champ_072::wrong_resource_pointer	core_marked_sibling	L0_CORE_MARKED_SIBLING	champ	train	1	core_all694_pool	sra_v2_2::champ_072::wrong_resource_pointer::helpful	sra_v2_2::champ_072::wrong_resource_pointer::execution_risk	no	core_admission_carried_forward	core_static_cue_clean_rebuilt	none	c7854b296f1e5feb6a2f1da6ceba52451d5291872c4e3d02c1da0684a4465eef	1910abf0b143713a1d4efc530faf7e9e96284bc211f067bb8eeaa2876fcc82b9	4e12d3fbcf264e0e0ddc8d21a7e0ee4b8bd2a859a429649fde8ef3c9cb2bd693
core::sra_v2_2::champ_073::wrong_precondition	core_audited_marked_sibling	sra_v2_2::champ_073::wrong_precondition	core_marked_sibling	L0_CORE_MARKED_SIBLING	champ	train	1	core_all694_pool	sra_v2_2::champ_073::wrong_precondition::helpful	sra_v2_2::champ_073::wrong_precondition::execution_risk	no	core_admission_carried_forward	core_static_cue_clean_rebuilt	none	849c5202e4e5ee41b23cd2851df3663d974384b59d0505d62ca4e20886442a4b	7d9f344b873f0d86457f82532f7b043a7fb39392120c30ac61c543c82ac4b8eb	97d17094539ad2cd1c59206e63689817ac70f0dc2c2c936169be4c5bb4b57475
core::sra_v2_2::champ_074::wrong_precondition	core_audited_marked_sibling	sra_v2_2::champ_074::wrong_precondition	core_marked_sibling	L0_CORE_MARKED_SIBLING	champ	dev	1	core_all694_pool	sra_v2_2::champ_074::wrong_precondition::helpful	sra_v2_2::champ_074::wrong_precondition::execution_risk	no	core_admission_carried_forward	core_static_cue_clean_rebuilt	none	4ce0e69fcf14defba28466dadf54531ee47d085b08aadad6157360e46d74273b	454bc18fb50009e6a7aef1765528a75aa85a268c555509bdb513464c9f849def	f2a7cfbed83247dcdb724fcd6d01c64724f2e924e787d543c50e222c63f3f3ea
core::sra_v2_2::champ_075::wrong_precondition	core_audited_marked_sibling	sra_v2_2::champ_075::wrong_precondition	core_marked_sibling	L0_CORE_MARKED_SIBLING	champ	test	1	core_all694_pool	sra_v2_2::champ_075::wrong_precondition::helpful	sra_v2_2::champ_075::wrong_precondition::execution_risk	no	core_admission_carried_forward	core_static_cue_clean_rebuilt	none	3c5d481f56a3b889b99e6f207707743534444f0e660dcd15da57cfd67b4c29c3	04333cc94742c0674e3e5d93d4b0aa6e739507d1bb1e2ef7189379ca964c5dd4	7c3a59d3a977d87987627b13f0213d45cd1add1be8dd9b0a69b5855d7a28d2f1
core::sra_v2_2::champ_076::wrong_resource_pointer	core_audited_marked_sibling	sra_v2_2::champ_076::wrong_resource_pointer	core_marked_sibling	L0_CORE_MARKED_SIBLING	champ	test	1	core_all694_pool	sra_v2_2::champ_076::wrong_resource_pointer::helpful	sra_v2_2::champ_076::wrong_resource_pointer::execution_risk	no	core_admission_carried_forward	core_static_cue_clean_rebuilt	none	fe3499cf19cd7c9d35bfe11e0ef6e06ddd9da26a3b85bee2de3cdde0e0fc084f	31643d97dc801e09bb6e421d6bfc3c4ff58ed5170f334ffb3ab78c991c636b20	9cc8c91f41a1f137bc5fa34b2f248afc044e3d9121f0fbfa7b8352eac2b6a5db
core::sra_v2_2::champ_077::wrong_precondition	core_audited_marked_sibling	sra_v2_2::champ_077::wrong_precondition	core_marked_sibling	L0_CORE_MARKED_SIBLING	champ	train	1	core_all694_pool	sra_v2_2::champ_077::wrong_precondition::helpful	sra_v2_2::champ_077::wrong_precondition::execution_risk	no	core_admission_carried_forward	core_static_cue_clean_rebuilt	none	747687816dd5784704e29c11fe77f82db7d54773f31eedd39d2d2f7371712f64	ed2c740d5c9bc282fee7664bf7ef700b18cd80ad174f5c1cec79fd4c3d9ef720	57ec0b27739d2e2b8940fd4a6f89b0651d4487bd69fa4ac9a699ccc57cd2a67c
core::sra_v2_2::champ_078::wrong_resource_pointer	core_audited_marked_sibling	sra_v2_2::champ_078::wrong_resource_pointer	core_marked_sibling	L0_CORE_MARKED_SIBLING	champ	train	1	core_all694_pool	sra_v2_2::champ_078::wrong_resource_pointer::helpful	sra_v2_2::champ_078::wrong_resource_pointer::execution_risk	no	core_admission_carried_forward	core_static_cue_clean_rebuilt	none	0ef5215c51a62e2c74ce05f96e5267d200d581c1821544a11f7159a27b1ba300	ab5d3112600e5ffbf0596cc4cd7994532571d21bbbd016e98fa1bb9119809d1c	3dca570ed57bae8859a2bb688e89be8547847374631dac7cac4c83a14bf8e56a
core::sra_v2_2::champ_079::wrong_precondition	core_audited_marked_sibling	sra_v2_2::champ_079::wrong_precondition	core_marked_sibling	L0_CORE_MARKED_SIBLING	champ	train	1	core_all694_pool	sra_v2_2::champ_079::wrong_precondition::helpful	sra_v2_2::champ_079::wrong_precondition::execution_risk	no	core_admission_carried_forward	core_static_cue_clean_rebuilt	none	6f880a136d3839444a3d2e31c221ad823a568586866836891a6c422b2305cb8d	e9182e77ef7050a6cc18c96c713e5bf11032e840d8e7e57a3972ae51420d9053	4363cff6861a1ce7a26acd5b5cebbdaa5f015b5b91d6fed62d900d4a1623bcea
core::sra_v2_2::champ_080::wrong_precondition	core_audited_marked_sibling	sra_v2_2::champ_080::wrong_precondition	core_marked_sibling	L0_CORE_MARKED_SIBLING	champ	test	1	core_all694_pool	sra_v2_2::champ_080::wrong_precondition::helpful	sra_v2_2::champ_080::wrong_precondition::execution_risk	no	core_admission_carried_forward	core_static_cue_clean_rebuilt	none	6fb34d32fae4145415c1a2abe8ed6239e666e3ae21df499d498d4279607cc660	2b91ef85cddc24c719a83ef3ca4c5cd3cd9eddc615e40dc0a803c3de6f386e23	575ee4a0cf9c16f3b40ac9c01b9f7e92fff8af1297fcf5a8c91e1a513508128b
core::sra_v2_2::champ_081::wrong_precondition	core_audited_marked_sibling	sra_v2_2::champ_081::wrong_precondition	core_marked_sibling	L0_CORE_MARKED_SIBLING	champ	train	1	core_all694_pool	sra_v2_2::champ_081::wrong_precondition::helpful	sra_v2_2::champ_081::wrong_precondition::execution_risk	no	core_admission_carried_forward	core_static_cue_clean_rebuilt	none	49ee1395d93d0cb0f54c175ffde1ad85ac3faba2466404c756f01e90a4a75f3e	447ad4e959494f23d4b10bdd9980a37f9beedc3b2f40b9e8dc44e1a50421e97c	45b2151ce21cdf8069cc1fc018a6315bd6f096994eabc08e761c1a8f8d27c3a6
core::sra_v2_2::champ_082::wrong_precondition	core_audited_marked_sibling	sra_v2_2::champ_082::wrong_precondition	core_marked_sibling	L0_CORE_MARKED_SIBLING	champ	train	1	core_all694_pool	sra_v2_2::champ_082::wrong_precondition::helpful	sra_v2_2::champ_082::wrong_precondition::execution_risk	no	core_admission_carried_forward	core_static_cue_clean_rebuilt	none	0b70679c68b84debae20411964e2a5acd7f11f34856aa9baf747443f844cc992	e8d4a60be635e8c688711eca2df4015604556d4396cbbc2a96aadcc81bbdc9fe	a0e201a4332ea8e7288ca3bb632f77db783aa828c1469e1137b82fbccf6a8184
core::sra_v2_2::champ_083::wrong_resource_pointer	core_audited_marked_sibling	sra_v2_2::champ_083::wrong_resource_pointer	core_marked_sibling	L0_CORE_MARKED_SIBLING	champ	train	1	core_all694_pool	sra_v2_2::champ_083::wrong_resource_pointer::helpful	sra_v2_2::champ_083::wrong_resource_pointer::execution_risk	no	core_admission_carried_forward	core_static_cue_clean_rebuilt	none	30216ec51a5013ad6fa2c34825cb9384e326faaf2875bcb23188b77e6b219d83	5761210020753d7adbbf0a4e928c783aeea4fb373f5cd7d12ed270c703cfc904	2e286e5bcaf56a9bb97d2f13bb8ab09d6f06d82adcfcadbcfb7757bba179e352
core::sra_v2_2::champ_084::wrong_precondition	core_audited_marked_sibling	sra_v2_2::champ_084::wrong_precondition	core_marked_sibling	L0_CORE_MARKED_SIBLING	champ	train	1	core_all694_pool	sra_v2_2::champ_084::wrong_precondition::helpful	sra_v2_2::champ_084::wrong_precondition::execution_risk	no	core_admission_carried_forward	core_static_cue_clean_rebuilt	none	cf8a706113e6ce4c8ab81639166f83bd4b8265056dc0e342dc17fe840181cc85	43bda9f858aa2ee705dacd1cfa9f9dfc1e09893a6fd39f90b55919a5d295126e	6dd1c3ce43a4fd6dc08a5a55ab4c090fcfdb9827f88018d1e2958faff456f941
core::sra_v2_2::champ_085::wrong_precondition	core_audited_marked_sibling	sra_v2_2::champ_085::wrong_precondition	core_marked_sibling	L0_CORE_MARKED_SIBLING	champ	train	1	core_all694_pool	sra_v2_2::champ_085::wrong_precondition::helpful	sra_v2_2::champ_085::wrong_precondition::execution_risk	no	core_admission_carried_forward	core_static_cue_clean_rebuilt	none	fbdc377269d17a1eb7670a61d06193def47a5fdd62f93f40d7e9249ee1bf7ced	e540dda87e1f24c1fa8614ebfd3f55f479609cc6e55a4d77a07a1a12c4b65b80	8daf31a8ec145416002493a30fd6c522955f5dfeca78e8801e79a7d48f032496
core::sra_v2_2::champ_086::wrong_precondition	core_audited_marked_sibling	sra_v2_2::champ_086::wrong_precondition	core_marked_sibling	L0_CORE_MARKED_SIBLING	champ	test	1	core_all694_pool	sra_v2_2::champ_086::wrong_precondition::helpful	sra_v2_2::champ_086::wrong_precondition::execution_risk	no	core_admission_carried_forward	core_static_cue_clean_rebuilt	none	0fd0f04675dd3e8fcdcdb2ae146c97344f2d9ffff8d99892c8ad5e7746f598c0	9c806ce03d3a3149931c7f61e3a28b1a93c67744ee305008bc1d0262c7542d16	9214773244b3fc276610d543a6a2063e2129739651f87dd59129e1e15b3e17d8
core::sra_v2_2::champ_087::wrong_resource_pointer	core_audited_marked_sibling	sra_v2_2::champ_087::wrong_resource_pointer	core_marked_sibling	L0_CORE_MARKED_SIBLING	champ	test	1	core_all694_pool	sra_v2_2::champ_087::wrong_resource_pointer::helpful	sra_v2_2::champ_087::wrong_resource_pointer::execution_risk	no	core_admission_carried_forward	core_static_cue_clean_rebuilt	none	6be98a05a33f6a1a0bc16418c499d3cab71f6eb83c21f8675ca2843c28ad1037	71651e609f5afff3b379446ac9bc4ff8de0e58b7ebc1ddad7e38328a9759fe4e	3f01552785eaa30d2e0e04526b177ce04e9668cd1261260d7f6c5a30e7ed047e
core::sra_v2_2::champ_088::wrong_precondition	core_audited_marked_sibling	sra_v2_2::champ_088::wrong_precondition	core_marked_sibling	L0_CORE_MARKED_SIBLING	champ	train	1	core_all694_pool	sra_v2_2::champ_088::wrong_precondition::helpful	sra_v2_2::champ_088::wrong_precondition::execution_risk	no	core_admission_carried_forward	core_static_cue_clean_rebuilt	none	e365464eee51e3efa6ad25d77cd85de8d8474829eaf4dada4ba32c3dbf67a923	454cec95066b70871a3e0fa5e7c8ccb159cafa791e9cb970b73c0b6d1ab90462	60fe780af12bf1caa3df3d6877bf478f32e50f2ca41f6b96d22ca26dfe36ab77
core::sra_v2_2::logicbench_000::wrong_precondition	core_audited_marked_sibling	sra_v2_2::logicbench_000::wrong_precondition	core_marked_sibling	L0_CORE_MARKED_SIBLING	logicbench	train	1	core_all694_pool	sra_v2_2::logicbench_000::wrong_precondition::helpful	sra_v2_2::logicbench_000::wrong_precondition::execution_risk	no	core_admission_carried_forward	core_static_cue_clean_rebuilt	none	561068824cd105290882f7f8e94947d92659d2892255db8775802c5a42ba755d	e17dc3cef8071cb966cbfd5669ea1290682e623f4c082f37ab89a6400d6f3fa7	6f8350b67c2335f47a13dcedc96da22992d4b4cdb9f812971cfdfd6f63c252c2
core::sra_v2_2::logicbench_001::wrong_precondition	core_audited_marked_sibling	sra_v2_2::logicbench_001::wrong_precondition	core_marked_sibling	L0_CORE_MARKED_SIBLING	logicbench	train	1	core_all694_pool	sra_v2_2::logicbench_001::wrong_precondition::helpful	sra_v2_2::logicbench_001::wrong_precondition::execution_risk	no	core_admission_carried_forward	core_static_cue_clean_rebuilt	none	d51cada96070a379bbcf545e23f82bcf0f00a9090e4e95693affaef837e6d7c3	f7f134a0ffc4b6681b0be7fb72a742cd09c6bb6024668d72437881d5c94d9432	6d72fcdf57f9776e704e8d20dd5acb70aec2dd21c3884afb80a81dd256682ffa
core::sra_v2_2::logicbench_002::wrong_precondition	core_audited_marked_sibling	sra_v2_2::logicbench_002::wrong_precondition	core_marked_sibling	L0_CORE_MARKED_SIBLING	logicbench	test	1	core_all694_pool	sra_v2_2::logicbench_002::wrong_precondition::helpful	sra_v2_2::logicbench_002::wrong_precondition::execution_risk	no	core_admission_carried_forward	core_static_cue_clean_rebuilt	none	3395f934e036c92e246a6a1a2f9d456eb80952a747c8d4334558cbcb0b42c82c	f8bcd4345fdf96695fcdaccbcfbf5b2fdd31a1c2e4dbde0d05c18f93c0e89cdd	67a248a90db669111d204e8f60651a315b29b2ef12d0c921f47a6e17e77c7554
core::sra_v2_2::logicbench_003::wrong_precondition	core_audited_marked_sibling	sra_v2_2::logicbench_003::wrong_precondition	core_marked_sibling	L0_CORE_MARKED_SIBLING	logicbench	dev	1	core_all694_pool	sra_v2_2::logicbench_003::wrong_precondition::helpful	sra_v2_2::logicbench_003::wrong_precondition::execution_risk	no	core_admission_carried_forward	core_static_cue_clean_rebuilt	none	cc523cc5faacb270a34e595922e5740ca3b0afa1b029e19983345e6d57626f16	951c0ebd7932787c886778ef50b64f64cb9111858248033529a93316b87a587e	21ba94ac39622667a93dac320dc78206f4b809b7b9b55603049dbf1e05a703f7
core::sra_v2_2::logicbench_004::wrong_resource_pointer	core_audited_marked_sibling	sra_v2_2::logicbench_004::wrong_resource_pointer	core_marked_sibling	L0_CORE_MARKED_SIBLING	logicbench	train	1	core_all694_pool	sra_v2_2::logicbench_004::wrong_resource_pointer::helpful	sra_v2_2::logicbench_004::wrong_resource_pointer::execution_risk	no	core_admission_carried_forward	core_static_cue_clean_rebuilt	none	8fc171c758de92fdd5956f79539be3f00fa7aa6a152d15317d4d2624fcc77e5b	90ad6eb4595467441709c846bfe9caa4b820d992e435b353a6485f78f774370f	25c98f6de6d440971914d907342d7796249e67adc54459cc773d37aa8f038aaf
core::sra_v2_2::logicbench_005::wrong_resource_pointer	core_audited_marked_sibling	sra_v2_2::logicbench_005::wrong_resource_pointer	core_marked_sibling	L0_CORE_MARKED_SIBLING	logicbench	dev	1	core_all694_pool	sra_v2_2::logicbench_005::wrong_resource_pointer::helpful	sra_v2_2::logicbench_005::wrong_resource_pointer::execution_risk	no	core_admission_carried_forward	core_static_cue_clean_rebuilt	none	38633adfda765780ef0adbef65940ed8fa83cb2455c5766bba2705dc9df389bc	d52f47c88c8b8e9297c7115f50dff0fa5c335239927645fa4966b2090daec15f	a25222990cdaf7159f42ffde5b36bd740357c5837ec7cd5eee82ff714c7f2636
core::sra_v2_2::logicbench_006::wrong_resource_pointer	core_audited_marked_sibling	sra_v2_2::logicbench_006::wrong_resource_pointer	core_marked_sibling	L0_CORE_MARKED_SIBLING	logicbench	train	1	core_all694_pool	sra_v2_2::logicbench_006::wrong_resource_pointer::helpful	sra_v2_2::logicbench_006::wrong_resource_pointer::execution_risk	no	core_admission_carried_forward	core_static_cue_clean_rebuilt	none	e7ab34d7f877132ce2007829143fdda0edf9c20fac0345e498b38a09c8977ff8	8a91283ad8eef50a25baf965a30b9054c94376f047e30443a7274ac52bc11b7f	5dd8d3f9df9b98e9d621fb5a98adcf28b4db1047506dc3bac1dc2d4d1d7bb809
core::sra_v2_2::logicbench_007::wrong_precondition	core_audited_marked_sibling	sra_v2_2::logicbench_007::wrong_precondition	core_marked_sibling	L0_CORE_MARKED_SIBLING	logicbench	dev	1	core_all694_pool	sra_v2_2::logicbench_007::wrong_precondition::helpful	sra_v2_2::logicbench_007::wrong_precondition::execution_risk	no	core_admission_carried_forward	core_static_cue_clean_rebuilt	none	976f0c4cf9502cbb5f9d2c9098fb3c9393aeaad7436b9e93e89bda3c72138a16	d1258a2df9a3d6b9478fd2d8ecf4d2a13adf4130fb53bef6c7b255ef41d40bb2	57a1bdf8b01e10cf4baf79824f1a90631885b7f59953f5312cfd5fcbdfdc6436
core::sra_v2_2::logicbench_008::wrong_resource_pointer	core_audited_marked_sibling	sra_v2_2::logicbench_008::wrong_resource_pointer	core_marked_sibling	L0_CORE_MARKED_SIBLING	logicbench	train	1	core_all694_pool	sra_v2_2::logicbench_008::wrong_resource_pointer::helpful	sra_v2_2::logicbench_008::wrong_resource_pointer::execution_risk	no	core_admission_carried_forward	core_static_cue_clean_rebuilt	none	f75f311ed6eb62d1fc1405313e048306bde321b71424e5bd203447025cc6b33e	88b255ac6c451f6ff0a0381ea03468269091287aeee382c42d01bf895f96d94a	edbcb30747765b39a7598a0accaa340287c1ecf43eb4b21c5a94b1948dce657d
core::sra_v2_2::logicbench_009::wrong_precondition	core_audited_marked_sibling	sra_v2_2::logicbench_009::wrong_precondition	core_marked_sibling	L0_CORE_MARKED_SIBLING	logicbench	test	1	core_all694_pool	sra_v2_2::logicbench_009::wrong_precondition::helpful	sra_v2_2::logicbench_009::wrong_precondition::execution_risk	no	core_admission_carried_forward	core_static_cue_clean_rebuilt	none	55040265d8133eea7e963df61ae9ec6b38d832799ac3ae3301c7110365551902	80ad4606833e24b12c9e7434edea0c221e34961d7da058b31b132bb69359e31f	f9330ae8b70d1b54047b709f4f39e26c6ac0e961be6b19581d0f25c7a24bc6e8
core::sra_v2_2::logicbench_010::wrong_precondition	core_audited_marked_sibling	sra_v2_2::logicbench_010::wrong_precondition	core_marked_sibling	L0_CORE_MARKED_SIBLING	logicbench	train	1	core_all694_pool	sra_v2_2::logicbench_010::wrong_precondition::helpful	sra_v2_2::logicbench_010::wrong_precondition::execution_risk	no	core_admission_carried_forward	core_static_cue_clean_rebuilt	none	4fa39016f9ade574f0c099272a75fe5b235e24243f1e9f3020b26c5ddd473f6e	853f528f4749fa49bd0d22eb4bc1af660099f56ebe4561bf2119af446667d88d	5cf9ab48d6fe2c8b92444bfbc3ad92ac568d3bb7652fdc5c4e78608fb386c697
core::sra_v2_2::logicbench_011::wrong_precondition	core_audited_marked_sibling	sra_v2_2::logicbench_011::wrong_precondition	core_marked_sibling	L0_CORE_MARKED_SIBLING	logicbench	train	1	core_all694_pool	sra_v2_2::logicbench_011::wrong_precondition::helpful	sra_v2_2::logicbench_011::wrong_precondition::execution_risk	no	core_admission_carried_forward	core_static_cue_clean_rebuilt	none	31da88a0c903f0a0ff546d801f479d6655571fb9dedb3f6c246a855dbc7b949f	bc1d83f4459cd75ad343fba0fb3a66498cdbfb4ae8753ce289760f380dcdc328	be62856fd41b6a46a7dd718739c1b335fb8f32ed634c20bc298f86adc5a4fbef
core::sra_v2_2::logicbench_012::wrong_precondition	core_audited_marked_sibling	sra_v2_2::logicbench_012::wrong_precondition	core_marked_sibling	L0_CORE_MARKED_SIBLING	logicbench	test	1	core_all694_pool	sra_v2_2::logicbench_012::wrong_precondition::helpful	sra_v2_2::logicbench_012::wrong_precondition::execution_risk	no	core_admission_carried_forward	core_static_cue_clean_rebuilt	none	17859ef182ba49050b4d881fcdb728501ecea456943917297f311d7c2afad641	a74bf2f8f578080dbe81a180a6fc6633efdf8c1eabe63f69fee3babd1c617f28	3ed825eee613e6ea3f17f0afe15f7696e2f5784a5b15f9f2547221193a10306d
core::sra_v2_2::logicbench_013::wrong_resource_pointer	core_audited_marked_sibling	sra_v2_2::logicbench_013::wrong_resource_pointer	core_marked_sibling	L0_CORE_MARKED_SIBLING	logicbench	train	1	core_all694_pool	sra_v2_2::logicbench_013::wrong_resource_pointer::helpful	sra_v2_2::logicbench_013::wrong_resource_pointer::execution_risk	no	core_admission_carried_forward	core_static_cue_clean_rebuilt	none	a406ceba4c562562f7f08e97ab5713f554b72e9003de7298adbcd621c08481a6	b61b7d8e4b60035db952af30d9b21708b022eded4258bb2f785b28fd40766e4a	d3945a5914c0fff7a668cf641940235f54da2ff911c5a9c413a0ecd805f10bad
core::sra_v2_2::logicbench_014::wrong_precondition	core_audited_marked_sibling	sra_v2_2::logicbench_014::wrong_precondition	core_marked_sibling	L0_CORE_MARKED_SIBLING	logicbench	dev	1	core_all694_pool	sra_v2_2::logicbench_014::wrong_precondition::helpful	sra_v2_2::logicbench_014::wrong_precondition::execution_risk	no	core_admission_carried_forward	core_static_cue_clean_rebuilt	none	9964f12bed05f8d299f038cb904829829ea8d9e23632ff7a0dbcc664296cec6d	907af3879c4649779190afdb07a1f1307c4193f1d2ac2dc30e26ead2c07d2370	076fae72a7046ea852905a2e8c2682e6e7c4db0ae3bfd505b90a81cbdc5e982b
core::sra_v2_2::logicbench_015::wrong_precondition	core_audited_marked_sibling	sra_v2_2::logicbench_015::wrong_precondition	core_marked_sibling	L0_CORE_MARKED_SIBLING	logicbench	train	1	core_all694_pool	sra_v2_2::logicbench_015::wrong_precondition::helpful	sra_v2_2::logicbench_015::wrong_precondition::execution_risk	no	core_admission_carried_forward	core_static_cue_clean_rebuilt	none	36d4b0386fb41b0ea4aa42d34ac16333c96c1cb8a9e192261f7c8b83715e8e4c	cc21eebb89e31d0ead1ca062c715335a721c2ceceabd724a679854770a642ed3	048193141549e9300db0380dd9cf7a44747e0529fdcee734e357a0b658457fbc
core::sra_v2_2::logicbench_016::wrong_precondition	core_audited_marked_sibling	sra_v2_2::logicbench_016::wrong_precondition	core_marked_sibling	L0_CORE_MARKED_SIBLING	logicbench	test	1	core_all694_pool	sra_v2_2::logicbench_016::wrong_precondition::helpful	sra_v2_2::logicbench_016::wrong_precondition::execution_risk	no	core_admission_carried_forward	core_static_cue_clean_rebuilt	none	0275286ef35c1dabbdbd1a2c3b00ecbe8677de60f405509ba269e4e94c450394	6e3f17bffd37bbfadffa6911a2178ec47dd3a8576dc45c9c3ecfb61f68aa87a1	8c19d41cf9c3f20dc5b043a18b802a8f89800717a9fd4ac1d40409522fbae2da
core::sra_v2_2::logicbench_017::wrong_precondition	core_audited_marked_sibling	sra_v2_2::logicbench_017::wrong_precondition	core_marked_sibling	L0_CORE_MARKED_SIBLING	logicbench	dev	1	core_all694_pool	sra_v2_2::logicbench_017::wrong_precondition::helpful	sra_v2_2::logicbench_017::wrong_precondition::execution_risk	no	core_admission_carried_forward	core_static_cue_clean_rebuilt	none	9d0e310bd82ef807895d86a12fb24e4510b6591e1ef955562ae24021a5fffd81	aefed0aaacc8004819b94035df264c5ee6fb2fa9eeec76e4ae0517fbba8e052a	1a97e386668798a69a80b4be2d6b260cedd843cc169e6ba9bb04f7f368e62899
core::sra_v2_2::logicbench_018::wrong_precondition	core_audited_marked_sibling	sra_v2_2::logicbench_018::wrong_precondition	core_marked_sibling	L0_CORE_MARKED_SIBLING	logicbench	test	1	core_all694_pool	sra_v2_2::logicbench_018::wrong_precondition::helpful	sra_v2_2::logicbench_018::wrong_precondition::execution_risk	no	core_admission_carried_forward	core_static_cue_clean_rebuilt	none	fb513d04ad73caa98097019f19608a5f34baca81a8bb8d417f802509b655335b	ff450e2e6db04f2d12501697477a04756c0f3418f05657d5366a8521b7054abe	8412f9866a6daf71972ae9d94069bf6a491a10dac081eedd9cbc92d0fd8c6fff
core::sra_v2_2::medcalcbench_000::wrong_resource_pointer	core_audited_marked_sibling	sra_v2_2::medcalcbench_000::wrong_resource_pointer	core_marked_sibling	L0_CORE_MARKED_SIBLING	medcalcbench	train	1	core_all694_pool	sra_v2_2::medcalcbench_000::wrong_resource_pointer::helpful	sra_v2_2::medcalcbench_000::wrong_resource_pointer::execution_risk	no	core_admission_carried_forward	core_static_cue_clean_rebuilt	none	656393a1c39d30a2a2398fbb5c72a53178518aa94aed635e4cddeee9b7d446df	7c1c9a753e101eab2fbb0ff9c9f0df1ee06c60818f1ebc194443f4b4043da62a	fc46593d19aaed2ebf5d6f1d0730075e11b9bb7fc7194924e8bafc8e59a630d0
core::sra_v2_2::medcalcbench_001::wrong_resource_pointer	core_audited_marked_sibling	sra_v2_2::medcalcbench_001::wrong_resource_pointer	core_marked_sibling	L0_CORE_MARKED_SIBLING	medcalcbench	test	1	core_all694_pool	sra_v2_2::medcalcbench_001::wrong_resource_pointer::helpful	sra_v2_2::medcalcbench_001::wrong_resource_pointer::execution_risk	no	core_admission_carried_forward	core_static_cue_clean_rebuilt	none	9f111289a48e594b5c13b1054331bbd4c612cc1b38a53bf4ff47e9e25fbe883a	bac2f56c1143f9a51f801958995a07094c4d55ec9993e87b041f0c743102de50	79ebef214970df50b9f7e7d22c359f63fece6d0d98da6d5725a789b8970eeb3e
core::sra_v2_2::medcalcbench_002::wrong_resource_pointer	core_audited_marked_sibling	sra_v2_2::medcalcbench_002::wrong_resource_pointer	core_marked_sibling	L0_CORE_MARKED_SIBLING	medcalcbench	test	1	core_all694_pool	sra_v2_2::medcalcbench_002::wrong_resource_pointer::helpful	sra_v2_2::medcalcbench_002::wrong_resource_pointer::execution_risk	no	core_admission_carried_forward	core_static_cue_clean_rebuilt	none	e161b9396991b2c013568547646a1e7dfbabf18d3df3a01d9ce4f3d127f92d46	0f5f2e391099cd5644f08c7977edb93c2dcbe37ba79db51e3669c008742931c9	36cd6f0c6d30bf6e24deca12037e41413b134a8c1b1a27f7d7a08e318293d403
core::sra_v2_2::medcalcbench_003::wrong_resource_pointer	core_audited_marked_sibling	sra_v2_2::medcalcbench_003::wrong_resource_pointer	core_marked_sibling	L0_CORE_MARKED_SIBLING	medcalcbench	train	1	core_all694_pool	sra_v2_2::medcalcbench_003::wrong_resource_pointer::helpful	sra_v2_2::medcalcbench_003::wrong_resource_pointer::execution_risk	no	core_admission_carried_forward	core_static_cue_clean_rebuilt	none	3249d2f49f7e8d4b2bf706d679314b38cdae89925eeb0cde3fa5e9d6a8610fbf	35a2adce33417f5b86efd70151bfd4b74462afa4fbc23c0064c051ef714a98e8	d74fc2d78009e8784ec45accf03f114a2abfdf1105661b15395f30d664c9f878
core::sra_v2_2::medcalcbench_004::wrong_resource_pointer	core_audited_marked_sibling	sra_v2_2::medcalcbench_004::wrong_resource_pointer	core_marked_sibling	L0_CORE_MARKED_SIBLING	medcalcbench	dev	1	core_all694_pool	sra_v2_2::medcalcbench_004::wrong_resource_pointer::helpful	sra_v2_2::medcalcbench_004::wrong_resource_pointer::execution_risk	no	core_admission_carried_forward	core_static_cue_clean_rebuilt	none	9f0b937d7690212c6e3967e20f3a8a9f50736a3d6b91676afe8e0af72178658b	29ca9e4662a438cfe3d1e65e92dbc1da383366224b8b328335848e7ae5bbacbb	f2f650bdc9837d1ad0d6774adf860fd725ddd1af591b0c5cf5ec5c29cab0a2d4
core::sra_v2_2::medcalcbench_005::wrong_resource_pointer	core_audited_marked_sibling	sra_v2_2::medcalcbench_005::wrong_resource_pointer	core_marked_sibling	L0_CORE_MARKED_SIBLING	medcalcbench	train	1	core_all694_pool	sra_v2_2::medcalcbench_005::wrong_resource_pointer::helpful	sra_v2_2::medcalcbench_005::wrong_resource_pointer::execution_risk	no	core_admission_carried_forward	core_static_cue_clean_rebuilt	none	d74bf343d3b022b77ea73e8a35bc4c010f35b41291781d502310aedf52507cb1	1ec3ff312592c793f2a73a9b8f0ef9718ff7b9a5e737c5f37c554b1ee168d712	1554e01758d355c39e3e7830abf73999c9d6ea24dd83900c702718b1656ec445
core::sra_v2_2::medcalcbench_006::wrong_resource_pointer	core_audited_marked_sibling	sra_v2_2::medcalcbench_006::wrong_resource_pointer	core_marked_sibling	L0_CORE_MARKED_SIBLING	medcalcbench	dev	1	core_all694_pool	sra_v2_2::medcalcbench_006::wrong_resource_pointer::helpful	sra_v2_2::medcalcbench_006::wrong_resource_pointer::execution_risk	no	core_admission_carried_forward	core_static_cue_clean_rebuilt	none	994c12fdad02ad803aada488f6e7e3a2b768be4ba00bda52b4c36230898e77de	cc50d87e4ed85adb412a8086e62689b20f639f839a8734e4cbaafa315743c55f	b21a717365176a5eb358630693aa753763b08aa1a79f88cf04a002318cc09534
core::sra_v2_2::medcalcbench_007::poisoned_procedure_clause	core_audited_marked_sibling	sra_v2_2::medcalcbench_007::poisoned_procedure_clause	core_marked_sibling	L0_CORE_MARKED_SIBLING	medcalcbench	train	1	core_all694_pool	sra_v2_2::medcalcbench_007::poisoned_procedure_clause::helpful	sra_v2_2::medcalcbench_007::poisoned_procedure_clause::execution_risk	no	core_admission_carried_forward	core_static_cue_clean_rebuilt	none	db787753faea373816e1baa099072bdcbaa35ccf129c30e0794bdf9fc96a879c	126a401b022cdb08b8aaf2b0b460588ef4ab4cdd80f596ad307e1e72b8cf8ce0	1695c9b7716136b417441683d212b8346808dabce4d2c8132b3b262a30285810
core::sra_v2_2::medcalcbench_008::wrong_resource_pointer	core_audited_marked_sibling	sra_v2_2::medcalcbench_008::wrong_resource_pointer	core_marked_sibling	L0_CORE_MARKED_SIBLING	medcalcbench	train	1	core_all694_pool	sra_v2_2::medcalcbench_008::wrong_resource_pointer::helpful	sra_v2_2::medcalcbench_008::wrong_resource_pointer::execution_risk	no	core_admission_carried_forward	core_static_cue_clean_rebuilt	none	c51561cb3fdff017e1ce928a4bd930a77b4f6dc600f023bfa64cac4e62501395	82694dd36b69b2b365224e1384250dbf765f03ad50704db4cd079c8457cfe4e3	3fbb4be3603479e6faeb3a5fb1faafa61cf3df4fc5081ffe9a6d61cedd173054
core::sra_v2_2::medcalcbench_009::wrong_resource_pointer	core_audited_marked_sibling	sra_v2_2::medcalcbench_009::wrong_resource_pointer	core_marked_sibling	L0_CORE_MARKED_SIBLING	medcalcbench	train	1	core_all694_pool	sra_v2_2::medcalcbench_009::wrong_resource_pointer::helpful	sra_v2_2::medcalcbench_009::wrong_resource_pointer::execution_risk	no	core_admission_carried_forward	core_static_cue_clean_rebuilt	none	4b858d8c5b0ecff62f3642ea81805aaf83d6796b1e24276e44e867c885014ed3	94e286bb4fcd9920c937124806cd4ff12d08b59a0cc107966dbc6fdb1a94150a	6e191ae42bdbf8c0ab6edb9fe019fefdc0d3bcffc2e292953a2f7167777aeb66
core::sra_v2_2::medcalcbench_010::wrong_resource_pointer	core_audited_marked_sibling	sra_v2_2::medcalcbench_010::wrong_resource_pointer	core_marked_sibling	L0_CORE_MARKED_SIBLING	medcalcbench	train	1	core_all694_pool	sra_v2_2::medcalcbench_010::wrong_resource_pointer::helpful	sra_v2_2::medcalcbench_010::wrong_resource_pointer::execution_risk	no	core_admission_carried_forward	core_static_cue_clean_rebuilt	none	a315205c4e319bcdadc7af7d7f07ba1bf1fa3aad726fea3f41771de1056c2316	f7bcbf101ba882c516781c5afc2dc684743adacdc542d9a5ff9532e306ac5f34	6cd09f96cd1febb7f43fc23365e84405e4718299216718a92481f35a01e5c1dc
core::sra_v2_2::medcalcbench_011::wrong_resource_pointer	core_audited_marked_sibling	sra_v2_2::medcalcbench_011::wrong_resource_pointer	core_marked_sibling	L0_CORE_MARKED_SIBLING	medcalcbench	train	1	core_all694_pool	sra_v2_2::medcalcbench_011::wrong_resource_pointer::helpful	sra_v2_2::medcalcbench_011::wrong_resource_pointer::execution_risk	no	core_admission_carried_forward	core_static_cue_clean_rebuilt	none	fe6e7e71750c6e59dc34c3d98ab7ba3f7e8b9b1acf83669108531042f4e71a59	db7f5a4816c9d3e165b7de95e67e89dc1005acf342abebefc4b8098d15a3f26f	23da2f3e2f4bb3ed575744e23f746e089b80fc8f4fa1eac7bfed335f85e5dd8e
core::sra_v2_2::medcalcbench_012::wrong_resource_pointer	core_audited_marked_sibling	sra_v2_2::medcalcbench_012::wrong_resource_pointer	core_marked_sibling	L0_CORE_MARKED_SIBLING	medcalcbench	test	1	core_all694_pool	sra_v2_2::medcalcbench_012::wrong_resource_pointer::helpful	sra_v2_2::medcalcbench_012::wrong_resource_pointer::execution_risk	no	core_admission_carried_forward	core_static_cue_clean_rebuilt	none	c8dd2a9876dd9b54ae6c1c1c49f1d500d4d757989a2721232e8b5dc9b4a16b70	e5092a11980ac635a05ec94a2735de6ece90e1ed2a9a3aee65941d8c84185f75	004aea2cdf1298e7fe37927b3d605ce5e86280d20e8722072fe74606dc95fb63
core::sra_v2_2::medcalcbench_013::wrong_resource_pointer	core_audited_marked_sibling	sra_v2_2::medcalcbench_013::wrong_resource_pointer	core_marked_sibling	L0_CORE_MARKED_SIBLING	medcalcbench	train	1	core_all694_pool	sra_v2_2::medcalcbench_013::wrong_resource_pointer::helpful	sra_v2_2::medcalcbench_013::wrong_resource_pointer::execution_risk	no	core_admission_carried_forward	core_static_cue_clean_rebuilt	none	e1d03ec4b9dde6d1d6b830397115d74a033fd2e20d4f3a16ebe9493f688f8092	2226af1cb7944cd1cac660c2f9889ec05983c66b6f1ea31904ae4ae17024c53b	f58182bcdd1be61be171a97fd38ca8335e5ad1dbde01d027566028728999ce5c
core::sra_v2_2::medcalcbench_014::poisoned_procedure_clause	core_audited_marked_sibling	sra_v2_2::medcalcbench_014::poisoned_procedure_clause	core_marked_sibling	L0_CORE_MARKED_SIBLING	medcalcbench	train	1	core_all694_pool	sra_v2_2::medcalcbench_014::poisoned_procedure_clause::helpful	sra_v2_2::medcalcbench_014::poisoned_procedure_clause::execution_risk	no	core_admission_carried_forward	core_static_cue_clean_rebuilt	none	abd456532dc2e3ccb055ed1d0edcebcb3b26d12fc046e9ec42893905585d4a07	2bba078ad91c59198645d202b31a2ab365fe57f22ee52db3bb69789bc5cd55a3	9e509e41cca231d4b6effbbb05f1d5c3b3335787d9f7556cebd49d56a5ac0fcb
core::sra_v2_2::medcalcbench_015::poisoned_procedure_clause	core_audited_marked_sibling	sra_v2_2::medcalcbench_015::poisoned_procedure_clause	core_marked_sibling	L0_CORE_MARKED_SIBLING	medcalcbench	test	1	core_all694_pool	sra_v2_2::medcalcbench_015::poisoned_procedure_clause::helpful	sra_v2_2::medcalcbench_015::poisoned_procedure_clause::execution_risk	no	core_admission_carried_forward	core_static_cue_clean_rebuilt	none	5821dee8eea043714b49c1ec8a6d44a25918a20eb55463bb1407d43d2053bc46	127b30de58f652409fe5a9ef8ca177a99a2d67176745bebfbbd1bf08fc6eccd5	86a0b8e594b9effa62b8371febac628844ab3359fc8122af171725f87f2c9986
core::sra_v2_2::medcalcbench_016::poisoned_procedure_clause	core_audited_marked_sibling	sra_v2_2::medcalcbench_016::poisoned_procedure_clause	core_marked_sibling	L0_CORE_MARKED_SIBLING	medcalcbench	test	1	core_all694_pool	sra_v2_2::medcalcbench_016::poisoned_procedure_clause::helpful	sra_v2_2::medcalcbench_016::poisoned_procedure_clause::execution_risk	no	core_admission_carried_forward	core_static_cue_clean_rebuilt	none	31311ba8aec751c6154e25b91630c9f4db3f2b51fb49f336b1aa92774438d058	9ff3d021d34047afeeb650232d7795aeaa835f2f19c913addb98bfe7af9ccdfb	46563905ec80ae7f7430de59ef91a51a5e4c5efa2a5ca11db7c4c2a05de2ef96
core::sra_v2_2::medcalcbench_017::wrong_resource_pointer	core_audited_marked_sibling	sra_v2_2::medcalcbench_017::wrong_resource_pointer	core_marked_sibling	L0_CORE_MARKED_SIBLING	medcalcbench	train	1	core_all694_pool	sra_v2_2::medcalcbench_017::wrong_resource_pointer::helpful	sra_v2_2::medcalcbench_017::wrong_resource_pointer::execution_risk	no	core_admission_carried_forward	core_static_cue_clean_rebuilt	none	17eb5763087e367a58262e90f2063473c44fb02c2e4835c1a451f413c9c7afbb	007fe0e3afa3eba40d3a6d4b52ff86a36d5025564f5847a7c7f3af88fa5349df	a6578f57620266f2b7323dd567e322277d6de8716cac3be598dffa184ebb2e39
core::sra_v2_2::medcalcbench_018::poisoned_procedure_clause	core_audited_marked_sibling	sra_v2_2::medcalcbench_018::poisoned_procedure_clause	core_marked_sibling	L0_CORE_MARKED_SIBLING	medcalcbench	test	1	core_all694_pool	sra_v2_2::medcalcbench_018::poisoned_procedure_clause::helpful	sra_v2_2::medcalcbench_018::poisoned_procedure_clause::execution_risk	no	core_admission_carried_forward	core_static_cue_clean_rebuilt	none	d6b2158bda972af2b3436b5e5ef5bf6ed4ec3c0a7b424e2155c3ed610f1cdd29	70e9f45747008fad4227d44fe712770eb4717b548389173eaa9ef9a328435d00	699bc3423383cef6ccc3dea6f5893b104e3ec1299fead742a7de95b3b4250f0c
core::sra_v2_2::medcalcbench_019::poisoned_procedure_clause	core_audited_marked_sibling	sra_v2_2::medcalcbench_019::poisoned_procedure_clause	core_marked_sibling	L0_CORE_MARKED_SIBLING	medcalcbench	dev	1	core_all694_pool	sra_v2_2::medcalcbench_019::poisoned_procedure_clause::helpful	sra_v2_2::medcalcbench_019::poisoned_procedure_clause::execution_risk	no	core_admission_carried_forward	core_static_cue_clean_rebuilt	none	acc0795eba1b831b3d175919d848d2acd036c9648e729efc5f0f036ab8aba06a	2ae4195c6d7413c8912011624aca1e82a5e82df35b00b67e64cf6e04de9ced17	1a107828e6eae9ceb8053fe220070d67ef41be4d6207dd3f80068678a7e0f1a9
core::sra_v2_2::medcalcbench_020::wrong_resource_pointer	core_audited_marked_sibling	sra_v2_2::medcalcbench_020::wrong_resource_pointer	core_marked_sibling	L0_CORE_MARKED_SIBLING	medcalcbench	train	1	core_all694_pool	sra_v2_2::medcalcbench_020::wrong_resource_pointer::helpful	sra_v2_2::medcalcbench_020::wrong_resource_pointer::execution_risk	no	core_admission_carried_forward	core_static_cue_clean_rebuilt	none	3e1ea3ef6db8dd66382abb1d2126a4130b4519d53a1ae28069185ca8ce8f348a	1319df5d03ffcb55a26c3daf20b7539013e5e203711ec26f8794774dc2f52a4e	76a6e5540e7e3cb341aa545df22395f001297a7401f7904b1e52ae643f3646ce
core::sra_v2_2::medcalcbench_021::wrong_resource_pointer	core_audited_marked_sibling	sra_v2_2::medcalcbench_021::wrong_resource_pointer	core_marked_sibling	L0_CORE_MARKED_SIBLING	medcalcbench	test	1	core_all694_pool	sra_v2_2::medcalcbench_021::wrong_resource_pointer::helpful	sra_v2_2::medcalcbench_021::wrong_resource_pointer::execution_risk	no	core_admission_carried_forward	core_static_cue_clean_rebuilt	none	960edcadfb56fd374101eed66aab1844a547384956805d2f42f07458c3f172bd	10915e5ef4c545a2221b4148cc37d2da3b8535842fb1518be01c6302c34d5372	7867453d50309c4f527c95a1fa6482942db136dda7497114bec7762b3a658fdd
core::sra_v2_2::medcalcbench_022::wrong_resource_pointer	core_audited_marked_sibling	sra_v2_2::medcalcbench_022::wrong_resource_pointer	core_marked_sibling	L0_CORE_MARKED_SIBLING	medcalcbench	train	1	core_all694_pool	sra_v2_2::medcalcbench_022::wrong_resource_pointer::helpful	sra_v2_2::medcalcbench_022::wrong_resource_pointer::execution_risk	no	core_admission_carried_forward	core_static_cue_clean_rebuilt	none	1142c4eda3df4ccf2d9cce9c405ab0f713cfea17fa70e143a6fcf0373ef84945	de4b9a9ca778fc9ada3e97c39905b3099ff8f8b6d2969c426391daa99755b29e	14c20236c2b707c8e22b473b3ea6f639f2830bbb6311ca3ea2c4577c01ef79a8
core::sra_v2_2::medcalcbench_023::wrong_resource_pointer	core_audited_marked_sibling	sra_v2_2::medcalcbench_023::wrong_resource_pointer	core_marked_sibling	L0_CORE_MARKED_SIBLING	medcalcbench	train	1	core_all694_pool	sra_v2_2::medcalcbench_023::wrong_resource_pointer::helpful	sra_v2_2::medcalcbench_023::wrong_resource_pointer::execution_risk	no	core_admission_carried_forward	core_static_cue_clean_rebuilt	none	c80651cf06a53ca807019b2df8d9a3c318d5a457fc952a3a68c6cb4c819d76e7	b03511afee3d58643189df00fd11b5738d5204a94b47d98d79cd6ea6321b2c18	df730221673047fdfb9bef8ba783b24fa5e087d416424fba2d8a2cf9096d4d4d
core::sra_v2_2::medcalcbench_024::wrong_resource_pointer	core_audited_marked_sibling	sra_v2_2::medcalcbench_024::wrong_resource_pointer	core_marked_sibling	L0_CORE_MARKED_SIBLING	medcalcbench	test	1	core_all694_pool	sra_v2_2::medcalcbench_024::wrong_resource_pointer::helpful	sra_v2_2::medcalcbench_024::wrong_resource_pointer::execution_risk	no	core_admission_carried_forward	core_static_cue_clean_rebuilt	none	e40396cb8a774167c6bd680c23c22d1cdf52dd3f99f5e8a19312aad6cac1c81a	071c168d70a5a27084377b5a802da4a6a8bcd47baaf096c080d62ca92e9de4d7	3a2b968e7695290b3bada4f612e496c546edc43ef27f19d3ba3e7dbe3d0c8f79
core::sra_v2_2::medcalcbench_025::wrong_resource_pointer	core_audited_marked_sibling	sra_v2_2::medcalcbench_025::wrong_resource_pointer	core_marked_sibling	L0_CORE_MARKED_SIBLING	medcalcbench	train	1	core_all694_pool	sra_v2_2::medcalcbench_025::wrong_resource_pointer::helpful	sra_v2_2::medcalcbench_025::wrong_resource_pointer::execution_risk	no	core_admission_carried_forward	core_static_cue_clean_rebuilt	none	db354d1dd4b4330fdb70ea21b7c71404f749e90a920dd3a7fb7a7104722a6cbb	2f2ca705a5fe98809025a5641b04f21cc0307086e0d9b94950d0201bb75863eb	5091ad5872a78f5e95ad0089c07f8c2e936abed172ffc4f555e44da85d53081e
core::sra_v2_2::medcalcbench_026::wrong_resource_pointer	core_audited_marked_sibling	sra_v2_2::medcalcbench_026::wrong_resource_pointer	core_marked_sibling	L0_CORE_MARKED_SIBLING	medcalcbench	train	1	core_all694_pool	sra_v2_2::medcalcbench_026::wrong_resource_pointer::helpful	sra_v2_2::medcalcbench_026::wrong_resource_pointer::execution_risk	no	core_admission_carried_forward	core_static_cue_clean_rebuilt	none	d48a23a6c891b5c083540f44c012badb04f7bcff216595c6fdd417cb5d628ba1	06fe686b4bd115f077436d571c2e016f421f0036bfa287c27b082ced18a4f4b4	e20b4df5c621b979785f0edd5026b1def489b34fd2530e93d7e2da7bc6dfe361
core::sra_v2_2::medcalcbench_027::wrong_resource_pointer	core_audited_marked_sibling	sra_v2_2::medcalcbench_027::wrong_resource_pointer	core_marked_sibling	L0_CORE_MARKED_SIBLING	medcalcbench	dev	1	core_all694_pool	sra_v2_2::medcalcbench_027::wrong_resource_pointer::helpful	sra_v2_2::medcalcbench_027::wrong_resource_pointer::execution_risk	no	core_admission_carried_forward	core_static_cue_clean_rebuilt	none	1ec0814de0602beb7abfe61ba2df256e57ef7f42d7a39641dacdc55e515ba8b9	539bc39baf255941e0098ef1b5695b12445ec50aca9242e24f6620939a2af12b	a7f2967ebedc8a8ee910698c9dfa8c277ae3e3f0b38a47249460479f881ad696
core::sra_v2_2::medcalcbench_028::wrong_resource_pointer	core_audited_marked_sibling	sra_v2_2::medcalcbench_028::wrong_resource_pointer	core_marked_sibling	L0_CORE_MARKED_SIBLING	medcalcbench	train	1	core_all694_pool	sra_v2_2::medcalcbench_028::wrong_resource_pointer::helpful	sra_v2_2::medcalcbench_028::wrong_resource_pointer::execution_risk	no	core_admission_carried_forward	core_static_cue_clean_rebuilt	none	6d7c6f49c1d635f7eecde2a739eb11567f9468a99c444536379fff1c0e19af92	03c4c75d2bb4684fd78a8bbef9573bc9fe12a43f4ea1bf00154c2e3f51d32d1f	32d3813e9c0c10f01e1ac29f5a8bc138bbd7f0866b56489cf546bf61955003c5
core::sra_v2_2::medcalcbench_029::wrong_resource_pointer	core_audited_marked_sibling	sra_v2_2::medcalcbench_029::wrong_resource_pointer	core_marked_sibling	L0_CORE_MARKED_SIBLING	medcalcbench	dev	1	core_all694_pool	sra_v2_2::medcalcbench_029::wrong_resource_pointer::helpful	sra_v2_2::medcalcbench_029::wrong_resource_pointer::execution_risk	no	core_admission_carried_forward	core_static_cue_clean_rebuilt	none	4848e0c3812147975e1267ad1d7f9da145a6073d6406c45e5c50472f60d62304	02f936468adf26adac3663fa12577d96a7e7835ca76fba22e3678305e396f899	4545a5745c42bca915ec808d0c36ba30e733c95591709c844f35621b7fedede4
core::sra_v2_2::medcalcbench_030::wrong_resource_pointer	core_audited_marked_sibling	sra_v2_2::medcalcbench_030::wrong_resource_pointer	core_marked_sibling	L0_CORE_MARKED_SIBLING	medcalcbench	train	1	core_all694_pool	sra_v2_2::medcalcbench_030::wrong_resource_pointer::helpful	sra_v2_2::medcalcbench_030::wrong_resource_pointer::execution_risk	no	core_admission_carried_forward	core_static_cue_clean_rebuilt	none	d48b80fd7fd64cd269c21caaf9efac8f192258bd795a1a4fabc3be458e85b246	f650453d973ad83884a317c69c39278dabc659866978f8a244a52f751157bd3d	809d4a31e2c24e3f0530a0f57620a7ef3f762c379bc645244aff86111427dc5f
core::sra_v2_2::medcalcbench_031::wrong_resource_pointer	core_audited_marked_sibling	sra_v2_2::medcalcbench_031::wrong_resource_pointer	core_marked_sibling	L0_CORE_MARKED_SIBLING	medcalcbench	train	1	core_all694_pool	sra_v2_2::medcalcbench_031::wrong_resource_pointer::helpful	sra_v2_2::medcalcbench_031::wrong_resource_pointer::execution_risk	no	core_admission_carried_forward	core_static_cue_clean_rebuilt	none	22335bf9ef5fd398068d343343da07e657836cd5722c32e82dfc856704bcb676	fd6c3feeb381124363aad106606783a3ad15a99ea53459f4b304096d8faf20f9	d74067017a1bfea214f666684738cb5b9347f92b7fed189514014f59593d44eb
core::sra_v2_2::medcalcbench_032::wrong_resource_pointer	core_audited_marked_sibling	sra_v2_2::medcalcbench_032::wrong_resource_pointer	core_marked_sibling	L0_CORE_MARKED_SIBLING	medcalcbench	train	1	core_all694_pool	sra_v2_2::medcalcbench_032::wrong_resource_pointer::helpful	sra_v2_2::medcalcbench_032::wrong_resource_pointer::execution_risk	no	core_admission_carried_forward	core_static_cue_clean_rebuilt	none	92551d2778ef8c6944ec24cdae0a9e3133a36c0d4966d61aa86bd2659e6479b2	3c33fe2b69177cd3109be0d797315677791e0299fb3d660f646329cda210935b	351d75a82772a88637e521c8dd10f4d25099e7a182fc74147a849725b3046d7d
core::sra_v2_2::medcalcbench_033::wrong_resource_pointer	core_audited_marked_sibling	sra_v2_2::medcalcbench_033::wrong_resource_pointer	core_marked_sibling	L0_CORE_MARKED_SIBLING	medcalcbench	dev	1	core_all694_pool	sra_v2_2::medcalcbench_033::wrong_resource_pointer::helpful	sra_v2_2::medcalcbench_033::wrong_resource_pointer::execution_risk	no	core_admission_carried_forward	core_static_cue_clean_rebuilt	none	55cf8e3e0fe29885bc973a753f5e55357592582fb976e2251415391048b0454a	fd3db83ecb5421712006a11dea3775eb97eb03b545f6dfcb42d1fb46c15fd2dc	453cb3c080fc6daea93124d203ecf711fad71e4bdc15097c23dc17eb5b110655
core::sra_v2_2::medcalcbench_034::wrong_resource_pointer	core_audited_marked_sibling	sra_v2_2::medcalcbench_034::wrong_resource_pointer	core_marked_sibling	L0_CORE_MARKED_SIBLING	medcalcbench	train	1	core_all694_pool	sra_v2_2::medcalcbench_034::wrong_resource_pointer::helpful	sra_v2_2::medcalcbench_034::wrong_resource_pointer::execution_risk	no	core_admission_carried_forward	core_static_cue_clean_rebuilt	none	1294c6195bf55fd275a6b3519f14636606096c35a0feeaa2f80d48f4f84de606	818e94b0885e700b952d01f929e43c29e11185d463ab30999e51e9d80127b3c2	1bff2c4dd1148c97004f9576f2ec32b207a06899fe7d07954858378fc32a9b1b
core::sra_v2_2::medcalcbench_035::wrong_resource_pointer	core_audited_marked_sibling	sra_v2_2::medcalcbench_035::wrong_resource_pointer	core_marked_sibling	L0_CORE_MARKED_SIBLING	medcalcbench	test	1	core_all694_pool	sra_v2_2::medcalcbench_035::wrong_resource_pointer::helpful	sra_v2_2::medcalcbench_035::wrong_resource_pointer::execution_risk	no	core_admission_carried_forward	core_static_cue_clean_rebuilt	none	f705f823d82ab729ff76f4219e891f1e8f78aa16ba80240e18554c72fa97335b	cbfc06de63fdd2a271a1b21235a878c0fb3087c7e55470b4366a6eab0e01bdd2	586407b6cdd6e088edd8379ff0b6de05cc673694c3c2abfb1c8e8a2cca5acda9
core::sra_v2_2::medcalcbench_036::wrong_resource_pointer	core_audited_marked_sibling	sra_v2_2::medcalcbench_036::wrong_resource_pointer	core_marked_sibling	L0_CORE_MARKED_SIBLING	medcalcbench	train	1	core_all694_pool	sra_v2_2::medcalcbench_036::wrong_resource_pointer::helpful	sra_v2_2::medcalcbench_036::wrong_resource_pointer::execution_risk	no	core_admission_carried_forward	core_static_cue_clean_rebuilt	none	c8f535520884f20b94b22dcc77cd55fe0f290a800c23bbdde16f4f22a4290c55	597d3c96ca311c55cfe7ebdaff7d6b5e9eeb89b6d242b7043677c8b91a12f192	0ea50b8b352b7385fa42c6a2c7c4107cf5d69876ceeefb2e90651300004a1a8a
core::sra_v2_2::medcalcbench_037::wrong_resource_pointer	core_audited_marked_sibling	sra_v2_2::medcalcbench_037::wrong_resource_pointer	core_marked_sibling	L0_CORE_MARKED_SIBLING	medcalcbench	train	1	core_all694_pool	sra_v2_2::medcalcbench_037::wrong_resource_pointer::helpful	sra_v2_2::medcalcbench_037::wrong_resource_pointer::execution_risk	no	core_admission_carried_forward	core_static_cue_clean_rebuilt	none	53a0da1ff68836d638ee73447e5393ff693eb91c21465332635abed050738d49	77e8f665b6044ee6ab7e243c93781b11fafbb6c7ebf3fda9accee6a94f5c6d4a	213c208585239845102bad1d8c961a40cbb5cc3c9b428ed564c081196f3c31d8
core::sra_v2_2::medcalcbench_038::wrong_resource_pointer	core_audited_marked_sibling	sra_v2_2::medcalcbench_038::wrong_resource_pointer	core_marked_sibling	L0_CORE_MARKED_SIBLING	medcalcbench	train	1	core_all694_pool	sra_v2_2::medcalcbench_038::wrong_resource_pointer::helpful	sra_v2_2::medcalcbench_038::wrong_resource_pointer::execution_risk	no	core_admission_carried_forward	core_static_cue_clean_rebuilt	none	ae13a810ba2fedb37970c3c0881d7a9062b40bf3dc8f8de3e6779a6e3c9fe658	518b56a948e12e429bada48410fabc097d23b405f2f875f7819ad68fe43cff03	49ebbd3152e33f517155ce776bac3a4a16f4397f9a080cd57ac5b47fa87dd3a3
core::sra_v2_2::medcalcbench_039::poisoned_procedure_clause	core_audited_marked_sibling	sra_v2_2::medcalcbench_039::poisoned_procedure_clause	core_marked_sibling	L0_CORE_MARKED_SIBLING	medcalcbench	train	1	core_all694_pool	sra_v2_2::medcalcbench_039::poisoned_procedure_clause::helpful	sra_v2_2::medcalcbench_039::poisoned_procedure_clause::execution_risk	no	core_admission_carried_forward	core_static_cue_clean_rebuilt	none	33bcc88a0c5ea4529323acb9494fdc28568043989448506a0f6d45f757d9e4e5	ec836e9eb332d518c68ab430abef09fd0f467c19fecc4058a1fc5522af074c51	c4b4533ea093e739ab8dc22481a6d9aea62e63cbb46a60447857692ecc235dab
core::sra_v2_2::medcalcbench_040::wrong_resource_pointer	core_audited_marked_sibling	sra_v2_2::medcalcbench_040::wrong_resource_pointer	core_marked_sibling	L0_CORE_MARKED_SIBLING	medcalcbench	train	1	core_all694_pool	sra_v2_2::medcalcbench_040::wrong_resource_pointer::helpful	sra_v2_2::medcalcbench_040::wrong_resource_pointer::execution_risk	no	core_admission_carried_forward	core_static_cue_clean_rebuilt	none	a04feb7756e6452dfb626d97495f8aeae4e45fa8d5a844056138263633daec12	69b9c1f652e79e57ea89e08929c81aa049aaf5634edd175beb1cd8676e169da5	55d446f53271d25183dd29e5b341ffef613ab710037871b37253570cf79930cd
core::sra_v2_2::medcalcbench_041::wrong_resource_pointer	core_audited_marked_sibling	sra_v2_2::medcalcbench_041::wrong_resource_pointer	core_marked_sibling	L0_CORE_MARKED_SIBLING	medcalcbench	dev	1	core_all694_pool	sra_v2_2::medcalcbench_041::wrong_resource_pointer::helpful	sra_v2_2::medcalcbench_041::wrong_resource_pointer::execution_risk	no	core_admission_carried_forward	core_static_cue_clean_rebuilt	none	d1d5c9cc67e424aa075be01c446add3dcc90049da989bf6fc7dfa72ca1bf1e43	b70312ba3b5ed8d17811d1f213417cf06c79f6d331ea2875219bdd22ee3aacde	17586c456e6d5129e065748081f17c87fc4a21cfb99ff0d88187790a52e2bf2a
core::sra_v2_2::medcalcbench_042::wrong_resource_pointer	core_audited_marked_sibling	sra_v2_2::medcalcbench_042::wrong_resource_pointer	core_marked_sibling	L0_CORE_MARKED_SIBLING	medcalcbench	train	1	core_all694_pool	sra_v2_2::medcalcbench_042::wrong_resource_pointer::helpful	sra_v2_2::medcalcbench_042::wrong_resource_pointer::execution_risk	no	core_admission_carried_forward	core_static_cue_clean_rebuilt	none	179bfd33c6f5f595d084030f538edb14045100ae7210a2df795b3a75e04f39df	4d42243b2ff8ea5aeec8056f0e713857350da5cc447946f55a6cfa63166f8d6d	399735ab5e320d3f265b8781ff6c0ebbf57d1b8573776e4c48d80befcc3a4e08
core::sra_v2_2::medcalcbench_043::wrong_resource_pointer	core_audited_marked_sibling	sra_v2_2::medcalcbench_043::wrong_resource_pointer	core_marked_sibling	L0_CORE_MARKED_SIBLING	medcalcbench	test	1	core_all694_pool	sra_v2_2::medcalcbench_043::wrong_resource_pointer::helpful	sra_v2_2::medcalcbench_043::wrong_resource_pointer::execution_risk	no	core_admission_carried_forward	core_static_cue_clean_rebuilt	none	c58e6e334c1103a5d72b380799abd881c093c2ea2deecfcf9a16f7d4264863cc	226a3d95c99c5155e765e0e87e2a7614c8b1dc6b8918be5aff5956a8184486b9	ff9dde88c918cf2754d7e0fb1b4a8019b38e4cf2d4716a8f79b1960ff157da52
core::sra_v2_2::medcalcbench_044::wrong_resource_pointer	core_audited_marked_sibling	sra_v2_2::medcalcbench_044::wrong_resource_pointer	core_marked_sibling	L0_CORE_MARKED_SIBLING	medcalcbench	train	1	core_all694_pool	sra_v2_2::medcalcbench_044::wrong_resource_pointer::helpful	sra_v2_2::medcalcbench_044::wrong_resource_pointer::execution_risk	no	core_admission_carried_forward	core_static_cue_clean_rebuilt	none	2f4aa725b8601f285cdc400be9a1a3d1a32ff26a0f938a65f24264871105f7ce	894063711f22d20f9ab38d9dc6fac3bada5a3ba7b53506d0662a45cbb7ccc159	5d0a3c339107a7182d60259f805c5a1f7deb3e99c99f2da9b8e2c7405d9b8cb0
core::sra_v2_2::medcalcbench_045::wrong_resource_pointer	core_audited_marked_sibling	sra_v2_2::medcalcbench_045::wrong_resource_pointer	core_marked_sibling	L0_CORE_MARKED_SIBLING	medcalcbench	train	1	core_all694_pool	sra_v2_2::medcalcbench_045::wrong_resource_pointer::helpful	sra_v2_2::medcalcbench_045::wrong_resource_pointer::execution_risk	no	core_admission_carried_forward	core_static_cue_clean_rebuilt	none	0bc45784f59b89bbbee93d5a372c3151f423f1cdfc0eb152c2648f95365a4348	7f4e298b1ca02421d4358e4ee6666f7ef407293d715cf74d0220e4a70710c9da	4a0c8dd9531a0de4bd6b0e1acd3c046268b1551e9e7b5fadb6907f33e1a73bfd
core::sra_v2_2::medcalcbench_046::wrong_resource_pointer	core_audited_marked_sibling	sra_v2_2::medcalcbench_046::wrong_resource_pointer	core_marked_sibling	L0_CORE_MARKED_SIBLING	medcalcbench	train	1	core_all694_pool	sra_v2_2::medcalcbench_046::wrong_resource_pointer::helpful	sra_v2_2::medcalcbench_046::wrong_resource_pointer::execution_risk	no	core_admission_carried_forward	core_static_cue_clean_rebuilt	none	1373e394c7aeaa42fa534af0ad8b9a2194da077c503a297a3590499bd00cd0d0	03edf1851f44434d3ee1f6217d7fed23663b9b500f2b4d63993a7cae449bd3a4	017b4dab0a17167fcf4295125f685bbc4f31cef8f1d09d6ac01f9dc84476679b
core::sra_v2_2::medcalcbench_047::wrong_resource_pointer	core_audited_marked_sibling	sra_v2_2::medcalcbench_047::wrong_resource_pointer	core_marked_sibling	L0_CORE_MARKED_SIBLING	medcalcbench	train	1	core_all694_pool	sra_v2_2::medcalcbench_047::wrong_resource_pointer::helpful	sra_v2_2::medcalcbench_047::wrong_resource_pointer::execution_risk	no	core_admission_carried_forward	core_static_cue_clean_rebuilt	none	e415d3ad70028bd18ccf24d2cab725d658084b2f107d7015e70af7322dc0dfe3	a7df169b48a199575a1f043a04357ceecd0293fbd3e6a88d7076f7df469a7d84	0e63427cd27739497258a2af3bd1f3ee3608c3413cb0e350b5fa56b82cd6279d
core::sra_v2_2::medcalcbench_048::wrong_resource_pointer	core_audited_marked_sibling	sra_v2_2::medcalcbench_048::wrong_resource_pointer	core_marked_sibling	L0_CORE_MARKED_SIBLING	medcalcbench	train	1	core_all694_pool	sra_v2_2::medcalcbench_048::wrong_resource_pointer::helpful	sra_v2_2::medcalcbench_048::wrong_resource_pointer::execution_risk	no	core_admission_carried_forward	core_static_cue_clean_rebuilt	none	a267d69d2846c127ff83af1ac04fb8907bf47b20782a98ff1f5929a3738d659e	79874ecd4f20d1d92e7a0db08286d1bcd30893dc8c2136954461d11623634d8b	07f9e189ed0d56c3b67e7ad0b3e21ee2d466dfb5c2ee7533ee3dcfd739eb1a49
core::sra_v2_2::medcalcbench_049::wrong_resource_pointer	core_audited_marked_sibling	sra_v2_2::medcalcbench_049::wrong_resource_pointer	core_marked_sibling	L0_CORE_MARKED_SIBLING	medcalcbench	test	1	core_all694_pool	sra_v2_2::medcalcbench_049::wrong_resource_pointer::helpful	sra_v2_2::medcalcbench_049::wrong_resource_pointer::execution_risk	no	core_admission_carried_forward	core_static_cue_clean_rebuilt	none	c0d316cdba0e43806ae9b3b896f78a28a87668259c1ed681b21255d5d8dab31b	7eba77d1377337e6bc30465f70f388acccb4e2372c04a4d20770d9e4dd8890af	b98599cf2c21eb1134a8b56a3b69a74e5ed6187649ba299947981cc40a763482
core::sra_v2_2::medcalcbench_050::wrong_resource_pointer	core_audited_marked_sibling	sra_v2_2::medcalcbench_050::wrong_resource_pointer	core_marked_sibling	L0_CORE_MARKED_SIBLING	medcalcbench	train	1	core_all694_pool	sra_v2_2::medcalcbench_050::wrong_resource_pointer::helpful	sra_v2_2::medcalcbench_050::wrong_resource_pointer::execution_risk	no	core_admission_carried_forward	core_static_cue_clean_rebuilt	none	0b47119b7fbe5d7d9a3fcf6730d62cfdf0546ebdfef596da1e00b641f3965250	3dcc30a2b6bafc7609de975bf382eca0e383d495912006cafb2d1bf8cfa2536b	d4a369c78229d4f3fae84446cf589e6364d93ecc9229b5bdd2441506f33e1c10
core::sra_v2_2::medcalcbench_051::wrong_resource_pointer	core_audited_marked_sibling	sra_v2_2::medcalcbench_051::wrong_resource_pointer	core_marked_sibling	L0_CORE_MARKED_SIBLING	medcalcbench	train	1	core_all694_pool	sra_v2_2::medcalcbench_051::wrong_resource_pointer::helpful	sra_v2_2::medcalcbench_051::wrong_resource_pointer::execution_risk	no	core_admission_carried_forward	core_static_cue_clean_rebuilt	none	850df96352f82c54041549182a677e4c3c5712cbd2275fe81878cc86d95692b4	27fbb587179ffdf00c885c164d0ac4931bac778dac5a226fc9ff3bd55f308294	36afbc3356fa2a08a52f3c4b5d9485eecd5b231e4e7acdc41c1555c9881cd4b8
core::sra_v2_2::medcalcbench_052::wrong_resource_pointer	core_audited_marked_sibling	sra_v2_2::medcalcbench_052::wrong_resource_pointer	core_marked_sibling	L0_CORE_MARKED_SIBLING	medcalcbench	test	1	core_all694_pool	sra_v2_2::medcalcbench_052::wrong_resource_pointer::helpful	sra_v2_2::medcalcbench_052::wrong_resource_pointer::execution_risk	no	core_admission_carried_forward	core_static_cue_clean_rebuilt	none	c9eef467be45e155cf418eb7b8957d51a2b347f283e833605096581d7ee3d8ea	992d4731f809d3ab17459886c3c5b562d431513fdd7e9d48c508b821369d04e1	78010ae6be065929577520211866c6d28132d0b8547a58de7838ab307fcbad8b
core::sra_v2_2::medcalcbench_053::wrong_resource_pointer	core_audited_marked_sibling	sra_v2_2::medcalcbench_053::wrong_resource_pointer	core_marked_sibling	L0_CORE_MARKED_SIBLING	medcalcbench	train	1	core_all694_pool	sra_v2_2::medcalcbench_053::wrong_resource_pointer::helpful	sra_v2_2::medcalcbench_053::wrong_resource_pointer::execution_risk	no	core_admission_carried_forward	core_static_cue_clean_rebuilt	none	7551616f7184a39a7dad3b7ba4adc00c696fe77722a1f65391c7d30ef61a33b5	a6997dd3024932cc9a39b2dd6890cf285d660f33fd04f5667c2396c90097af07	dbbb791ebcad75d79c1fd86a02a2370c7e118069beb53ff53f0737f53571207a
core::sra_v2_2::medcalcbench_054::wrong_resource_pointer	core_audited_marked_sibling	sra_v2_2::medcalcbench_054::wrong_resource_pointer	core_marked_sibling	L0_CORE_MARKED_SIBLING	medcalcbench	train	1	core_all694_pool	sra_v2_2::medcalcbench_054::wrong_resource_pointer::helpful	sra_v2_2::medcalcbench_054::wrong_resource_pointer::execution_risk	no	core_admission_carried_forward	core_static_cue_clean_rebuilt	none	db8d5baf46eaf7a79cc6a118968ce98bcaebe1cdce5c950686880bc319ae3abd	ed9a9cb8199cd1f86cd7504a47a89130b18a9b794c512929ba3b96306859b71a	671e1c0b0c1391c67d2785222d9365c47c62b3dcba1eb74f63e1fede45d377cc
core::sra_v2_2::theoremqa_000::wrong_precondition	core_audited_marked_sibling	sra_v2_2::theoremqa_000::wrong_precondition	core_marked_sibling	L0_CORE_MARKED_SIBLING	theoremqa	dev	1	core_all694_pool	sra_v2_2::theoremqa_000::wrong_precondition::helpful	sra_v2_2::theoremqa_000::wrong_precondition::execution_risk	no	core_admission_carried_forward	core_static_cue_clean_rebuilt	none	628be8474780ac23849a637b9832401fb59c3ac994f291a7419ebd668c02185c	e4387cf90bed4758b2e215a548c497a6e6d5882b62054d8fc3b6ad68394679f4	0bdb683bd5d57a03e635f0425b07275f3dba57e8aef48d05f912fbee4fc3a2f4
core::sra_v2_2::theoremqa_001::wrong_precondition	core_audited_marked_sibling	sra_v2_2::theoremqa_001::wrong_precondition	core_marked_sibling	L0_CORE_MARKED_SIBLING	theoremqa	train	1	core_all694_pool	sra_v2_2::theoremqa_001::wrong_precondition::helpful	sra_v2_2::theoremqa_001::wrong_precondition::execution_risk	no	core_admission_carried_forward	core_static_cue_clean_rebuilt	none	65cc318fa0af8344ae94f79c98434129a80f1efd977fe1e08b3eceae18c2e144	3836e24b95935be2e97e4ec026ba96b58d56dea0e7e52bfea792ae28e5c82acb	e8328cadf2d25e9812716d9c7fe69606d768304aaac50846b0db24a660f49de1
core::sra_v2_2::theoremqa_002::wrong_precondition	core_audited_marked_sibling	sra_v2_2::theoremqa_002::wrong_precondition	core_marked_sibling	L0_CORE_MARKED_SIBLING	theoremqa	train	1	core_all694_pool	sra_v2_2::theoremqa_002::wrong_precondition::helpful	sra_v2_2::theoremqa_002::wrong_precondition::execution_risk	no	core_admission_carried_forward	core_static_cue_clean_rebuilt	none	d4ad02db186d24edb48e53cfb021fdb6f325048a08e14d344ddda151522410ac	3126aacb27148af388c6bc8f517ba322fe6b94772c1fc5461e690a84a10152c9	2bb4770a99a6dea95691e7227ae04effd458a8ff00d9980dd63f18fabbef8d68
core::sra_v2_2::theoremqa_003::wrong_precondition	core_audited_marked_sibling	sra_v2_2::theoremqa_003::wrong_precondition	core_marked_sibling	L0_CORE_MARKED_SIBLING	theoremqa	train	1	core_all694_pool	sra_v2_2::theoremqa_003::wrong_precondition::helpful	sra_v2_2::theoremqa_003::wrong_precondition::execution_risk	no	core_admission_carried_forward	core_static_cue_clean_rebuilt	none	677ddbaff392482a4bd75b4ce3d384beaaea969441060984545db92abe96dbe4	07c660abcb1f200487dcfe8e61f7e1ed63a0500fc2dba06b1691d3ff42e2e480	887681bf651c4302022253033586ddc728526f28641641e9f6a5ecd331168bf8
core::sra_v2_2::theoremqa_004::poisoned_procedure_clause	core_audited_marked_sibling	sra_v2_2::theoremqa_004::poisoned_procedure_clause	core_marked_sibling	L0_CORE_MARKED_SIBLING	theoremqa	train	1	core_all694_pool	sra_v2_2::theoremqa_004::poisoned_procedure_clause::helpful	sra_v2_2::theoremqa_004::poisoned_procedure_clause::execution_risk	no	core_admission_carried_forward	core_static_cue_clean_rebuilt	none	11e370c817a9bdd28b45c2e27a804ab23233ddb9370479046cce1a9eb6bc15c1	13132e130a7a3df6e80b753be1ea64153c235adfc8f41b4f3c20abea8fb5a5c4	f9ef65a0e18d3660fcf40294ee9bf1daee7cdf352e8d24ad297ab2d107bdb3e2
core::sra_v2_2::theoremqa_005::poisoned_procedure_clause	core_audited_marked_sibling	sra_v2_2::theoremqa_005::poisoned_procedure_clause	core_marked_sibling	L0_CORE_MARKED_SIBLING	theoremqa	dev	1	core_all694_pool	sra_v2_2::theoremqa_005::poisoned_procedure_clause::helpful	sra_v2_2::theoremqa_005::poisoned_procedure_clause::execution_risk	no	core_admission_carried_forward	core_static_cue_clean_rebuilt	none	4d3db3cd2787afa6a51d0773e57ff3398761940ddb4aa3962b2f446b6c8379d0	0a198deef5626910d6b1671010d57ec0a08d5267bac409e810e2f159219bfe10	604d0f9526590f67c848b921cc7d56e500af3d1ce170a5ce5323fc1727162b17
core::sra_v2_2::theoremqa_006::wrong_precondition	core_audited_marked_sibling	sra_v2_2::theoremqa_006::wrong_precondition	core_marked_sibling	L0_CORE_MARKED_SIBLING	theoremqa	train	1	core_all694_pool	sra_v2_2::theoremqa_006::wrong_precondition::helpful	sra_v2_2::theoremqa_006::wrong_precondition::execution_risk	no	core_admission_carried_forward	core_static_cue_clean_rebuilt	none	bf324ab01a3feb821d692b23529a2e207978d447464b2ba3be037efb278b4958	d13122cc40ca0debe7059ad4ab74b4aa423892f87c07f9a79c53b8e9b3a0ae4e	87e4bc2571058bf06510949794d71469171f9a4481c8c0e1ed0a6489c91f9862
core::sra_v2_2::theoremqa_007::poisoned_procedure_clause	core_audited_marked_sibling	sra_v2_2::theoremqa_007::poisoned_procedure_clause	core_marked_sibling	L0_CORE_MARKED_SIBLING	theoremqa	train	1	core_all694_pool	sra_v2_2::theoremqa_007::poisoned_procedure_clause::helpful	sra_v2_2::theoremqa_007::poisoned_procedure_clause::execution_risk	no	core_admission_carried_forward	core_static_cue_clean_rebuilt	none	ebdd9e6e4433071202518446f8a6add0088fd077f5358365f4138d2579a15292	e974f3713c94b07541bd828630d6c9dabfe8870b4203e6fbbdd04e44b2632638	0999658a04296cdaec78e2dc34eee9e7b7c32648327d4b4ee30e08fe9a7968fb
core::sra_v2_2::theoremqa_008::wrong_resource_pointer	core_audited_marked_sibling	sra_v2_2::theoremqa_008::wrong_resource_pointer	core_marked_sibling	L0_CORE_MARKED_SIBLING	theoremqa	train	1	core_all694_pool	sra_v2_2::theoremqa_008::wrong_resource_pointer::helpful	sra_v2_2::theoremqa_008::wrong_resource_pointer::execution_risk	no	core_admission_carried_forward	core_static_cue_clean_rebuilt	none	baa6a8e30527be4104a140dbea67d5c3326b8edd86b89deeebc9b051af5504e6	dc07320581a8b00ba4c27d00c1cbdf3b6ed09a2b02c79679666e00d604d59711	10b50a384a2f587ddfd0640cfebe85e64f8672a1ff9af873a29a7b3952042090
core::sra_v2_2::theoremqa_009::wrong_precondition	core_audited_marked_sibling	sra_v2_2::theoremqa_009::wrong_precondition	core_marked_sibling	L0_CORE_MARKED_SIBLING	theoremqa	train	1	core_all694_pool	sra_v2_2::theoremqa_009::wrong_precondition::helpful	sra_v2_2::theoremqa_009::wrong_precondition::execution_risk	no	core_admission_carried_forward	core_static_cue_clean_rebuilt	none	0141cfa28992852f4eeabd15f8e2b494fdcf80f322afafb767fb733c96cdf648	1d1380205f4ffc561bdcd48ab84759f18927dbfe3e570906efb837bb34ad5d2e	73c456d1bb0f7305af358ab282817e5a03e3523114977aab4f6b373097a65024
core::sra_v2_2::theoremqa_010::poisoned_procedure_clause	core_audited_marked_sibling	sra_v2_2::theoremqa_010::poisoned_procedure_clause	core_marked_sibling	L0_CORE_MARKED_SIBLING	theoremqa	test	1	core_all694_pool	sra_v2_2::theoremqa_010::poisoned_procedure_clause::helpful	sra_v2_2::theoremqa_010::poisoned_procedure_clause::execution_risk	no	core_admission_carried_forward	core_static_cue_clean_rebuilt	none	d4a3a4a7f9eebab1a9a45bae9e51557f8908ef285ce123621306abdd59bf0fef	57839e6cfd318b623638a833836f2b9cd5ee2530dd878cb21177714b70de5599	8a3643ba29a4f3fc14f418531c8ffb10ba3bd0bdb4c71ef1709174fefe43efa3
core::sra_v2_2::theoremqa_011::wrong_resource_pointer	core_audited_marked_sibling	sra_v2_2::theoremqa_011::wrong_resource_pointer	core_marked_sibling	L0_CORE_MARKED_SIBLING	theoremqa	train	1	core_all694_pool	sra_v2_2::theoremqa_011::wrong_resource_pointer::helpful	sra_v2_2::theoremqa_011::wrong_resource_pointer::execution_risk	no	core_admission_carried_forward	core_static_cue_clean_rebuilt	none	b6f77fc474cba83381495096217b93270b0fd7f78a40a49c7e323ad60178a25b	c40f86806b7cbddd2e148898966c8557f992d60a1f9e5f9bcc6ac0900e92f862	752a1bad7f60e6152b7f456fc068d1535cf22599e038b1f17c8fe73d36f2fc6f
core::sra_v2_2::theoremqa_012::wrong_precondition	core_audited_marked_sibling	sra_v2_2::theoremqa_012::wrong_precondition	core_marked_sibling	L0_CORE_MARKED_SIBLING	theoremqa	dev	1	core_all694_pool	sra_v2_2::theoremqa_012::wrong_precondition::helpful	sra_v2_2::theoremqa_012::wrong_precondition::execution_risk	no	core_admission_carried_forward	core_static_cue_clean_rebuilt	none	7f32927a807dac808f985fca82e45c07447843c5016fb88bfc6037937d3abef7	f720357e787e0256953f5242b9f88ac6df77b82142c94d4d5be90d19cb765854	0334c57816329ace318ca523b673dfd5dd606fdcf75019767d4552cdd162d440
core::sra_v2_2::theoremqa_013::wrong_precondition	core_audited_marked_sibling	sra_v2_2::theoremqa_013::wrong_precondition	core_marked_sibling	L0_CORE_MARKED_SIBLING	theoremqa	test	1	core_all694_pool	sra_v2_2::theoremqa_013::wrong_precondition::helpful	sra_v2_2::theoremqa_013::wrong_precondition::execution_risk	no	core_admission_carried_forward	core_static_cue_clean_rebuilt	none	3f5d721b2fc3ea2b226416290c758b64b735eb457fb3adc352d533e997712845	9ca311d3d565f07da7c1f0e6527c077dcd03df0f356fcb0f88982c92232ffee6	65b9677e9e54dd1d1204a5896d23b7f59bd458704c02813f643a0d4107991ce8
core::sra_v2_2::theoremqa_014::wrong_resource_pointer	core_audited_marked_sibling	sra_v2_2::theoremqa_014::wrong_resource_pointer	core_marked_sibling	L0_CORE_MARKED_SIBLING	theoremqa	test	1	core_all694_pool	sra_v2_2::theoremqa_014::wrong_resource_pointer::helpful	sra_v2_2::theoremqa_014::wrong_resource_pointer::execution_risk	no	core_admission_carried_forward	core_static_cue_clean_rebuilt	none	f07d0cce1dcb96f9a470ef77e8d7a59d3ca0148b7d3f4415e7f241eef1167aec	f8059dcd59e284c0269e8bdf597814610ef515c9ce2fd26b8d120029970c8e56	eef44dca9d953d18d06de19e5ed2915aec3bc1bf4bbc713e4c00468b28aeba75
core::sra_v2_2::theoremqa_015::wrong_precondition	core_audited_marked_sibling	sra_v2_2::theoremqa_015::wrong_precondition	core_marked_sibling	L0_CORE_MARKED_SIBLING	theoremqa	train	1	core_all694_pool	sra_v2_2::theoremqa_015::wrong_precondition::helpful	sra_v2_2::theoremqa_015::wrong_precondition::execution_risk	no	core_admission_carried_forward	core_static_cue_clean_rebuilt	none	1c9fccbd6a7b3f57c4e4129800ba6c5ff49ea77d961778cd05b892ad9e7c5e52	142117c3fffa943e44fea17c8164a6cb0e7b8ce019dfe9be4034ded3872b02af	1d0861ed0229229190b8f819cea7a229d4ca30b0bd5b5fe9d2a824d1ce9225b3
core::sra_v2_2::theoremqa_016::wrong_precondition	core_audited_marked_sibling	sra_v2_2::theoremqa_016::wrong_precondition	core_marked_sibling	L0_CORE_MARKED_SIBLING	theoremqa	train	1	core_all694_pool	sra_v2_2::theoremqa_016::wrong_precondition::helpful	sra_v2_2::theoremqa_016::wrong_precondition::execution_risk	no	core_admission_carried_forward	core_static_cue_clean_rebuilt	none	943d684d0c36a941dea791a15b63baca3a5da525cb240c6ed160f191230dfe01	e8994dc93da67c769ba864316c47cf81d522300e902f934feb60dd56dd3c5cfe	61f29ec67426ef9ab7ac537e18397f00ee25cc7249022d3863820988b7db9a96
core::sra_v2_2::theoremqa_017::wrong_resource_pointer	core_audited_marked_sibling	sra_v2_2::theoremqa_017::wrong_resource_pointer	core_marked_sibling	L0_CORE_MARKED_SIBLING	theoremqa	train	1	core_all694_pool	sra_v2_2::theoremqa_017::wrong_resource_pointer::helpful	sra_v2_2::theoremqa_017::wrong_resource_pointer::execution_risk	no	core_admission_carried_forward	core_static_cue_clean_rebuilt	none	614b7867cfb61fb9701653115b04c51d3dbf3407df44f8358da6649ba611077c	a8ea957fb8c65c02bf3e1e84ca8ef5033acc83c639796d25110df9726c8f5f70	54fe84db00dde7c0075b513f07ee9cc455afe1e1752c61d338870651840c2b3c
core::sra_v2_2::theoremqa_018::wrong_precondition	core_audited_marked_sibling	sra_v2_2::theoremqa_018::wrong_precondition	core_marked_sibling	L0_CORE_MARKED_SIBLING	theoremqa	dev	1	core_all694_pool	sra_v2_2::theoremqa_018::wrong_precondition::helpful	sra_v2_2::theoremqa_018::wrong_precondition::execution_risk	no	core_admission_carried_forward	core_static_cue_clean_rebuilt	none	1feae4dd9291d5a3e0d8305d369031e661040df7d38459116ed859befcd7c70b	334a2f09c294cc93cc9ceeaae2233dcd6b8a8f39d5b315a0eebd6393cf1801fe	534acdc86d1fbd0f85cf7e295641b515d4871cc02fc3a1b4f7df9330f4c64e45
core::sra_v2_2::theoremqa_019::wrong_precondition	core_audited_marked_sibling	sra_v2_2::theoremqa_019::wrong_precondition	core_marked_sibling	L0_CORE_MARKED_SIBLING	theoremqa	train	1	core_all694_pool	sra_v2_2::theoremqa_019::wrong_precondition::helpful	sra_v2_2::theoremqa_019::wrong_precondition::execution_risk	no	core_admission_carried_forward	core_static_cue_clean_rebuilt	none	84b19f945d13b88a059ce2b1ab7bee4065d8995828967d4202a347f51e9c3e28	f7c1b2b0f5827acfc37fa8306878400c03d6cf5345056596d27504c1298b71cd	db831add25c17f45c890963bddb1fd0bd5948cf4d3cebec2a8f7a502233743b4
core::sra_v2_2::theoremqa_020::wrong_precondition	core_audited_marked_sibling	sra_v2_2::theoremqa_020::wrong_precondition	core_marked_sibling	L0_CORE_MARKED_SIBLING	theoremqa	train	1	core_all694_pool	sra_v2_2::theoremqa_020::wrong_precondition::helpful	sra_v2_2::theoremqa_020::wrong_precondition::execution_risk	no	core_admission_carried_forward	core_static_cue_clean_rebuilt	none	bd09fbd51335c8dcd2000ea554586f0c046c25fc6555de27f501fa9b312b5b55	6cea59e92eadc28aae34ae16c844dd982d207e500e614979fe12f9a1a47553d9	f5d683a0b6a0782ca7c4a3722d5e951a1faf4a779a3cae57a5b001ad8756c795
core::sra_v2_2::theoremqa_021::wrong_resource_pointer	core_audited_marked_sibling	sra_v2_2::theoremqa_021::wrong_resource_pointer	core_marked_sibling	L0_CORE_MARKED_SIBLING	theoremqa	dev	1	core_all694_pool	sra_v2_2::theoremqa_021::wrong_resource_pointer::helpful	sra_v2_2::theoremqa_021::wrong_resource_pointer::execution_risk	no	core_admission_carried_forward	core_static_cue_clean_rebuilt	none	d7d504506b28f2260d93f6a140e1c44dfaa8c89227c808368623e0f5243e4105	04e78406a756dc14e8e022ebeb0095ec432c4c899596c15a4b49df92816c21a0	9bf469e66d35dfe1f362d80c6bc7c882d4f9fe4ef90271aacbd71ce4bab88fe8
core::sra_v2_2::theoremqa_022::wrong_precondition	core_audited_marked_sibling	sra_v2_2::theoremqa_022::wrong_precondition	core_marked_sibling	L0_CORE_MARKED_SIBLING	theoremqa	train	1	core_all694_pool	sra_v2_2::theoremqa_022::wrong_precondition::helpful	sra_v2_2::theoremqa_022::wrong_precondition::execution_risk	no	core_admission_carried_forward	core_static_cue_clean_rebuilt	none	03d8ff36e66ae38007a0b966c5ad4d0be65de6c88ecd5716ca7def07418d1842	e311038ab542a88fcc8cdc5f69eb1ee09b0e0b6ea1787102d70f0ced02e19ab6	45975259a1ec0b895d561122e155fe414aa3a6d94054a70f8e4984665b123bd5
core::sra_v2_2::theoremqa_023::wrong_precondition	core_audited_marked_sibling	sra_v2_2::theoremqa_023::wrong_precondition	core_marked_sibling	L0_CORE_MARKED_SIBLING	theoremqa	train	1	core_all694_pool	sra_v2_2::theoremqa_023::wrong_precondition::helpful	sra_v2_2::theoremqa_023::wrong_precondition::execution_risk	no	core_admission_carried_forward	core_static_cue_clean_rebuilt	none	10569a785650baecba90282b6ad1d1f477c2f99441972bed7f356b5eaf921369	3c191012fc60032f41b51eaaf3276503a0f5460cc26d79fcb3331226db4d29bf	69bfe7a44c28006042777408fc87f96bd62497422a582767e24fbdfa16bc41d2
core::sra_v2_2::theoremqa_024::poisoned_procedure_clause	core_audited_marked_sibling	sra_v2_2::theoremqa_024::poisoned_procedure_clause	core_marked_sibling	L0_CORE_MARKED_SIBLING	theoremqa	train	1	core_all694_pool	sra_v2_2::theoremqa_024::poisoned_procedure_clause::helpful	sra_v2_2::theoremqa_024::poisoned_procedure_clause::execution_risk	no	core_admission_carried_forward	core_static_cue_clean_rebuilt	none	fee99a00bce55daf05dca5597e39920945d531c7218f6e07c7ed1bb896d7ce7c	dc68414f0010f353bd12f232973bb6d77b38f76e56bb5801666800fd9bfdccb8	bb3b2c36deee8de87ae943389a036c82247316b1820eced4854fa3f2d475e828
core::sra_v2_2::theoremqa_025::wrong_precondition	core_audited_marked_sibling	sra_v2_2::theoremqa_025::wrong_precondition	core_marked_sibling	L0_CORE_MARKED_SIBLING	theoremqa	train	1	core_all694_pool	sra_v2_2::theoremqa_025::wrong_precondition::helpful	sra_v2_2::theoremqa_025::wrong_precondition::execution_risk	no	core_admission_carried_forward	core_static_cue_clean_rebuilt	none	fb8bee92b6846d33edde80391cddb4e05f20ec7cb077495d4c5a75d9b95e88c3	d531f8e15476ac3100c7b2a5e22c8123a9ca47abaaad6dadb486b37a975747ae	7dcc80ac39d098e6f5e0b79e706567269a2af09009d473de0748f6b105a67f43
core::sra_v2_2::theoremqa_026::wrong_resource_pointer	core_audited_marked_sibling	sra_v2_2::theoremqa_026::wrong_resource_pointer	core_marked_sibling	L0_CORE_MARKED_SIBLING	theoremqa	train	1	core_all694_pool	sra_v2_2::theoremqa_026::wrong_resource_pointer::helpful	sra_v2_2::theoremqa_026::wrong_resource_pointer::execution_risk	no	core_admission_carried_forward	core_static_cue_clean_rebuilt	none	bc339594134c48257e015b8c721cab37b5d2c51f35036210c83592659ff91538	98388471304c12054cca72efc62f26b42d575b3e3fbdce917fe30563466dbedc	6df3a8e948268778ae34365e5480882fba2141e97087d7493ad6b5840746878c
core::sra_v2_2::theoremqa_027::wrong_resource_pointer	core_audited_marked_sibling	sra_v2_2::theoremqa_027::wrong_resource_pointer	core_marked_sibling	L0_CORE_MARKED_SIBLING	theoremqa	train	1	core_all694_pool	sra_v2_2::theoremqa_027::wrong_resource_pointer::helpful	sra_v2_2::theoremqa_027::wrong_resource_pointer::execution_risk	no	core_admission_carried_forward	core_static_cue_clean_rebuilt	none	279bdaea851defdfe12875f62a8c162a698a977be1651a8a1de4ef7d26430aa7	a7ad26be1e7a3b041a8cc61d1337da4118edcae14ac603ce35c2218808f2b5ba	67047a9eb414001af6fb2414c4546faf8d9e5e3703939c5489a717c43e29ffc0
core::sra_v2_2::theoremqa_028::wrong_precondition	core_audited_marked_sibling	sra_v2_2::theoremqa_028::wrong_precondition	core_marked_sibling	L0_CORE_MARKED_SIBLING	theoremqa	train	1	core_all694_pool	sra_v2_2::theoremqa_028::wrong_precondition::helpful	sra_v2_2::theoremqa_028::wrong_precondition::execution_risk	no	core_admission_carried_forward	core_static_cue_clean_rebuilt	none	c39ed8c0da549126bad4cb8e5f91d77ff0051c5b110b2e4bbd4d27ae3e180509	328d5722add1954b37c85c31c0df87c2f071cbcb6dd95eb478588b65e5c39822	a22677d67f936e559d52e2e9923e2e8df708a4d9310068201d90d82ed2bcda7d
core::sra_v2_2::theoremqa_029::wrong_precondition	core_audited_marked_sibling	sra_v2_2::theoremqa_029::wrong_precondition	core_marked_sibling	L0_CORE_MARKED_SIBLING	theoremqa	test	1	core_all694_pool	sra_v2_2::theoremqa_029::wrong_precondition::helpful	sra_v2_2::theoremqa_029::wrong_precondition::execution_risk	no	core_admission_carried_forward	core_static_cue_clean_rebuilt	none	59fb4b20dbe899877f0be1a8ae5bed3eebb74f0825d6c06a8e9f3c473c89e34b	7d28e223c569b4c6197c943b181095f5b38289d5a7d8d0883f3fcf6dc79cb883	8eed0cf9a6395f1d7fbfdc012a2913746d49b8fd4ddc63a5e4351648f021512a
core::sra_v2_2::theoremqa_030::wrong_precondition	core_audited_marked_sibling	sra_v2_2::theoremqa_030::wrong_precondition	core_marked_sibling	L0_CORE_MARKED_SIBLING	theoremqa	train	1	core_all694_pool	sra_v2_2::theoremqa_030::wrong_precondition::helpful	sra_v2_2::theoremqa_030::wrong_precondition::execution_risk	no	core_admission_carried_forward	core_static_cue_clean_rebuilt	none	1b12a4e43c495631b458c5d45375089dd4429f6eceedb8ea14076f52f520512d	a1dd417d3f4e9a4bd44809f19cf7a634c121edb2fa69b442a45f0ffd5511c62f	74e8e5189dc8cea048ac743cbd5409b30ea6790316b5c290b391a62f5ec606da
core::sra_v2_2::theoremqa_031::wrong_precondition	core_audited_marked_sibling	sra_v2_2::theoremqa_031::wrong_precondition	core_marked_sibling	L0_CORE_MARKED_SIBLING	theoremqa	train	1	core_all694_pool	sra_v2_2::theoremqa_031::wrong_precondition::helpful	sra_v2_2::theoremqa_031::wrong_precondition::execution_risk	no	core_admission_carried_forward	core_static_cue_clean_rebuilt	none	a5635202fc5303772f67807cfffe067d4a8488d17e2ad5cabbc84e896fa0d6c4	7ed2e368b731a33650ed875cb85ba5fe0706e16dc8c336c6e60e01244f1690de	1439e6d9aba7e254e8521641e72cf93330c265684f06fae0d3c668cfb9267f06
core::sra_v2_2::theoremqa_032::wrong_precondition	core_audited_marked_sibling	sra_v2_2::theoremqa_032::wrong_precondition	core_marked_sibling	L0_CORE_MARKED_SIBLING	theoremqa	train	1	core_all694_pool	sra_v2_2::theoremqa_032::wrong_precondition::helpful	sra_v2_2::theoremqa_032::wrong_precondition::execution_risk	no	core_admission_carried_forward	core_static_cue_clean_rebuilt	none	ac6a2695076d531b9577653fd3a1b96106593943c50c3a33ab9835ab772914f9	f54533b67e4970bebac9eb67ac4445743f41164465c1dba185fca24a3e99939d	92930ce1c7e190fec8b0dc62f6e2db2fe71d141d139cfd290f458142fff65379
core::sra_v2_2::theoremqa_033::wrong_resource_pointer	core_audited_marked_sibling	sra_v2_2::theoremqa_033::wrong_resource_pointer	core_marked_sibling	L0_CORE_MARKED_SIBLING	theoremqa	train	1	core_all694_pool	sra_v2_2::theoremqa_033::wrong_resource_pointer::helpful	sra_v2_2::theoremqa_033::wrong_resource_pointer::execution_risk	no	core_admission_carried_forward	core_static_cue_clean_rebuilt	none	c81fceb39bcb82cf6e63a3cb110533beaba439c2d62bde321c22c7aa47ba12af	75ea7554274a0e4a2e719c40d45c638b6037c8231b51f11f69afc4b1f4d4bf6d	d050446d9c8c0c150282e0133c7ba7f05abb5ed2bfeb65b248695b3c1e6f554a
core::sra_v2_2::theoremqa_034::wrong_precondition	core_audited_marked_sibling	sra_v2_2::theoremqa_034::wrong_precondition	core_marked_sibling	L0_CORE_MARKED_SIBLING	theoremqa	dev	1	core_all694_pool	sra_v2_2::theoremqa_034::wrong_precondition::helpful	sra_v2_2::theoremqa_034::wrong_precondition::execution_risk	no	core_admission_carried_forward	core_static_cue_clean_rebuilt	none	99997de0267e8067c6bb024d0c1cc9c14cba6822c18e7ede7655cf09a3dbb8dd	a91b7d13f7f14f5a7c41701d547ddb75a139c0181d0b118102d0ba1881a37d82	f7046ee8dc6a16710b668a87540864c6b4e77473ab759f2668dfd7abe55a1813
core::sra_v2_2::theoremqa_035::wrong_resource_pointer	core_audited_marked_sibling	sra_v2_2::theoremqa_035::wrong_resource_pointer	core_marked_sibling	L0_CORE_MARKED_SIBLING	theoremqa	train	1	core_all694_pool	sra_v2_2::theoremqa_035::wrong_resource_pointer::helpful	sra_v2_2::theoremqa_035::wrong_resource_pointer::execution_risk	no	core_admission_carried_forward	core_static_cue_clean_rebuilt	none	29d049f7ef4564850b91f6ebb35715902eea238f1a3a0b137a47ff844204aeb8	0520ecbe5b317aba946c0fe3f76fa24781d717062412287c1199182843a3bbdf	45cda94d9a08bc85b8bfe9333bf05b090cd1c0c64662f3b4e8bc5e16f561d1e5
core::sra_v2_2::theoremqa_036::wrong_precondition	core_audited_marked_sibling	sra_v2_2::theoremqa_036::wrong_precondition	core_marked_sibling	L0_CORE_MARKED_SIBLING	theoremqa	train	1	core_all694_pool	sra_v2_2::theoremqa_036::wrong_precondition::helpful	sra_v2_2::theoremqa_036::wrong_precondition::execution_risk	no	core_admission_carried_forward	core_static_cue_clean_rebuilt	none	bc3b6dc572e7c7490e9427f606faf655465905ae0bea70db1e14920310046bc8	aed1f046af3ae38f67fb6f7ec3bc390006c8709e312c167a7617884c1de0939e	2536f980e3ce2b0130ac4ad11ebdefa5c8225406cdb1a2573be22bd6899a7288
core::sra_v2_2::theoremqa_037::wrong_resource_pointer	core_audited_marked_sibling	sra_v2_2::theoremqa_037::wrong_resource_pointer	core_marked_sibling	L0_CORE_MARKED_SIBLING	theoremqa	train	1	core_all694_pool	sra_v2_2::theoremqa_037::wrong_resource_pointer::helpful	sra_v2_2::theoremqa_037::wrong_resource_pointer::execution_risk	no	core_admission_carried_forward	core_static_cue_clean_rebuilt	none	d6243af40d7a561dc3a59bd75745ccb3f278389e119b3b3811be59a3179141dd	54d83adcece46cc8349d99ef57d19a02bb996670ae6543b1585cb62bcc2aec24	50f5ff6d7ddf83f57955bd7b5ffdf8b06ae408d1d53783c9878de843b5da3c69
core::sra_v2_2::theoremqa_038::wrong_precondition	core_audited_marked_sibling	sra_v2_2::theoremqa_038::wrong_precondition	core_marked_sibling	L0_CORE_MARKED_SIBLING	theoremqa	train	1	core_all694_pool	sra_v2_2::theoremqa_038::wrong_precondition::helpful	sra_v2_2::theoremqa_038::wrong_precondition::execution_risk	no	core_admission_carried_forward	core_static_cue_clean_rebuilt	none	2955e3aa38468a82e18422d6aafa7ce04e6a8507c27eb6c9f27a6e7a747fb478	7b635b241d2110b8a215f66517930324678f16488bc466fb13b1af6c894ce5b1	297ae7fc956c7963bca6280c128f71dd29e26a5a0bda55de838bc4ef0edec72e
core::sra_v2_2::theoremqa_039::wrong_precondition	core_audited_marked_sibling	sra_v2_2::theoremqa_039::wrong_precondition	core_marked_sibling	L0_CORE_MARKED_SIBLING	theoremqa	dev	1	core_all694_pool	sra_v2_2::theoremqa_039::wrong_precondition::helpful	sra_v2_2::theoremqa_039::wrong_precondition::execution_risk	no	core_admission_carried_forward	core_static_cue_clean_rebuilt	none	124c0b108ba087589cf969e3006f94b64a2dec5ea686619ba6726bfaca83ca70	7b382c8fe73078c6ad11e4fadd8121e620d5c884b8c3781fb34e581cd361bc17	cd38f41188bed4e2c83dd3ec9c40bcd6b1670ae8b0358fa33022b54b69b18366
core::sra_v2_2::theoremqa_040::wrong_precondition	core_audited_marked_sibling	sra_v2_2::theoremqa_040::wrong_precondition	core_marked_sibling	L0_CORE_MARKED_SIBLING	theoremqa	train	1	core_all694_pool	sra_v2_2::theoremqa_040::wrong_precondition::helpful	sra_v2_2::theoremqa_040::wrong_precondition::execution_risk	no	core_admission_carried_forward	core_static_cue_clean_rebuilt	none	70bf73a39372a40d54ac7d3d87d35d77876efc2c3c58d2ea0d028f812948afc0	8f98bfbd3ebefc98ebf5909e587acfc42c4da444129d012640d3f085cb711763	edcaba8d735520a1c03fbd9b38346bd6e888ce3bc68a3e52b9c00c9ac904c8d5
core::sra_v2_2::theoremqa_041::wrong_precondition	core_audited_marked_sibling	sra_v2_2::theoremqa_041::wrong_precondition	core_marked_sibling	L0_CORE_MARKED_SIBLING	theoremqa	train	1	core_all694_pool	sra_v2_2::theoremqa_041::wrong_precondition::helpful	sra_v2_2::theoremqa_041::wrong_precondition::execution_risk	no	core_admission_carried_forward	core_static_cue_clean_rebuilt	none	a38d075a9a1317e2ee4448423fd7ae9320801e755548cbb7058b5f6e406418f2	2f2b29424e3aa9dc224fd863b777d3ae92821c68b41ea97a77188acc031c7627	dae6a667b51ee40d0b69022d55b7fa8482de84079ca0c831a3d5c6bd177f447e
core::sra_v2_2::theoremqa_042::wrong_resource_pointer	core_audited_marked_sibling	sra_v2_2::theoremqa_042::wrong_resource_pointer	core_marked_sibling	L0_CORE_MARKED_SIBLING	theoremqa	test	1	core_all694_pool	sra_v2_2::theoremqa_042::wrong_resource_pointer::helpful	sra_v2_2::theoremqa_042::wrong_resource_pointer::execution_risk	no	core_admission_carried_forward	core_static_cue_clean_rebuilt	none	bb752456954ec373694ff37e50cd1a3299aab1dec20c87d5ba3ac0e7ad35fa14	71386541966e8173b2290917bb03e68f57858434c1dbe8043af72f44630729e4	e04f7f5a950f0786fe4a57d9c2c9b5dbe9c1dd6eeb2f49c656b810b8e862d50f
core::sra_v2_2::theoremqa_043::wrong_resource_pointer	core_audited_marked_sibling	sra_v2_2::theoremqa_043::wrong_resource_pointer	core_marked_sibling	L0_CORE_MARKED_SIBLING	theoremqa	train	1	core_all694_pool	sra_v2_2::theoremqa_043::wrong_resource_pointer::helpful	sra_v2_2::theoremqa_043::wrong_resource_pointer::execution_risk	no	core_admission_carried_forward	core_static_cue_clean_rebuilt	none	1a231cc23318d727c637747eef69cfaf81cf6bae8fe407bda60adb0682a24676	5f3fbb992cc5b8655fc9ac63d7bf2218817a7cbde0c46d62e5e4aab7e3cf7e05	256fc379ca86d3b13a45f892ae5e8e4b7ce038e2ecbb0a419862131920fd1112
core::sra_v2_2::theoremqa_044::wrong_resource_pointer	core_audited_marked_sibling	sra_v2_2::theoremqa_044::wrong_resource_pointer	core_marked_sibling	L0_CORE_MARKED_SIBLING	theoremqa	train	1	core_all694_pool	sra_v2_2::theoremqa_044::wrong_resource_pointer::helpful	sra_v2_2::theoremqa_044::wrong_resource_pointer::execution_risk	no	core_admission_carried_forward	core_static_cue_clean_rebuilt	none	10682a70c8160b4ffd7b934465944d5b3e8e6e2ac4e37f69fd7c0fd1b813e9a8	1f84c3d80e842e879718e889d2bca2ea63868ad13916f476bb7a66fb1ca0897f	edff5981bed842dccf34a530bcbeb8ce6be24a8ea420ea8dec17dd33c7dc43b5
core::sra_v2_2::theoremqa_045::wrong_precondition	core_audited_marked_sibling	sra_v2_2::theoremqa_045::wrong_precondition	core_marked_sibling	L0_CORE_MARKED_SIBLING	theoremqa	test	1	core_all694_pool	sra_v2_2::theoremqa_045::wrong_precondition::helpful	sra_v2_2::theoremqa_045::wrong_precondition::execution_risk	no	core_admission_carried_forward	core_static_cue_clean_rebuilt	none	ced6333848bebb86d6f19538714ee66feb94d8d6a92384a0649d2912e3676ddb	dc766a0e2dd3a245076e0a3a191a4ecffa05da8f80dc7e32854a6ae1f970a0f1	a9042d157d358e70551d1221d7ad12a7ac55717761c7a0931f5d08d5207753e5
core::sra_v2_2::theoremqa_046::wrong_precondition	core_audited_marked_sibling	sra_v2_2::theoremqa_046::wrong_precondition	core_marked_sibling	L0_CORE_MARKED_SIBLING	theoremqa	train	1	core_all694_pool	sra_v2_2::theoremqa_046::wrong_precondition::helpful	sra_v2_2::theoremqa_046::wrong_precondition::execution_risk	no	core_admission_carried_forward	core_static_cue_clean_rebuilt	none	ac7f8b8d5f23c10b99f3cb36ce0d434b4bc1a702c85b1adc6055b3464f811bf8	c2e22c7b1e8ef9cd5723a08901401a246f1227a211b7858e6513754a9ebdcc55	a0e892fa0e8d4ae2d7ceb300c88177cda6697ab65beb4c35b3fdef95040fa46f
core::sra_v2_2::theoremqa_047::wrong_resource_pointer	core_audited_marked_sibling	sra_v2_2::theoremqa_047::wrong_resource_pointer	core_marked_sibling	L0_CORE_MARKED_SIBLING	theoremqa	train	1	core_all694_pool	sra_v2_2::theoremqa_047::wrong_resource_pointer::helpful	sra_v2_2::theoremqa_047::wrong_resource_pointer::execution_risk	no	core_admission_carried_forward	core_static_cue_clean_rebuilt	none	22c228745f8f19c12f863e776cd47b6a24fd5e259fb9244099b44f2bee4c39d5	ca2d1666f86373aed1dea2d50fca2e6de62e21af6a054ccf669562003a445165	ff67423d173a0b901e6572952d1ccefcd3a4008a563cc8d16cc613373495c0ff
core::sra_v2_2::theoremqa_048::wrong_resource_pointer	core_audited_marked_sibling	sra_v2_2::theoremqa_048::wrong_resource_pointer	core_marked_sibling	L0_CORE_MARKED_SIBLING	theoremqa	train	1	core_all694_pool	sra_v2_2::theoremqa_048::wrong_resource_pointer::helpful	sra_v2_2::theoremqa_048::wrong_resource_pointer::execution_risk	no	core_admission_carried_forward	core_static_cue_clean_rebuilt	none	33f4c7fadda92dc1b24a5584f20bb802f6263e4414b259ed9003278ad559544c	573358c9195bc615ea9e414e926c449efd568c2fc83de368dbc9296406f655e5	685fb3f171fb512e4adff4d36bef2e021a1dd482cbc0328ed02970dc74fa5f53
core::sra_v2_2::theoremqa_049::wrong_precondition	core_audited_marked_sibling	sra_v2_2::theoremqa_049::wrong_precondition	core_marked_sibling	L0_CORE_MARKED_SIBLING	theoremqa	dev	1	core_all694_pool	sra_v2_2::theoremqa_049::wrong_precondition::helpful	sra_v2_2::theoremqa_049::wrong_precondition::execution_risk	no	core_admission_carried_forward	core_static_cue_clean_rebuilt	none	ae8f31f16921df8aa8faf778bec92cfe479d83c089810b7e2d6be4435b93db22	500f0b3f9c7be70d35499141149d8cae68bf19d47f8e844adadd921f87e8b21a	82dcbd09df1ba822b81723ddf6c78d3a596983ee4e017eaa08b3658ee6febe04
core::sra_v2_2::theoremqa_050::wrong_precondition	core_audited_marked_sibling	sra_v2_2::theoremqa_050::wrong_precondition	core_marked_sibling	L0_CORE_MARKED_SIBLING	theoremqa	train	1	core_all694_pool	sra_v2_2::theoremqa_050::wrong_precondition::helpful	sra_v2_2::theoremqa_050::wrong_precondition::execution_risk	no	core_admission_carried_forward	core_static_cue_clean_rebuilt	none	f974559400b7958062400256b798045576d2d632b1804c4dd061462bd625fb13	ee70c412b22723e80ab5556fe5a17d10867887b435bb39795982dd83f9f8cc05	f06afabecfaf93d6446e74139432abe91b8263938f8391f4e3b9eab147390370
core::sra_v2_2::theoremqa_051::wrong_resource_pointer	core_audited_marked_sibling	sra_v2_2::theoremqa_051::wrong_resource_pointer	core_marked_sibling	L0_CORE_MARKED_SIBLING	theoremqa	train	1	core_all694_pool	sra_v2_2::theoremqa_051::wrong_resource_pointer::helpful	sra_v2_2::theoremqa_051::wrong_resource_pointer::execution_risk	no	core_admission_carried_forward	core_static_cue_clean_rebuilt	none	633b2662906056d6345b8818ab80d03fd023c08a0ee8b3edbec2df893e156d44	fcd56910cbcf64125dfe2dcb869f97a818745a2b6ee1466982a7a487729cecc0	e70457ad5aeaa0f772658eed6f6dbc1360f85a75722321e853a74a92b6465219
core::sra_v2_2::theoremqa_052::wrong_precondition	core_audited_marked_sibling	sra_v2_2::theoremqa_052::wrong_precondition	core_marked_sibling	L0_CORE_MARKED_SIBLING	theoremqa	train	1	core_all694_pool	sra_v2_2::theoremqa_052::wrong_precondition::helpful	sra_v2_2::theoremqa_052::wrong_precondition::execution_risk	no	core_admission_carried_forward	core_static_cue_clean_rebuilt	none	f1d7d2774b4ae42726b5d8e82acd7fa64898bd5544b7bdacfba42d35380e2548	d830ae7b1fc996846a4e6f4e6dbb5d28335337939dc9787cbc35127619c58d99	b5f7349e42ac60942e828e001f315b389d03925d5b6e0abc0aeccddd89c25ee7
core::sra_v2_2::theoremqa_053::wrong_resource_pointer	core_audited_marked_sibling	sra_v2_2::theoremqa_053::wrong_resource_pointer	core_marked_sibling	L0_CORE_MARKED_SIBLING	theoremqa	train	1	core_all694_pool	sra_v2_2::theoremqa_053::wrong_resource_pointer::helpful	sra_v2_2::theoremqa_053::wrong_resource_pointer::execution_risk	no	core_admission_carried_forward	core_static_cue_clean_rebuilt	none	92e68ff300e7b17cf6a4bba9c63df025aeff8bfd46402f90c23df55298ce07d9	54c25e127eab8edb5df73053db6d85fc8bc239f945c97216e7ecc3ffe75dd3e0	b66f9154b6923fb0eede3f3240f676a7b4672d49809ec4d8b208c10d186d4b01
core::sra_v2_2::theoremqa_054::wrong_resource_pointer	core_audited_marked_sibling	sra_v2_2::theoremqa_054::wrong_resource_pointer	core_marked_sibling	L0_CORE_MARKED_SIBLING	theoremqa	train	1	core_all694_pool	sra_v2_2::theoremqa_054::wrong_resource_pointer::helpful	sra_v2_2::theoremqa_054::wrong_resource_pointer::execution_risk	no	core_admission_carried_forward	core_static_cue_clean_rebuilt	none	d658bc96260c0f7bebdc1ffa7d477069139c24f6aea8474c7b6e9d76eb047136	fdb49b3402f67f91c11ca3cce74b6e4df91c9681e7ad9ff2f588f771e11e0521	09bf742d8db2f0a5a75d5ea74520fca75968cdfacdb3b63052e75442a2c5d7b6
core::sra_v2_2::theoremqa_055::wrong_precondition	core_audited_marked_sibling	sra_v2_2::theoremqa_055::wrong_precondition	core_marked_sibling	L0_CORE_MARKED_SIBLING	theoremqa	train	1	core_all694_pool	sra_v2_2::theoremqa_055::wrong_precondition::helpful	sra_v2_2::theoremqa_055::wrong_precondition::execution_risk	no	core_admission_carried_forward	core_static_cue_clean_rebuilt	none	89ef8bf459fc95e8d73f09535b4a3a4ad14eeeadde98d852c632f7e218e25670	b16169061c4d98a0ef2e5aa3e9897f53eb6ea995cac2ffc63a16f531c3532002	70e2aaea3a013214b3bd0188dc1143c60764cb0f44b784cf923883477143e84c
core::sra_v2_2::theoremqa_056::wrong_precondition	core_audited_marked_sibling	sra_v2_2::theoremqa_056::wrong_precondition	core_marked_sibling	L0_CORE_MARKED_SIBLING	theoremqa	dev	1	core_all694_pool	sra_v2_2::theoremqa_056::wrong_precondition::helpful	sra_v2_2::theoremqa_056::wrong_precondition::execution_risk	no	core_admission_carried_forward	core_static_cue_clean_rebuilt	none	331879402ceffeb43cf30a798d127844507a8458b9d3a60565395f3940badaac	f9f8d200cd3d0b6328ef3f0cfafa26df59efc283f3390ed2a5c00b3fc2cfde75	3c55da10b1e8ad5b8a8b00d17e281708cbbb189700b42eef7694a99d515a1abc
core::sra_v2_2::theoremqa_057::wrong_precondition	core_audited_marked_sibling	sra_v2_2::theoremqa_057::wrong_precondition	core_marked_sibling	L0_CORE_MARKED_SIBLING	theoremqa	train	1	core_all694_pool	sra_v2_2::theoremqa_057::wrong_precondition::helpful	sra_v2_2::theoremqa_057::wrong_precondition::execution_risk	no	core_admission_carried_forward	core_static_cue_clean_rebuilt	none	02c13309e2c7a8094da131efb2cfab9fb891faaba51f6fb35daeb81e99474b3e	dd6e7b5cc8b07d29c6c2737dba2edcb3ea4701088750daa405011205b6f5c52b	24bddadc529aff55945e277dd5bba4d0e0a322076ae27faddd5b94864023acaa
core::sra_v2_2::theoremqa_058::wrong_precondition	core_audited_marked_sibling	sra_v2_2::theoremqa_058::wrong_precondition	core_marked_sibling	L0_CORE_MARKED_SIBLING	theoremqa	train	1	core_all694_pool	sra_v2_2::theoremqa_058::wrong_precondition::helpful	sra_v2_2::theoremqa_058::wrong_precondition::execution_risk	no	core_admission_carried_forward	core_static_cue_clean_rebuilt	none	0e780944b7e48642bd938bb8d56bc34627f0ae250e1161967c86e3061ed8dbbf	e3639557190f4f267a23ca552ed4fb11de3f93d5e6c83feb507715ebb475914e	259033cfdff259c30cf88d81b8a5178230106309af42a3a1d5b1c815582a9c06
core::sra_v2_2::theoremqa_059::wrong_precondition	core_audited_marked_sibling	sra_v2_2::theoremqa_059::wrong_precondition	core_marked_sibling	L0_CORE_MARKED_SIBLING	theoremqa	train	1	core_all694_pool	sra_v2_2::theoremqa_059::wrong_precondition::helpful	sra_v2_2::theoremqa_059::wrong_precondition::execution_risk	no	core_admission_carried_forward	core_static_cue_clean_rebuilt	none	0fff46ffcd0acb7dea73b24bc44ca55068c2d713990e5039c5277a45cde95c92	a33633878ea6a1615fd3a3e67c9f4f72254b8ca10e020012b208afee9452d871	56349e7b10488ccab5deb7c91d375db60437c0f9b08385fe23488a6eed7813ca
core::sra_v2_2::theoremqa_060::wrong_resource_pointer	core_audited_marked_sibling	sra_v2_2::theoremqa_060::wrong_resource_pointer	core_marked_sibling	L0_CORE_MARKED_SIBLING	theoremqa	train	1	core_all694_pool	sra_v2_2::theoremqa_060::wrong_resource_pointer::helpful	sra_v2_2::theoremqa_060::wrong_resource_pointer::execution_risk	no	core_admission_carried_forward	core_static_cue_clean_rebuilt	none	e9166b90d8a4e23cdeac2b60ec7708bcfbc142806a7608625d37dac2f3260aed	d61bd8dc1210c6c84b0360c2027d2b14994adde656e4b20ab80614f1b3411b8e	c7d8546973f0ea04cd15500ae9a39e1cb06130715531b27957cb5be61915178c
core::sra_v2_2::theoremqa_061::wrong_resource_pointer	core_audited_marked_sibling	sra_v2_2::theoremqa_061::wrong_resource_pointer	core_marked_sibling	L0_CORE_MARKED_SIBLING	theoremqa	train	1	core_all694_pool	sra_v2_2::theoremqa_061::wrong_resource_pointer::helpful	sra_v2_2::theoremqa_061::wrong_resource_pointer::execution_risk	no	core_admission_carried_forward	core_static_cue_clean_rebuilt	none	db5871eeb726ab533d388bf7f45e6e0bb1f87352892011dbb796a55202f60a7c	a4aad641f254dcbe9b268dd183f5cc6b14bd7a83e8192efe1ae88a325a3517a1	a668251085ed81d06a012a4f005b55f899cbd2a27ef5d5ca6e4e3220a69f1481
core::sra_v2_2::theoremqa_062::wrong_resource_pointer	core_audited_marked_sibling	sra_v2_2::theoremqa_062::wrong_resource_pointer	core_marked_sibling	L0_CORE_MARKED_SIBLING	theoremqa	train	1	core_all694_pool	sra_v2_2::theoremqa_062::wrong_resource_pointer::helpful	sra_v2_2::theoremqa_062::wrong_resource_pointer::execution_risk	no	core_admission_carried_forward	core_static_cue_clean_rebuilt	none	2808b683829cc1bf8138876251a1b22d56a068c95980b9a86fd8cc559897a7cb	9ed8a87f767805793145c13a2d7d7e2202a89d443453bda6f1d490ccecd2c59b	dcd7c7db93db8f0d722b4c2db485a77ea48047109a5635f00303bb3658e93a6c
core::sra_v2_2::theoremqa_063::wrong_resource_pointer	core_audited_marked_sibling	sra_v2_2::theoremqa_063::wrong_resource_pointer	core_marked_sibling	L0_CORE_MARKED_SIBLING	theoremqa	train	1	core_all694_pool	sra_v2_2::theoremqa_063::wrong_resource_pointer::helpful	sra_v2_2::theoremqa_063::wrong_resource_pointer::execution_risk	no	core_admission_carried_forward	core_static_cue_clean_rebuilt	none	7cb8c568cb61e6a6d47b94806a8ffe8c69840a81fc060883a391f4ac964f7ade	58190d133f00fae6f51f351f0ca1cdc2f473653b9bff4953fbeaff4eaba7f445	fa1c06ca70fb068731ff4a769487662878f2c7f1d1a449b82bc9a1d59bff65b9
core::sra_v2_2::theoremqa_064::wrong_precondition	core_audited_marked_sibling	sra_v2_2::theoremqa_064::wrong_precondition	core_marked_sibling	L0_CORE_MARKED_SIBLING	theoremqa	train	1	core_all694_pool	sra_v2_2::theoremqa_064::wrong_precondition::helpful	sra_v2_2::theoremqa_064::wrong_precondition::execution_risk	no	core_admission_carried_forward	core_static_cue_clean_rebuilt	none	450a55c39788a7c51c990b4da756d7ff9a6991ad7f12b98dcd9a2bb883c439e2	e3ae94cfe741e31752741374214a44560720037ce8c38e21d5e2213884bfbdae	082f5c5ef40e618692e6b759114438e7c7a4955b031a6af2c544c36f25ad962a
core::sra_v2_2::theoremqa_065::wrong_resource_pointer	core_audited_marked_sibling	sra_v2_2::theoremqa_065::wrong_resource_pointer	core_marked_sibling	L0_CORE_MARKED_SIBLING	theoremqa	train	1	core_all694_pool	sra_v2_2::theoremqa_065::wrong_resource_pointer::helpful	sra_v2_2::theoremqa_065::wrong_resource_pointer::execution_risk	no	core_admission_carried_forward	core_static_cue_clean_rebuilt	none	254506afb510ef05250fe9a78704d76327eb389774383e5a89f124865238c53e	3cfce438730316eac12a34c5c31bc666177c3c8729460c1889a1035a1758f97b	ddde09c5fca8e2d5b01394cf81ba067d6f64563767dcc1562b6efa2a0cc4a563
core::sra_v2_2::theoremqa_066::wrong_resource_pointer	core_audited_marked_sibling	sra_v2_2::theoremqa_066::wrong_resource_pointer	core_marked_sibling	L0_CORE_MARKED_SIBLING	theoremqa	test	1	core_all694_pool	sra_v2_2::theoremqa_066::wrong_resource_pointer::helpful	sra_v2_2::theoremqa_066::wrong_resource_pointer::execution_risk	no	core_admission_carried_forward	core_static_cue_clean_rebuilt	none	e998f5a8f86ced5111ede2012fe0f0619a5f61b922c7e501600591b645db8c53	49d7fb34f4ccc85d966a6b47fc75ac26af1b1cdb3fa8894e05c18d12245e2133	f6d0c3951d3767b272087c933583bf5a29ffb172ac6f4b296f90c649ade29b9e
core::sra_v2_2::theoremqa_067::wrong_precondition	core_audited_marked_sibling	sra_v2_2::theoremqa_067::wrong_precondition	core_marked_sibling	L0_CORE_MARKED_SIBLING	theoremqa	train	1	core_all694_pool	sra_v2_2::theoremqa_067::wrong_precondition::helpful	sra_v2_2::theoremqa_067::wrong_precondition::execution_risk	no	core_admission_carried_forward	core_static_cue_clean_rebuilt	none	26728751e01e289aa77399cf4c1b171f8df06393e413cba0bb62acf744921e23	09f457c7069e73bcb5c7f159466b99c7e327af849beabf5a72026d8dae1a2b5a	e157e4a2b9fa77b5b4f82f7a1ce954d3a955ca9cde1b93d9c514ef66e223a5b0
core::sra_v2_2::theoremqa_068::wrong_resource_pointer	core_audited_marked_sibling	sra_v2_2::theoremqa_068::wrong_resource_pointer	core_marked_sibling	L0_CORE_MARKED_SIBLING	theoremqa	test	1	core_all694_pool	sra_v2_2::theoremqa_068::wrong_resource_pointer::helpful	sra_v2_2::theoremqa_068::wrong_resource_pointer::execution_risk	no	core_admission_carried_forward	core_static_cue_clean_rebuilt	none	234363aba9098717649613643fd6b1eeabd2e43bf2ada5880ea2befe0d2d89f9	0ba2244f5df83fc15f81cba81264fb0e51aa7654d86d9497de4170809485df14	6aaf597b1e62d805c176f0b80958ced50ad047d515d6900012c2892282b21a37
core::sra_v2_2::theoremqa_069::wrong_resource_pointer	core_audited_marked_sibling	sra_v2_2::theoremqa_069::wrong_resource_pointer	core_marked_sibling	L0_CORE_MARKED_SIBLING	theoremqa	train	1	core_all694_pool	sra_v2_2::theoremqa_069::wrong_resource_pointer::helpful	sra_v2_2::theoremqa_069::wrong_resource_pointer::execution_risk	no	core_admission_carried_forward	core_static_cue_clean_rebuilt	none	7b8a026330aefbc70bb2262612fe82815693b87e7290b0d2f719e5112fb0d87d	708ea472c6e93fcfa1730cceab228d56b7158062d9b049a6671dc1f24ab1aaee	4787fe712d4462dc6512dea58573131b83470b3f13290a280bfbc187a40d448f
core::sra_v2_2::theoremqa_070::wrong_precondition	core_audited_marked_sibling	sra_v2_2::theoremqa_070::wrong_precondition	core_marked_sibling	L0_CORE_MARKED_SIBLING	theoremqa	train	1	core_all694_pool	sra_v2_2::theoremqa_070::wrong_precondition::helpful	sra_v2_2::theoremqa_070::wrong_precondition::execution_risk	no	core_admission_carried_forward	core_static_cue_clean_rebuilt	none	99bd05b872b299dfc218c53ee07145d325e8d85192bed5748b59d59b7f1daf9b	7d66ecde5a639dddefc2054be745350ea14928efd57022f9c5bc9156312067d9	7a7be1ed330530e8ca90b05d0f1d5402aebcd6c2f6370511639be4eb25f4f1ae
core::sra_v2_2::theoremqa_071::poisoned_procedure_clause	core_audited_marked_sibling	sra_v2_2::theoremqa_071::poisoned_procedure_clause	core_marked_sibling	L0_CORE_MARKED_SIBLING	theoremqa	train	1	core_all694_pool	sra_v2_2::theoremqa_071::poisoned_procedure_clause::helpful	sra_v2_2::theoremqa_071::poisoned_procedure_clause::execution_risk	no	core_admission_carried_forward	core_static_cue_clean_rebuilt	none	dc2ddb03adb2e6009db7bd5df1bc585d9518eb8379af683518d4645a5ef6a702	0fdf9529564f19e0bd2bff474b154ffe3741134996532b7e3f5d1cb71c74b454	2747f0691694cdb04e0f69f38601a92b8d3df8ea4944540861f50962e424ae7e
core::sra_v2_2::theoremqa_072::wrong_resource_pointer	core_audited_marked_sibling	sra_v2_2::theoremqa_072::wrong_resource_pointer	core_marked_sibling	L0_CORE_MARKED_SIBLING	theoremqa	test	1	core_all694_pool	sra_v2_2::theoremqa_072::wrong_resource_pointer::helpful	sra_v2_2::theoremqa_072::wrong_resource_pointer::execution_risk	no	core_admission_carried_forward	core_static_cue_clean_rebuilt	none	3f04c9544824d66ea3ae3050a5d76383b89cf6d2af0311e22f8e7df6783c1c65	609660fcc2524af5a195bc8b1a490bea11a6f779a576846df3ac73e4ae3ceb47	63cf3657dc426ff3040bea54be9a1ecb4df345c5e8b7cf2a50dbfbac2f197aa9
core::sra_v2_2::theoremqa_073::poisoned_procedure_clause	core_audited_marked_sibling	sra_v2_2::theoremqa_073::poisoned_procedure_clause	core_marked_sibling	L0_CORE_MARKED_SIBLING	theoremqa	test	1	core_all694_pool	sra_v2_2::theoremqa_073::poisoned_procedure_clause::helpful	sra_v2_2::theoremqa_073::poisoned_procedure_clause::execution_risk	no	core_admission_carried_forward	core_static_cue_clean_rebuilt	none	11dbbb326285fce32a33736295c768053a1ccf771891ce6e26350bd4535f1ac6	0118999866194957712d4281407ee1b2638b21f5c72784de45847e62e4681908	3b6155e5c123ec4b036d987376be34d8d3d4e4e0f7e0d38375e764b82d01aa3c
core::sra_v2_2::theoremqa_074::wrong_resource_pointer	core_audited_marked_sibling	sra_v2_2::theoremqa_074::wrong_resource_pointer	core_marked_sibling	L0_CORE_MARKED_SIBLING	theoremqa	dev	1	core_all694_pool	sra_v2_2::theoremqa_074::wrong_resource_pointer::helpful	sra_v2_2::theoremqa_074::wrong_resource_pointer::execution_risk	no	core_admission_carried_forward	core_static_cue_clean_rebuilt	none	53538e05591dc00c5347c05c5474006587bfb5893046a25536cb5da60140a240	f651562c397b4c898693829e8521716aeb410175e9813111e45178a4d6e90ee4	74586f3f90101ccda03203705e6b48c538c0e0021105da831c73276adebdfab3
core::sra_v2_2::theoremqa_075::wrong_precondition	core_audited_marked_sibling	sra_v2_2::theoremqa_075::wrong_precondition	core_marked_sibling	L0_CORE_MARKED_SIBLING	theoremqa	test	1	core_all694_pool	sra_v2_2::theoremqa_075::wrong_precondition::helpful	sra_v2_2::theoremqa_075::wrong_precondition::execution_risk	no	core_admission_carried_forward	core_static_cue_clean_rebuilt	none	0b224beac84aab467a5ca1fba96aa28d9bfe1d7fffef459b2756ad1af50c11e1	0dffbcb193b70366874a762fc83cda6c51245656dfdde3438451ddde5f61e815	11f7e2966a1587ad5c9150324cd16613a43e7956ea5261633e277c1800565b95
core::sra_v2_2::theoremqa_076::wrong_resource_pointer	core_audited_marked_sibling	sra_v2_2::theoremqa_076::wrong_resource_pointer	core_marked_sibling	L0_CORE_MARKED_SIBLING	theoremqa	train	1	core_all694_pool	sra_v2_2::theoremqa_076::wrong_resource_pointer::helpful	sra_v2_2::theoremqa_076::wrong_resource_pointer::execution_risk	no	core_admission_carried_forward	core_static_cue_clean_rebuilt	none	52ee2137b1a21af519092894030c882cbfdb7747350d4e4c73c022e5c07ee4ce	7718c8c96a2b85038a83e3c234dd0caea4560a1a4ee82e33e798cfbb21d4c723	7e12ed20a786d3c6a5db91b46b7f61987182b1a601d9b6018c823cce9ad2a626
core::sra_v2_2::theoremqa_077::wrong_precondition	core_audited_marked_sibling	sra_v2_2::theoremqa_077::wrong_precondition	core_marked_sibling	L0_CORE_MARKED_SIBLING	theoremqa	train	1	core_all694_pool	sra_v2_2::theoremqa_077::wrong_precondition::helpful	sra_v2_2::theoremqa_077::wrong_precondition::execution_risk	no	core_admission_carried_forward	core_static_cue_clean_rebuilt	none	8bb4dbc287f2c74566af118820ebd5251098986b84f6c34f912556a463e3524a	d58eefafe0ffd9a28eefa295091738415692d5b9a1d3f092185029117edfc7f8	a299d7945de67425c765b2593670779ac6e6ed6c96a68a57d4a001dcf363c0d7
core::sra_v2_2::theoremqa_078::wrong_precondition	core_audited_marked_sibling	sra_v2_2::theoremqa_078::wrong_precondition	core_marked_sibling	L0_CORE_MARKED_SIBLING	theoremqa	dev	1	core_all694_pool	sra_v2_2::theoremqa_078::wrong_precondition::helpful	sra_v2_2::theoremqa_078::wrong_precondition::execution_risk	no	core_admission_carried_forward	core_static_cue_clean_rebuilt	none	1f3e5d95ad9ba3004204385a159b333c4d4f0052bd386d3cbb01135298cd17e9	2a72fc574c5bc6e7bfef859da1c7c6fbabfdc04cdf42d0dd5d40cf1ee31b0c08	5e84b05c26e05d071f15c0cf5eab33356e9fb2a57a0c85655363a1103a793d9e
core::sra_v2_2::theoremqa_079::wrong_resource_pointer	core_audited_marked_sibling	sra_v2_2::theoremqa_079::wrong_resource_pointer	core_marked_sibling	L0_CORE_MARKED_SIBLING	theoremqa	train	1	core_all694_pool	sra_v2_2::theoremqa_079::wrong_resource_pointer::helpful	sra_v2_2::theoremqa_079::wrong_resource_pointer::execution_risk	no	core_admission_carried_forward	core_static_cue_clean_rebuilt	none	57a3626c10d98110c40f89f6b572d93e61140b699d5ac92c5cf58f96ce4aedae	c5c092528376f82c480c51116b767fa2198274be3f789683fa058fbc135f1d51	a75df632c494eafccb4fc722dda8d94d163cfa503e90532fd13263fbf2bc9d7f
core::sra_v2_2::theoremqa_080::wrong_resource_pointer	core_audited_marked_sibling	sra_v2_2::theoremqa_080::wrong_resource_pointer	core_marked_sibling	L0_CORE_MARKED_SIBLING	theoremqa	train	1	core_all694_pool	sra_v2_2::theoremqa_080::wrong_resource_pointer::helpful	sra_v2_2::theoremqa_080::wrong_resource_pointer::execution_risk	no	core_admission_carried_forward	core_static_cue_clean_rebuilt	none	2e78fdf11dc84c00d7950e3685a72fab1a76cf78a08e91891cbefb5c32fea753	078b4b19a723ad68efb249cdf079ff9180eeb1f8a51b99df483627c1cb465ce0	e3be75e26d283707053c369a736a0ffcfa1b114eabd932c0a867aa8fb49bff66
core::sra_v2_2::theoremqa_081::wrong_resource_pointer	core_audited_marked_sibling	sra_v2_2::theoremqa_081::wrong_resource_pointer	core_marked_sibling	L0_CORE_MARKED_SIBLING	theoremqa	dev	1	core_all694_pool	sra_v2_2::theoremqa_081::wrong_resource_pointer::helpful	sra_v2_2::theoremqa_081::wrong_resource_pointer::execution_risk	no	core_admission_carried_forward	core_static_cue_clean_rebuilt	none	406c7c304daad63a62151a88ee63b2d6f6600f1f2ce1b8e7bb554969e742037f	fab1f8949d1368507439189a45cf400aa47a11b7614a26ade4e3f5d3cf443eef	6f6f12bc90be05a6305915bcf6925a6e1aa8df71d94c4dc5026821fa17999dce
core::sra_v2_2::theoremqa_082::wrong_precondition	core_audited_marked_sibling	sra_v2_2::theoremqa_082::wrong_precondition	core_marked_sibling	L0_CORE_MARKED_SIBLING	theoremqa	train	1	core_all694_pool	sra_v2_2::theoremqa_082::wrong_precondition::helpful	sra_v2_2::theoremqa_082::wrong_precondition::execution_risk	no	core_admission_carried_forward	core_static_cue_clean_rebuilt	none	a5d7f6d859f876cc9d81512217e338606a55af5965b6d47664968533b8f245ec	fb237a180cd807cd50302b967394babcc04862892e828c5ce5e2a81b29071d58	2267eb339123284146c45cf41255726e27c7c6967899434089a1f3e9d016b8c8
core::sra_v2_2::theoremqa_083::wrong_precondition	core_audited_marked_sibling	sra_v2_2::theoremqa_083::wrong_precondition	core_marked_sibling	L0_CORE_MARKED_SIBLING	theoremqa	train	1	core_all694_pool	sra_v2_2::theoremqa_083::wrong_precondition::helpful	sra_v2_2::theoremqa_083::wrong_precondition::execution_risk	no	core_admission_carried_forward	core_static_cue_clean_rebuilt	none	2676655227007045cecb8ef73ba2d903173887ff3171a4fe5c927d002935441b	20176e80a0455358900ceae6a3288e630257dee318de5aa0be4142c3b19641dd	d21e6d4b6c176a6ef26af981426784ff37c44056b169b8dd68ab4b82d0cf85ba
core::sra_v2_2::theoremqa_084::wrong_resource_pointer	core_audited_marked_sibling	sra_v2_2::theoremqa_084::wrong_resource_pointer	core_marked_sibling	L0_CORE_MARKED_SIBLING	theoremqa	test	1	core_all694_pool	sra_v2_2::theoremqa_084::wrong_resource_pointer::helpful	sra_v2_2::theoremqa_084::wrong_resource_pointer::execution_risk	no	core_admission_carried_forward	core_static_cue_clean_rebuilt	none	b687ef883e0af485841b1deb2ac9be49114750286933c2943fc9d69b6d80dfa5	a5a48012eeb15dd46011a8baf9e00c228cb69cf31a20888db0b1f7e281e1ec11	8e30d02f10c0e37b3dddecfb450c979d5bf27bd0ef2516f4de1aeb984de1775f
core::sra_v2_2::theoremqa_085::wrong_resource_pointer	core_audited_marked_sibling	sra_v2_2::theoremqa_085::wrong_resource_pointer	core_marked_sibling	L0_CORE_MARKED_SIBLING	theoremqa	train	1	core_all694_pool	sra_v2_2::theoremqa_085::wrong_resource_pointer::helpful	sra_v2_2::theoremqa_085::wrong_resource_pointer::execution_risk	no	core_admission_carried_forward	core_static_cue_clean_rebuilt	none	8653db1e8717c801c3e1f182fb8270dd7b649d8339590126f6a5242ff29c70ca	d19a9677fe6b798c305a2dc0c0a12600f3f22f828aa691f0793ca497a9e1b0b9	1992b2d0b8de163c5302113fc785c869e37d6d964e2a61d7177712bf46a5a163
core::sra_v2_2::theoremqa_086::wrong_precondition	core_audited_marked_sibling	sra_v2_2::theoremqa_086::wrong_precondition	core_marked_sibling	L0_CORE_MARKED_SIBLING	theoremqa	train	1	core_all694_pool	sra_v2_2::theoremqa_086::wrong_precondition::helpful	sra_v2_2::theoremqa_086::wrong_precondition::execution_risk	no	core_admission_carried_forward	core_static_cue_clean_rebuilt	none	f4eaff43b5191148c25d61b2bdb3d2b32f6cac5a383647a9b9e3c32d92c23ee8	8529e29d80bdd9746f675a976fa801bf7377fecf851b70194210c9056a195e12	51395efff0cceea3c226fb16a7be499c81c010e82cd8bb9561727736589873e0
core::sra_v2_2::theoremqa_087::wrong_resource_pointer	core_audited_marked_sibling	sra_v2_2::theoremqa_087::wrong_resource_pointer	core_marked_sibling	L0_CORE_MARKED_SIBLING	theoremqa	train	1	core_all694_pool	sra_v2_2::theoremqa_087::wrong_resource_pointer::helpful	sra_v2_2::theoremqa_087::wrong_resource_pointer::execution_risk	no	core_admission_carried_forward	core_static_cue_clean_rebuilt	none	eff4ed8ff35845a633e33da694ec35e1a903c62795a55f1106ac79a23db08a45	149077bdf05ce157cd5f420fe2f8ea6955aa5203ff70713455a0a65265256611	545bcedaafdf17fee2823c3a22d079e34a9e0123f2a2143fadb0e44ec5b2ebd8
core::sra_v2_2::theoremqa_088::wrong_resource_pointer	core_audited_marked_sibling	sra_v2_2::theoremqa_088::wrong_resource_pointer	core_marked_sibling	L0_CORE_MARKED_SIBLING	theoremqa	train	1	core_all694_pool	sra_v2_2::theoremqa_088::wrong_resource_pointer::helpful	sra_v2_2::theoremqa_088::wrong_resource_pointer::execution_risk	no	core_admission_carried_forward	core_static_cue_clean_rebuilt	none	310acf6dd04ddf3d88eedde8a1e1abca5c5d856f639d226472c5d327306a0e61	493dcc2b34e77ea54577a9a6ab165f344c444938cdb7b130e8e38a6516212a52	1c65b53859e277d614dee50547e34d19a7126355f53c1512312db05ded132233
core::sra_v2_2::theoremqa_089::wrong_precondition	core_audited_marked_sibling	sra_v2_2::theoremqa_089::wrong_precondition	core_marked_sibling	L0_CORE_MARKED_SIBLING	theoremqa	train	1	core_all694_pool	sra_v2_2::theoremqa_089::wrong_precondition::helpful	sra_v2_2::theoremqa_089::wrong_precondition::execution_risk	no	core_admission_carried_forward	core_static_cue_clean_rebuilt	none	cc3f79e601351466aca473d5e1e5a36503d18e7588c1666c9a4691950edc8bf9	3c8be299a7a229cfc37a57f929d23ef05cb7ec691334a55c0999a03b03dd44fa	166592a21eeb707a045db5098154f3ddde89012c73e8b80ada98773422eefbf8
core::sra_v2_2::theoremqa_090::wrong_precondition	core_audited_marked_sibling	sra_v2_2::theoremqa_090::wrong_precondition	core_marked_sibling	L0_CORE_MARKED_SIBLING	theoremqa	train	1	core_all694_pool	sra_v2_2::theoremqa_090::wrong_precondition::helpful	sra_v2_2::theoremqa_090::wrong_precondition::execution_risk	no	core_admission_carried_forward	core_static_cue_clean_rebuilt	none	2540f27684834cec55e49ad2f8df6d8d5c5382a207fc9d63c5a7f1b385236e92	44b26743f97b8aa5c518c8ffdd27a05c7a27450b4c54e4c19cd64c4e5bfaaaac	2364b6cffef9ebe67f584d805aa2149bfb90c242f927b9dcd5d8342f186712fd
core::sra_v2_2::theoremqa_091::wrong_resource_pointer	core_audited_marked_sibling	sra_v2_2::theoremqa_091::wrong_resource_pointer	core_marked_sibling	L0_CORE_MARKED_SIBLING	theoremqa	train	1	core_all694_pool	sra_v2_2::theoremqa_091::wrong_resource_pointer::helpful	sra_v2_2::theoremqa_091::wrong_resource_pointer::execution_risk	no	core_admission_carried_forward	core_static_cue_clean_rebuilt	none	74b651160ed0492d3381f31e8782a7b9fb4ebcc3c299c7ecb72908c392f5dc79	62e203c59fe9ac1c62735228f015f7902461fb789dbe9cf46ccfb6e602528393	a2a2c26da84a60e5e675809bffa6ade39b5c3d349bb86c230541866774aba312
core::sra_v2_2::theoremqa_092::wrong_precondition	core_audited_marked_sibling	sra_v2_2::theoremqa_092::wrong_precondition	core_marked_sibling	L0_CORE_MARKED_SIBLING	theoremqa	train	1	core_all694_pool	sra_v2_2::theoremqa_092::wrong_precondition::helpful	sra_v2_2::theoremqa_092::wrong_precondition::execution_risk	no	core_admission_carried_forward	core_static_cue_clean_rebuilt	none	55df63eb83e156172596ab8776191e6e032e4e7efbd2caeee28ad50d724310b7	5f2e1ba2e83fa75185260410e60284adddbe43c2899639c266b771819f9787af	6bda2842146a4b415543dbf2e2e53ac4c17d767225aec70be0c946bd6c7651a0
core::sra_v2_2::theoremqa_093::wrong_resource_pointer	core_audited_marked_sibling	sra_v2_2::theoremqa_093::wrong_resource_pointer	core_marked_sibling	L0_CORE_MARKED_SIBLING	theoremqa	train	1	core_all694_pool	sra_v2_2::theoremqa_093::wrong_resource_pointer::helpful	sra_v2_2::theoremqa_093::wrong_resource_pointer::execution_risk	no	core_admission_carried_forward	core_static_cue_clean_rebuilt	none	9c624f5967599a26cf0ed226c8ad5d9692ebacd51cdf0dbd298a54cbc886153c	556d23405c0b40c832d9dbf46470a997f07b80f5b1a09b950529ed892797ff59	a1f271811dde675e2566ca76dae6b59946103b64d4074f46077478bed4e847d1
core::sra_v2_2::theoremqa_094::wrong_precondition	core_audited_marked_sibling	sra_v2_2::theoremqa_094::wrong_precondition	core_marked_sibling	L0_CORE_MARKED_SIBLING	theoremqa	train	1	core_all694_pool	sra_v2_2::theoremqa_094::wrong_precondition::helpful	sra_v2_2::theoremqa_094::wrong_precondition::execution_risk	no	core_admission_carried_forward	core_static_cue_clean_rebuilt	none	3ad3ec705b91f6b5a8c883708300c53f9556646a1f0060128a638cb8b86aace5	7ca6cb6f289396cb1fc14181ddb3f085fa09e03dac7bd622cea1a6454719fca0	4088c701826bfc45d8ac3b903f659fd6b40d58a31804f0661dca1f0999b2d33a
core::sra_v2_2::theoremqa_095::wrong_resource_pointer	core_audited_marked_sibling	sra_v2_2::theoremqa_095::wrong_resource_pointer	core_marked_sibling	L0_CORE_MARKED_SIBLING	theoremqa	dev	1	core_all694_pool	sra_v2_2::theoremqa_095::wrong_resource_pointer::helpful	sra_v2_2::theoremqa_095::wrong_resource_pointer::execution_risk	no	core_admission_carried_forward	core_static_cue_clean_rebuilt	none	b69888f979a5b88206182cf9820011928d59edea6c25d6f43cfa18e5cfdb46da	d19f2deb302813e29119c1a25cd6106b189bc4b4b86cb3cef26880e8ab45be20	19b845176f0a4973d94569616ff899711bf8208ea35120d5c1683cd1294dedac
core::sra_v2_2::theoremqa_096::wrong_precondition	core_audited_marked_sibling	sra_v2_2::theoremqa_096::wrong_precondition	core_marked_sibling	L0_CORE_MARKED_SIBLING	theoremqa	train	1	core_all694_pool	sra_v2_2::theoremqa_096::wrong_precondition::helpful	sra_v2_2::theoremqa_096::wrong_precondition::execution_risk	no	core_admission_carried_forward	core_static_cue_clean_rebuilt	none	8777295285d1cdb1f1523fdf8d96fd2d1cb6cbb6f1a6afa957ab908ef2c0833b	a2fb93d77ae00b0ae5c8c35d12b97ac521f6dd3a6fd8af4dbb5cfecd080769c9	0dca0a9b96bfa5b9aa0a897e94c7842e970037c5757e01a84e9e6d5f368d9ae6
core::sra_v2_2::theoremqa_097::wrong_resource_pointer	core_audited_marked_sibling	sra_v2_2::theoremqa_097::wrong_resource_pointer	core_marked_sibling	L0_CORE_MARKED_SIBLING	theoremqa	train	1	core_all694_pool	sra_v2_2::theoremqa_097::wrong_resource_pointer::helpful	sra_v2_2::theoremqa_097::wrong_resource_pointer::execution_risk	no	core_admission_carried_forward	core_static_cue_clean_rebuilt	none	3878394aaf64a8c6ccefaf406e646a3342dba8edfee6f1da8b77a6f2419038eb	6acf804d9a16eda68d5855a6ddf27eab588803c946aa771e869765b28eeed01f	7a1b9399fb6d3706d6efd6ea7f76c4a68d48d05495087881e0e53c457c7ecb1f
core::sra_v2_2::theoremqa_098::wrong_resource_pointer	core_audited_marked_sibling	sra_v2_2::theoremqa_098::wrong_resource_pointer	core_marked_sibling	L0_CORE_MARKED_SIBLING	theoremqa	dev	1	core_all694_pool	sra_v2_2::theoremqa_098::wrong_resource_pointer::helpful	sra_v2_2::theoremqa_098::wrong_resource_pointer::execution_risk	no	core_admission_carried_forward	core_static_cue_clean_rebuilt	none	4c596466a71ac48288dc5198f58e285e662beb6f7140f9a61f72b28ee79310ef	bd6e5ee27a17f6763226965549d1ceeae573043eee8939c19365de0e20863fa7	af4c1de92e554be103d91f696818abcac2474cf590aa0e722f81ffa1f0ecda83
core::sra_v2_2::theoremqa_099::wrong_resource_pointer	core_audited_marked_sibling	sra_v2_2::theoremqa_099::wrong_resource_pointer	core_marked_sibling	L0_CORE_MARKED_SIBLING	theoremqa	train	1	core_all694_pool	sra_v2_2::theoremqa_099::wrong_resource_pointer::helpful	sra_v2_2::theoremqa_099::wrong_resource_pointer::execution_risk	no	core_admission_carried_forward	core_static_cue_clean_rebuilt	none	945cf9d767eff570076ddf97e4723919afaff2e1a9403aae06344ed2ad82e65a	ffb883cdfc37e81ac315453bbcb5210709ced8dc3e40dbb0928e237251a3aacc	afdf5508ab758766dd1eb215de2223d0110a56da649fcf68790128ee990581ae
core::sra_v2_2::theoremqa_100::wrong_precondition	core_audited_marked_sibling	sra_v2_2::theoremqa_100::wrong_precondition	core_marked_sibling	L0_CORE_MARKED_SIBLING	theoremqa	dev	1	core_all694_pool	sra_v2_2::theoremqa_100::wrong_precondition::helpful	sra_v2_2::theoremqa_100::wrong_precondition::execution_risk	no	core_admission_carried_forward	core_static_cue_clean_rebuilt	none	0ee966feb510dfbc3e0036d1e98a8ed0d9f2b8504486d3d576df39a921d7e5a4	088320a21156785c5dc12cf210da21d1607a161bf2673027a5c6f2b31c25a34d	b9610bc0603cf901422abc20b5105677a8a7bf18d9ae73a081b52a9347e3034c
core::sra_v2_2::theoremqa_101::wrong_precondition	core_audited_marked_sibling	sra_v2_2::theoremqa_101::wrong_precondition	core_marked_sibling	L0_CORE_MARKED_SIBLING	theoremqa	test	1	core_all694_pool	sra_v2_2::theoremqa_101::wrong_precondition::helpful	sra_v2_2::theoremqa_101::wrong_precondition::execution_risk	no	core_admission_carried_forward	core_static_cue_clean_rebuilt	none	f1fa980b6da7c024c9a1d210ede0ad724025ac5b1490f0cb1b99c972e295aa58	4312aa34b3420e7f092be77e4ca3a9d08e5bbdef79a61e83f5e83902119ba748	a0482e94a0b78f3c5bb2474cba02a74263a035e189c35c7b3c9bd26a011c764c
core::sra_v2_2::theoremqa_102::wrong_resource_pointer	core_audited_marked_sibling	sra_v2_2::theoremqa_102::wrong_resource_pointer	core_marked_sibling	L0_CORE_MARKED_SIBLING	theoremqa	train	1	core_all694_pool	sra_v2_2::theoremqa_102::wrong_resource_pointer::helpful	sra_v2_2::theoremqa_102::wrong_resource_pointer::execution_risk	no	core_admission_carried_forward	core_static_cue_clean_rebuilt	none	01a978473bf752137d83ca87a9a3358fe0ace869ab0ce6864da4b2d18bd490bd	5c4673b4f221d82450916b1e88058abd6d7003ee86cdd30b5c4eb053e84622ad	294e28746c3944ef04f1a9f1152911e3531686c6843b39b8b3b63c2c4799cf00
core::sra_v2_2::theoremqa_103::wrong_resource_pointer	core_audited_marked_sibling	sra_v2_2::theoremqa_103::wrong_resource_pointer	core_marked_sibling	L0_CORE_MARKED_SIBLING	theoremqa	train	1	core_all694_pool	sra_v2_2::theoremqa_103::wrong_resource_pointer::helpful	sra_v2_2::theoremqa_103::wrong_resource_pointer::execution_risk	no	core_admission_carried_forward	core_static_cue_clean_rebuilt	none	141370d51a97d0d31a0334841cb1293bcf1b6df87a7942d81156eaaeece42ce9	022440a92c4cec9a78123deb55a259ae71743da0cca84abf5eada5c408896958	15cb038441d6fc28f2ff6800b897acb7c6dae1b91ebe188cc079acb7df6004a0
core::sra_v2_2::theoremqa_104::wrong_precondition	core_audited_marked_sibling	sra_v2_2::theoremqa_104::wrong_precondition	core_marked_sibling	L0_CORE_MARKED_SIBLING	theoremqa	train	1	core_all694_pool	sra_v2_2::theoremqa_104::wrong_precondition::helpful	sra_v2_2::theoremqa_104::wrong_precondition::execution_risk	no	core_admission_carried_forward	core_static_cue_clean_rebuilt	none	b309dfe7873591efc4ddb79b1936530ccaa7b80e293766e321647552ce60e597	ec4ad2fcdea730ef86d727a90d99560b36318a6fa6f767e23823ebbbe949e35c	b06e1359a55ad327c978407f4666d63ca187c91c77cad0247be67769d4b8a743
core::sra_v2_2::theoremqa_105::wrong_resource_pointer	core_audited_marked_sibling	sra_v2_2::theoremqa_105::wrong_resource_pointer	core_marked_sibling	L0_CORE_MARKED_SIBLING	theoremqa	dev	1	core_all694_pool	sra_v2_2::theoremqa_105::wrong_resource_pointer::helpful	sra_v2_2::theoremqa_105::wrong_resource_pointer::execution_risk	no	core_admission_carried_forward	core_static_cue_clean_rebuilt	none	9ae50a20ac76e1dc57df8dbd479351b2933f1e44375f3996d677b2f389f74593	84c6a5beb9705b29a6b5c669ffb8282649afa53a9d4e8eab8bbac964f16f7d42	b742aaf0867398188406175821b81d75dbdeae42449c898da6f43fce7ed5d646
core::sra_v2_2::theoremqa_106::wrong_precondition	core_audited_marked_sibling	sra_v2_2::theoremqa_106::wrong_precondition	core_marked_sibling	L0_CORE_MARKED_SIBLING	theoremqa	train	1	core_all694_pool	sra_v2_2::theoremqa_106::wrong_precondition::helpful	sra_v2_2::theoremqa_106::wrong_precondition::execution_risk	no	core_admission_carried_forward	core_static_cue_clean_rebuilt	none	dd93309c01b3e0c8e231bd4b7f3c45111649611cc0242635112a2272e2ae3488	67adaf93a35a5ea86f879dee34e7ca4b0f4e430b62b772e63373902dc42d47ec	601802661fa864f32175d71c33cdd18de62ac50d35ad75a54c37c0f3a1fbd2af
core::sra_v2_2::theoremqa_107::wrong_precondition	core_audited_marked_sibling	sra_v2_2::theoremqa_107::wrong_precondition	core_marked_sibling	L0_CORE_MARKED_SIBLING	theoremqa	train	1	core_all694_pool	sra_v2_2::theoremqa_107::wrong_precondition::helpful	sra_v2_2::theoremqa_107::wrong_precondition::execution_risk	no	core_admission_carried_forward	core_static_cue_clean_rebuilt	none	f7d3bf6ee396cf479aeaaba2ffe81d5ed3ea28060e87f848ad0cf75fa485891c	39f58f37088867f683531c6a26b3fb4249aeb3e3fceb9c711194d8f1bedbceee	8b84ffd07bb84cf71ef7a3166143a5b32cccd659f697fce9d6b7791048be7701
core::sra_v2_2::theoremqa_108::wrong_resource_pointer	core_audited_marked_sibling	sra_v2_2::theoremqa_108::wrong_resource_pointer	core_marked_sibling	L0_CORE_MARKED_SIBLING	theoremqa	test	1	core_all694_pool	sra_v2_2::theoremqa_108::wrong_resource_pointer::helpful	sra_v2_2::theoremqa_108::wrong_resource_pointer::execution_risk	no	core_admission_carried_forward	core_static_cue_clean_rebuilt	none	9e479bab0ae3cf1434ce9089764b9dedbdb9e3fb48d658ea020ee1b330fa5436	4bfd63293f4465c8be70e1714a1b6fcd0beb4b226faa6b1327a41ddc8ba901b8	78799278827a553926fa122126327f7e72e6e7586fde97ab0d6b91862634cb63
core::sra_v2_2::theoremqa_109::wrong_precondition	core_audited_marked_sibling	sra_v2_2::theoremqa_109::wrong_precondition	core_marked_sibling	L0_CORE_MARKED_SIBLING	theoremqa	test	1	core_all694_pool	sra_v2_2::theoremqa_109::wrong_precondition::helpful	sra_v2_2::theoremqa_109::wrong_precondition::execution_risk	no	core_admission_carried_forward	core_static_cue_clean_rebuilt	none	c47b4fd67a5c7670cff2a8cff1fd289303b54b0f9657ca11e61d35a50b8df241	826e43a797cd86509f99d4a23f2c0ac3161b0f7c16dcd35e30382f8f421e40f8	5f9617c6d17f1843897a616ba9da7c9e4a84d42f940d37929b7c873f975ee824
core::sra_v2_2::theoremqa_110::wrong_precondition	core_audited_marked_sibling	sra_v2_2::theoremqa_110::wrong_precondition	core_marked_sibling	L0_CORE_MARKED_SIBLING	theoremqa	train	1	core_all694_pool	sra_v2_2::theoremqa_110::wrong_precondition::helpful	sra_v2_2::theoremqa_110::wrong_precondition::execution_risk	no	core_admission_carried_forward	core_static_cue_clean_rebuilt	none	6d14accfd448d7f03ee04cea419d6ffbd32ea7878664812d073489e4a129e5c3	569370065177c9f3d38fb8502e41417cc961cae4b525b298e6422cd6e0d2842c	956b632bf8fa236a1726c74c06fda19da2d05371150ec07482913873a53afda3
core::sra_v2_2::theoremqa_111::wrong_resource_pointer	core_audited_marked_sibling	sra_v2_2::theoremqa_111::wrong_resource_pointer	core_marked_sibling	L0_CORE_MARKED_SIBLING	theoremqa	train	1	core_all694_pool	sra_v2_2::theoremqa_111::wrong_resource_pointer::helpful	sra_v2_2::theoremqa_111::wrong_resource_pointer::execution_risk	no	core_admission_carried_forward	core_static_cue_clean_rebuilt	none	4ddc1ed5b6de05ca49ade8fec50462e0eac695fac0fe31ab3b1415b6adc9bc35	44d268fe8c8c4541f0e698683ca9d0f37b2cd792d40e4b3255d7ffcc43aa2836	dd4c4a2de95c132c1c580e723474314aa7529e6b39437324079dea286149868f
core::sra_v2_2::theoremqa_112::wrong_resource_pointer	core_audited_marked_sibling	sra_v2_2::theoremqa_112::wrong_resource_pointer	core_marked_sibling	L0_CORE_MARKED_SIBLING	theoremqa	train	1	core_all694_pool	sra_v2_2::theoremqa_112::wrong_resource_pointer::helpful	sra_v2_2::theoremqa_112::wrong_resource_pointer::execution_risk	no	core_admission_carried_forward	core_static_cue_clean_rebuilt	none	b6d3176f62061f14a9e6085629eb1b78b3ff4a132db4b3121f7380479faf22fc	65ec90e8ce71473f3792fd29e7a7c346a34ef2f6e8b3d1dee253eff75fd30c85	d32f7394a928c8301128a76694e17e51ced806313528e9517eca95982d6cae19
core::sra_v2_2::theoremqa_113::wrong_precondition	core_audited_marked_sibling	sra_v2_2::theoremqa_113::wrong_precondition	core_marked_sibling	L0_CORE_MARKED_SIBLING	theoremqa	dev	1	core_all694_pool	sra_v2_2::theoremqa_113::wrong_precondition::helpful	sra_v2_2::theoremqa_113::wrong_precondition::execution_risk	no	core_admission_carried_forward	core_static_cue_clean_rebuilt	none	b615648cc58641a28f03629cbaedc5e9ffc2d2218fa9fec5e21d1357747f93a3	795bdb6309abda9d002702c66489f3ea435dc1075a0c8d362b64afcf7f5ab6c7	74edf909fa9d34477b0ade8bed2013be8bb3a74cc7662954dd0afa352ee767b2
core::sra_v2_2::theoremqa_114::wrong_resource_pointer	core_audited_marked_sibling	sra_v2_2::theoremqa_114::wrong_resource_pointer	core_marked_sibling	L0_CORE_MARKED_SIBLING	theoremqa	train	1	core_all694_pool	sra_v2_2::theoremqa_114::wrong_resource_pointer::helpful	sra_v2_2::theoremqa_114::wrong_resource_pointer::execution_risk	no	core_admission_carried_forward	core_static_cue_clean_rebuilt	none	5e48ab6d055749e02df242604d7469cd016af44595bc6b5650d8c23e4ff532c9	f3e0f3955a8ee775e3ce3473fcd218b16da31f59147547e7b4e18bd1d8c0ede5	966d70b77281d2a42778702144b1f45bfdc32b61e079ed6dd3c0baa3f71eb593
core::sra_v2_2::theoremqa_115::wrong_precondition	core_audited_marked_sibling	sra_v2_2::theoremqa_115::wrong_precondition	core_marked_sibling	L0_CORE_MARKED_SIBLING	theoremqa	train	1	core_all694_pool	sra_v2_2::theoremqa_115::wrong_precondition::helpful	sra_v2_2::theoremqa_115::wrong_precondition::execution_risk	no	core_admission_carried_forward	core_static_cue_clean_rebuilt	none	a044d71912e1cf4ca4e02da40a378a2011b6e22fda164da3f3cb9254d8ecfa17	d1f4abb4869838428d5307775b622786c43b937427950450204c50961670f523	7d17bc1f5099b217bbf7bb038d1a7c1d6a061252230eb4e601794234a1d0c6b9
core::sra_v2_2::theoremqa_116::wrong_resource_pointer	core_audited_marked_sibling	sra_v2_2::theoremqa_116::wrong_resource_pointer	core_marked_sibling	L0_CORE_MARKED_SIBLING	theoremqa	train	1	core_all694_pool	sra_v2_2::theoremqa_116::wrong_resource_pointer::helpful	sra_v2_2::theoremqa_116::wrong_resource_pointer::execution_risk	no	core_admission_carried_forward	core_static_cue_clean_rebuilt	none	8b64bdc958cd6dd12e7f6c9e33819c0326b55279e9d0fe916230e1fb4f583df6	92c252077a781f1034806e2feb0836af62a4c4363b9090e2ee8b4498766234ba	b25bda526d390fe3dfb6a009f49610679d010f86d606945f58e0afdecfb72e6a
core::sra_v2_2::theoremqa_117::wrong_precondition	core_audited_marked_sibling	sra_v2_2::theoremqa_117::wrong_precondition	core_marked_sibling	L0_CORE_MARKED_SIBLING	theoremqa	train	1	core_all694_pool	sra_v2_2::theoremqa_117::wrong_precondition::helpful	sra_v2_2::theoremqa_117::wrong_precondition::execution_risk	no	core_admission_carried_forward	core_static_cue_clean_rebuilt	none	c0892befbc01250385649afc1f798116f7a73f5770260c863780e5e9a39cbbc0	108d6d38b20979172cbbfe102d98f23bb5778ea2286d359536bfaa1e6ce050df	825eb7094eec71cc19373103548c406176c4ad9a4e5152b8269d881d5d44912d
core::sra_v2_2::theoremqa_118::wrong_resource_pointer	core_audited_marked_sibling	sra_v2_2::theoremqa_118::wrong_resource_pointer	core_marked_sibling	L0_CORE_MARKED_SIBLING	theoremqa	train	1	core_all694_pool	sra_v2_2::theoremqa_118::wrong_resource_pointer::helpful	sra_v2_2::theoremqa_118::wrong_resource_pointer::execution_risk	no	core_admission_carried_forward	core_static_cue_clean_rebuilt	none	e441feba8020e1cdc04409b6ca836e6218b9272f2b7d6985ef849cf1772d840e	ed50c6c2ff1d128a3df29bcc08a9d122b15ed4380e1f13e549c471b5c5cab7cd	aeea15225a11f63cf1970b7b5458e77f5c1694b7bfffa3903c17945af1d49f4f
core::sra_v2_2::theoremqa_119::wrong_precondition	core_audited_marked_sibling	sra_v2_2::theoremqa_119::wrong_precondition	core_marked_sibling	L0_CORE_MARKED_SIBLING	theoremqa	train	1	core_all694_pool	sra_v2_2::theoremqa_119::wrong_precondition::helpful	sra_v2_2::theoremqa_119::wrong_precondition::execution_risk	no	core_admission_carried_forward	core_static_cue_clean_rebuilt	none	5941a8c6d7b8b364ead14f29aebc086c3b7df5ac4851cc6b79ee44637ba01a46	3977461e892e4bbd4095100e6f959ec8f718c913e54678a9e1f5290feaffca83	c61b63144d36bb3ceff44d938e794d36c3b16e0c55bd8a1e45dcf1a9622bd149
core::sra_v2_2::theoremqa_120::wrong_resource_pointer	core_audited_marked_sibling	sra_v2_2::theoremqa_120::wrong_resource_pointer	core_marked_sibling	L0_CORE_MARKED_SIBLING	theoremqa	train	1	core_all694_pool	sra_v2_2::theoremqa_120::wrong_resource_pointer::helpful	sra_v2_2::theoremqa_120::wrong_resource_pointer::execution_risk	no	core_admission_carried_forward	core_static_cue_clean_rebuilt	none	1503e626c4e31293e6cddd82086b71c06583c5d48a0ce4d3a02bf82a796fb350	d98f39d42e319b6dd6e86dd9133f9bc9f6c6aec3414b7bceee2a9b81b82c8946	e9cdcf460b1841fd0052f6e6983606ad4afcf1607271a8f78dd82c410885b926
core::sra_v2_2::theoremqa_121::wrong_resource_pointer	core_audited_marked_sibling	sra_v2_2::theoremqa_121::wrong_resource_pointer	core_marked_sibling	L0_CORE_MARKED_SIBLING	theoremqa	train	1	core_all694_pool	sra_v2_2::theoremqa_121::wrong_resource_pointer::helpful	sra_v2_2::theoremqa_121::wrong_resource_pointer::execution_risk	no	core_admission_carried_forward	core_static_cue_clean_rebuilt	none	39510ba28d5d8343ab8b4d777ea8be1d3c307968bdef90906716a9497ef878e5	ab8a87be32c335fa3d9a79dd9019cf5822ecc0027ee1a1c862e2f04f74453463	6796bbaf04182b76c66f1268938481915dfe071c976e4ed080e0d5e033730d75
core::sra_v2_2::theoremqa_122::wrong_resource_pointer	core_audited_marked_sibling	sra_v2_2::theoremqa_122::wrong_resource_pointer	core_marked_sibling	L0_CORE_MARKED_SIBLING	theoremqa	dev	1	core_all694_pool	sra_v2_2::theoremqa_122::wrong_resource_pointer::helpful	sra_v2_2::theoremqa_122::wrong_resource_pointer::execution_risk	no	core_admission_carried_forward	core_static_cue_clean_rebuilt	none	1492b3c0210c82f66c64125065e8a1044599ebdbdc898c87cbb64f557f3e5669	7ec2093db6034b9ade4a7ab68c24f594da8d3ee0c19e97046f4d6e0a283d65d2	4d0a61f15086f34775ee0c0277a7d6afbce084430aaba0fb663a865280000cd1
core::sra_v2_2::theoremqa_123::wrong_resource_pointer	core_audited_marked_sibling	sra_v2_2::theoremqa_123::wrong_resource_pointer	core_marked_sibling	L0_CORE_MARKED_SIBLING	theoremqa	train	1	core_all694_pool	sra_v2_2::theoremqa_123::wrong_resource_pointer::helpful	sra_v2_2::theoremqa_123::wrong_resource_pointer::execution_risk	no	core_admission_carried_forward	core_static_cue_clean_rebuilt	none	ee72acfa42ab72a6254650bb99447434f72799ae52cbb6d70c0dfae721d52874	87f8ef6829dcebe009a120579efac4480d5b20bb2fbf0931e971e194ad33c95f	0d1764d0d45128c2280c1361a06cf32dc7d19f335385f360573a6da5774d67cf
core::sra_v2_2::theoremqa_124::wrong_resource_pointer	core_audited_marked_sibling	sra_v2_2::theoremqa_124::wrong_resource_pointer	core_marked_sibling	L0_CORE_MARKED_SIBLING	theoremqa	train	1	core_all694_pool	sra_v2_2::theoremqa_124::wrong_resource_pointer::helpful	sra_v2_2::theoremqa_124::wrong_resource_pointer::execution_risk	no	core_admission_carried_forward	core_static_cue_clean_rebuilt	none	26ced060cf2fa7f4bf7e6b7319ee7a2e8ce29a176c4ae82a273ad29fd2373519	9264a07b1d45eb173336e05286edc560df8e913d983fd41832ce5e8e49869aa6	dbd2e8eefbb9b6f1443232351724703729b671b99e8623487264cd461d616609
core::sra_v2_2::theoremqa_125::wrong_resource_pointer	core_audited_marked_sibling	sra_v2_2::theoremqa_125::wrong_resource_pointer	core_marked_sibling	L0_CORE_MARKED_SIBLING	theoremqa	train	1	core_all694_pool	sra_v2_2::theoremqa_125::wrong_resource_pointer::helpful	sra_v2_2::theoremqa_125::wrong_resource_pointer::execution_risk	no	core_admission_carried_forward	core_static_cue_clean_rebuilt	none	d2b7a842b3fe5b91cc094f96795969968ed003de99c50564baaf9fe90bc9f440	00208f6bde0a59ffdeba9717d911733d8eca692b8ed21f2645d5f0e097ff5805	af73bb9bfe4342f2085ec97fd303ef8be4b18be25705fb0dfedb1e9d61314ebb
core::sra_v2_2::theoremqa_126::wrong_precondition	core_audited_marked_sibling	sra_v2_2::theoremqa_126::wrong_precondition	core_marked_sibling	L0_CORE_MARKED_SIBLING	theoremqa	dev	1	core_all694_pool	sra_v2_2::theoremqa_126::wrong_precondition::helpful	sra_v2_2::theoremqa_126::wrong_precondition::execution_risk	no	core_admission_carried_forward	core_static_cue_clean_rebuilt	none	d4a1ff628018163ba0edd6a761af80d411faf5babdea553847710f472e6f2786	1da0b44788f3c6786045abf67fa2d4654d698bb31a1a47c8a20c834d1d4a5a1b	d34678a05386bb8fc9ef75a42cea72b843302fc8f91911eba46eb73f86a30b48
core::sra_v2_2::theoremqa_127::wrong_resource_pointer	core_audited_marked_sibling	sra_v2_2::theoremqa_127::wrong_resource_pointer	core_marked_sibling	L0_CORE_MARKED_SIBLING	theoremqa	train	1	core_all694_pool	sra_v2_2::theoremqa_127::wrong_resource_pointer::helpful	sra_v2_2::theoremqa_127::wrong_resource_pointer::execution_risk	no	core_admission_carried_forward	core_static_cue_clean_rebuilt	none	5c689a5bc311897ce988d2d8e3da673f20be8e60d1e33f53429db8fe5f65d3e2	7b4f45d4f5145314c1dffb92473cf173914cbe7924520a97a3328e58f9bc89df	bb7ba1cc5784b114822a168f203796b718c957c8e6c42e26478e44f71d5609a9
core::sra_v2_2::theoremqa_128::wrong_resource_pointer	core_audited_marked_sibling	sra_v2_2::theoremqa_128::wrong_resource_pointer	core_marked_sibling	L0_CORE_MARKED_SIBLING	theoremqa	train	1	core_all694_pool	sra_v2_2::theoremqa_128::wrong_resource_pointer::helpful	sra_v2_2::theoremqa_128::wrong_resource_pointer::execution_risk	no	core_admission_carried_forward	core_static_cue_clean_rebuilt	none	6ac7cc59217de2645fd220d7678c6b9e123fa8f0dfd3b70671b6a3d338053217	6ca38acf11f241884ce2946d833309de8060bc926c7f67a4f9215ad0823b1f54	068e24628fbbe266d9455a14c2cbc6cdd8025ed3d3525695ebd501cf20367ecb
core::sra_v2_2::theoremqa_129::wrong_resource_pointer	core_audited_marked_sibling	sra_v2_2::theoremqa_129::wrong_resource_pointer	core_marked_sibling	L0_CORE_MARKED_SIBLING	theoremqa	train	1	core_all694_pool	sra_v2_2::theoremqa_129::wrong_resource_pointer::helpful	sra_v2_2::theoremqa_129::wrong_resource_pointer::execution_risk	no	core_admission_carried_forward	core_static_cue_clean_rebuilt	none	1f39993145fa093c2487cd7c318f2c7f4733cf9c3cbacb30d611a645c6ad3824	19de7ebf1cffb7d561d371bf39a88c6e4ba1dee3b5c04f61d42636e2a253147a	254d5e7a4e17ea6dd7abd0db66e03ca41222f3e2b3d3b25e6955b3602b20e6a6
core::sra_v2_2::theoremqa_130::wrong_precondition	core_audited_marked_sibling	sra_v2_2::theoremqa_130::wrong_precondition	core_marked_sibling	L0_CORE_MARKED_SIBLING	theoremqa	train	1	core_all694_pool	sra_v2_2::theoremqa_130::wrong_precondition::helpful	sra_v2_2::theoremqa_130::wrong_precondition::execution_risk	no	core_admission_carried_forward	core_static_cue_clean_rebuilt	none	6038f89e0554fa58051632f1f9107d864982ef426a67f5846da37a1874d9ccb2	00f125a8d1b372b652e1e5748f1820b0b694b80d1d9c120b4c5bffa26b8eae33	75a8b5953972b27acc556b8c0afb7026beba1949ba6eddc1c513be2e37b89ec5
core::sra_v2_2::theoremqa_131::wrong_resource_pointer	core_audited_marked_sibling	sra_v2_2::theoremqa_131::wrong_resource_pointer	core_marked_sibling	L0_CORE_MARKED_SIBLING	theoremqa	train	1	core_all694_pool	sra_v2_2::theoremqa_131::wrong_resource_pointer::helpful	sra_v2_2::theoremqa_131::wrong_resource_pointer::execution_risk	no	core_admission_carried_forward	core_static_cue_clean_rebuilt	none	48a632e148df061d8db170d2f2afffc75b4cfecd5bf21116c4b802bdb523120d	c9a42eb6a53be5c266b6ebd9abeea583aeab33dc74d3c1b1942a45f4c57d3500	7831416ef8e426cc6d173f8bcf1f10f67f63e6d2b9eef519465c496ad115d26f
core::sra_v2_2::theoremqa_132::wrong_resource_pointer	core_audited_marked_sibling	sra_v2_2::theoremqa_132::wrong_resource_pointer	core_marked_sibling	L0_CORE_MARKED_SIBLING	theoremqa	train	1	core_all694_pool	sra_v2_2::theoremqa_132::wrong_resource_pointer::helpful	sra_v2_2::theoremqa_132::wrong_resource_pointer::execution_risk	no	core_admission_carried_forward	core_static_cue_clean_rebuilt	none	cebeae7923b572d4d3e8f9ea1ce488ae0ebd2cbf387e4d5464dea8175c16e76f	26b28d0842eee54241822904da26ad7b4c825dc66851e8e7d16a16a41c0e1b52	55a2ee667dbeee2d9b070f3bfcfefad7bab519a6012ad3cb8018b9e4413df285
core::sra_v2_2::theoremqa_133::wrong_precondition	core_audited_marked_sibling	sra_v2_2::theoremqa_133::wrong_precondition	core_marked_sibling	L0_CORE_MARKED_SIBLING	theoremqa	train	1	core_all694_pool	sra_v2_2::theoremqa_133::wrong_precondition::helpful	sra_v2_2::theoremqa_133::wrong_precondition::execution_risk	no	core_admission_carried_forward	core_static_cue_clean_rebuilt	none	de3ece0f74cd66a46ca3c8e3b647d2b801f4c4e0ad5938358d81f1cd04931083	44a8117682fe6dd99dd9473d14a11d74fa9c488a94023c9b65d4cdd206111638	84c1ea372775e5563d71d8ed1493ba71d67e5d92ee991654fe9fc6379d5ad9cf
core::sra_v2_2::theoremqa_134::wrong_resource_pointer	core_audited_marked_sibling	sra_v2_2::theoremqa_134::wrong_resource_pointer	core_marked_sibling	L0_CORE_MARKED_SIBLING	theoremqa	train	1	core_all694_pool	sra_v2_2::theoremqa_134::wrong_resource_pointer::helpful	sra_v2_2::theoremqa_134::wrong_resource_pointer::execution_risk	no	core_admission_carried_forward	core_static_cue_clean_rebuilt	none	aca3b8d961eea9518a3250cd110caf39e161452e51a7ef9ddd8101fcd0c5d2b7	62164082f23da1d476c95e8fa4a17e275ade115c6f419f99c8c891241cf617bb	5e2412b8c38b0e837a2cb9f8039c6b7370336030f54cf1fd9b0a09739291d781
core::sra_v2_2::theoremqa_135::wrong_precondition	core_audited_marked_sibling	sra_v2_2::theoremqa_135::wrong_precondition	core_marked_sibling	L0_CORE_MARKED_SIBLING	theoremqa	train	1	core_all694_pool	sra_v2_2::theoremqa_135::wrong_precondition::helpful	sra_v2_2::theoremqa_135::wrong_precondition::execution_risk	no	core_admission_carried_forward	core_static_cue_clean_rebuilt	none	d11acb5289f58fa2f43ccbd81928de1268bdd846575a2975405856a4a9db4d1e	3bd00fb5fcfe19484904559a5044dc9ece043050d40f32dd4a9002327fffd75d	a5d3d6d8abf390a749017da2afac1b75b0a856baaa0796d4e0bb2a5998257d4b
core::sra_v2_2::theoremqa_136::wrong_resource_pointer	core_audited_marked_sibling	sra_v2_2::theoremqa_136::wrong_resource_pointer	core_marked_sibling	L0_CORE_MARKED_SIBLING	theoremqa	train	1	core_all694_pool	sra_v2_2::theoremqa_136::wrong_resource_pointer::helpful	sra_v2_2::theoremqa_136::wrong_resource_pointer::execution_risk	no	core_admission_carried_forward	core_static_cue_clean_rebuilt	none	a017e90e9d4d64dcf5f4c87effebbff651d2a476294368474af14cbc7b33265a	557bd22a1b36f6e50527bbf6e93661ca70baf3df24444bb01240a6b46ec0a824	3a188462e741d89540a02d779d0270cc6ad33f365df7ffd23765b313e363f629
core::sra_v2_2::theoremqa_137::wrong_precondition	core_audited_marked_sibling	sra_v2_2::theoremqa_137::wrong_precondition	core_marked_sibling	L0_CORE_MARKED_SIBLING	theoremqa	test	1	core_all694_pool	sra_v2_2::theoremqa_137::wrong_precondition::helpful	sra_v2_2::theoremqa_137::wrong_precondition::execution_risk	no	core_admission_carried_forward	core_static_cue_clean_rebuilt	none	4e4ce8ed5fa58511844c6214f8c9168aee91478ae9142880f0ce8f25c6dd5853	44b3624a10ff34b8b43397ef2e3ebe3d83422634e09e22d10a470dc4e280cfa6	cd7356a2b4f6b81d27010d8c76bd61994014418263b1b921a93feaa50bfadc4c
core::sra_v2_2::theoremqa_138::wrong_resource_pointer	core_audited_marked_sibling	sra_v2_2::theoremqa_138::wrong_resource_pointer	core_marked_sibling	L0_CORE_MARKED_SIBLING	theoremqa	train	1	core_all694_pool	sra_v2_2::theoremqa_138::wrong_resource_pointer::helpful	sra_v2_2::theoremqa_138::wrong_resource_pointer::execution_risk	no	core_admission_carried_forward	core_static_cue_clean_rebuilt	none	e4fbc9d723cadf8dc74d77acafc991e96ef58f18c10de2b74302eeb6ef532b82	8fa76b8860ac9e06caadc57aeb204ed3ca40f6bc1dae83044a75012e35fe9f97	e7b5f6f5e09c5169809211e839c09085c861038ad953f3edff924bb2a6d0281a
core::sra_v2_2::theoremqa_139::wrong_resource_pointer	core_audited_marked_sibling	sra_v2_2::theoremqa_139::wrong_resource_pointer	core_marked_sibling	L0_CORE_MARKED_SIBLING	theoremqa	train	1	core_all694_pool	sra_v2_2::theoremqa_139::wrong_resource_pointer::helpful	sra_v2_2::theoremqa_139::wrong_resource_pointer::execution_risk	no	core_admission_carried_forward	core_static_cue_clean_rebuilt	none	7015b6fb2fd78845a2443be77181bbaca48e0c69b62a98bf5ecececa6705d12d	1ee1522e257dc574b4d29eb81b0c734b28176f71dcdd7f82a26ad71ff10c7ffa	fc34911055b9f10015b70a73581274b6fa124f3cb6e3949ca9da663bfdaae2b1
core::sra_v2_2::theoremqa_140::wrong_precondition	core_audited_marked_sibling	sra_v2_2::theoremqa_140::wrong_precondition	core_marked_sibling	L0_CORE_MARKED_SIBLING	theoremqa	train	1	core_all694_pool	sra_v2_2::theoremqa_140::wrong_precondition::helpful	sra_v2_2::theoremqa_140::wrong_precondition::execution_risk	no	core_admission_carried_forward	core_static_cue_clean_rebuilt	none	aec527a98ce3799da842ca62606cc922435351c5fe93fa037465076c6062cd76	23669f4bf249fe451a123a70991a39caf9159153070708cc2461d82961911bf4	210ad06355906a44c6b3ff9300bfc803cb21681b85c6739a1d8c800a392c063c
core::sra_v2_2::theoremqa_141::wrong_precondition	core_audited_marked_sibling	sra_v2_2::theoremqa_141::wrong_precondition	core_marked_sibling	L0_CORE_MARKED_SIBLING	theoremqa	train	1	core_all694_pool	sra_v2_2::theoremqa_141::wrong_precondition::helpful	sra_v2_2::theoremqa_141::wrong_precondition::execution_risk	no	core_admission_carried_forward	core_static_cue_clean_rebuilt	none	8addb0ea4a0d4a26a152555c6bb74517200cb5175b8213ec3fd57b4a40b326cf	11ba882336caabf58a4e095db74536d041dda7ba9b9f2abb3f86c91cb182e6aa	d16396201cf640866b92706e8b3986a97da87c376172acf96f64eba3430daf5b
core::sra_v2_2::theoremqa_142::wrong_resource_pointer	core_audited_marked_sibling	sra_v2_2::theoremqa_142::wrong_resource_pointer	core_marked_sibling	L0_CORE_MARKED_SIBLING	theoremqa	train	1	core_all694_pool	sra_v2_2::theoremqa_142::wrong_resource_pointer::helpful	sra_v2_2::theoremqa_142::wrong_resource_pointer::execution_risk	no	core_admission_carried_forward	core_static_cue_clean_rebuilt	none	4f59ebf112b765a9c7d2e50a6ea39690d40bf8e98b851c34e544ffa2fc584199	e11af1d4246a6a6f13353310a2e58292de09aab15ba2992193d0054b5dde1f9a	964389e23aa8319cb3ce76e6a8f4a8bc0a0c9fb5d2b2ae5524750d31a14c5660
core::sra_v2_2::theoremqa_143::wrong_precondition	core_audited_marked_sibling	sra_v2_2::theoremqa_143::wrong_precondition	core_marked_sibling	L0_CORE_MARKED_SIBLING	theoremqa	train	1	core_all694_pool	sra_v2_2::theoremqa_143::wrong_precondition::helpful	sra_v2_2::theoremqa_143::wrong_precondition::execution_risk	no	core_admission_carried_forward	core_static_cue_clean_rebuilt	none	86a3267bf206333a854d0d9a529a03bef319af0c4dd70b7ce3a96a450fccd287	abbe031037b4710ada80c3071b96b84424f5800598e36dcc5ec27baf0ef14dbb	a09c6794f93b775ead010bd96ff5088e9ab70013e72e00010e8123e7be800f05
core::sra_v2_2::theoremqa_144::wrong_precondition	core_audited_marked_sibling	sra_v2_2::theoremqa_144::wrong_precondition	core_marked_sibling	L0_CORE_MARKED_SIBLING	theoremqa	train	1	core_all694_pool	sra_v2_2::theoremqa_144::wrong_precondition::helpful	sra_v2_2::theoremqa_144::wrong_precondition::execution_risk	no	core_admission_carried_forward	core_static_cue_clean_rebuilt	none	82d270801751664a5867d48ffd538bc29e43c169cbab4512ef43a1e9a006d883	26f41e930c73fe0fe23b1da8e6b79230c55656b910d4e1e7176c0f93d937cae2	d7be161770814b9de158e36b7acc01f684c6a8ab66cf55d64426340820678153
core::sra_v2_2::theoremqa_145::poisoned_procedure_clause	core_audited_marked_sibling	sra_v2_2::theoremqa_145::poisoned_procedure_clause	core_marked_sibling	L0_CORE_MARKED_SIBLING	theoremqa	test	1	core_all694_pool	sra_v2_2::theoremqa_145::poisoned_procedure_clause::helpful	sra_v2_2::theoremqa_145::poisoned_procedure_clause::execution_risk	no	core_admission_carried_forward	core_static_cue_clean_rebuilt	none	e6ff103c3f3669d4f81b25be0a9cc3814d1d6a51bd92425f0b86b5c9bd1b6c2d	d2146af313700e4c1e64a9d71a1d5dcda427b4532c79158699e696b6cd7e88bf	47573ecea58a5e4aced8f2fcb2a77404379a30ac4b99bad8a2944db8cd6ae72b
core::sra_v2_2::theoremqa_146::wrong_precondition	core_audited_marked_sibling	sra_v2_2::theoremqa_146::wrong_precondition	core_marked_sibling	L0_CORE_MARKED_SIBLING	theoremqa	test	1	core_all694_pool	sra_v2_2::theoremqa_146::wrong_precondition::helpful	sra_v2_2::theoremqa_146::wrong_precondition::execution_risk	no	core_admission_carried_forward	core_static_cue_clean_rebuilt	none	c5319bcc48f9131dd6459bd2522292390b2d8d669aaec9bf64a30e1798335c11	e4996424ca5ca22a92ae71dedc736359cd7f8366c03a360d92a0305ecf2547cd	073c7e12cdd2c4e4ced7e7277e6a4d00e5131e13218bf24fa175bcccec5b30df
core::sra_v2_2::theoremqa_147::wrong_precondition	core_audited_marked_sibling	sra_v2_2::theoremqa_147::wrong_precondition	core_marked_sibling	L0_CORE_MARKED_SIBLING	theoremqa	train	1	core_all694_pool	sra_v2_2::theoremqa_147::wrong_precondition::helpful	sra_v2_2::theoremqa_147::wrong_precondition::execution_risk	no	core_admission_carried_forward	core_static_cue_clean_rebuilt	none	47ace7b11f3c3a18632ca5b9094909610a91000a46d99d884cdf791d5dd5898f	a22a02ef24862a84e4ddb61c2a7a1fe66b9c1f76ff1646fd303e369bd2aaa37f	bbf659bc72ef547c41437263039eb37c4c09e212c76dfbea1eab0771ba59c0da
core::sra_v2_2::theoremqa_148::wrong_resource_pointer	core_audited_marked_sibling	sra_v2_2::theoremqa_148::wrong_resource_pointer	core_marked_sibling	L0_CORE_MARKED_SIBLING	theoremqa	test	1	core_all694_pool	sra_v2_2::theoremqa_148::wrong_resource_pointer::helpful	sra_v2_2::theoremqa_148::wrong_resource_pointer::execution_risk	no	core_admission_carried_forward	core_static_cue_clean_rebuilt	none	6d3ae058be6b601612ed1b8bcc9e666a6d94d00f3b5b2fd58702c64ed91ccd15	1662e68099ca51eb4aff59f93ad85695d962d6041a09e9b5b44a54177ffdc102	15c867d83673854275b303277552c5cd7b31eee76a3e0855817faf7e746af0f8
core::sra_v2_2::theoremqa_150::wrong_resource_pointer	core_audited_marked_sibling	sra_v2_2::theoremqa_150::wrong_resource_pointer	core_marked_sibling	L0_CORE_MARKED_SIBLING	theoremqa	train	1	core_all694_pool	sra_v2_2::theoremqa_150::wrong_resource_pointer::helpful	sra_v2_2::theoremqa_150::wrong_resource_pointer::execution_risk	no	core_admission_carried_forward	core_static_cue_clean_rebuilt	none	dffe9d9a354f5dd5edb4cf1b38088e79dfdf44d992a53499f98d0b7ad9b242dc	b23aae40133ae07493ac11de24454230d149c86635d7fec273728d8c6483a19e	2ef063ef0b48f869106304724cd1c69edc62b69b2d7f8610a5fc6627c30b7179
core::sra_v2_2::theoremqa_151::wrong_precondition	core_audited_marked_sibling	sra_v2_2::theoremqa_151::wrong_precondition	core_marked_sibling	L0_CORE_MARKED_SIBLING	theoremqa	train	1	core_all694_pool	sra_v2_2::theoremqa_151::wrong_precondition::helpful	sra_v2_2::theoremqa_151::wrong_precondition::execution_risk	no	core_admission_carried_forward	core_static_cue_clean_rebuilt	none	a17d8e705f687e0ab722420fec54458a1206da3347fdfd4adbed2796d903f8b1	399254edcaf0e2b835008fcfd413890ee04f8f7d75e09e44cc57ac4087907a39	1d151acd6a55b14aa6459200dfcca44ea0ca5d28e035121e05846275a6d6ef22
core::sra_v2_2::theoremqa_152::wrong_resource_pointer	core_audited_marked_sibling	sra_v2_2::theoremqa_152::wrong_resource_pointer	core_marked_sibling	L0_CORE_MARKED_SIBLING	theoremqa	dev	1	core_all694_pool	sra_v2_2::theoremqa_152::wrong_resource_pointer::helpful	sra_v2_2::theoremqa_152::wrong_resource_pointer::execution_risk	no	core_admission_carried_forward	core_static_cue_clean_rebuilt	none	e5f519d68d317abfa70e3404ec2968a0e70ccbbd04e2fe800db5809a79b58381	3f2262d2add56d853b28132f47a64b67602d697bea20e4684566cbdd232db50e	5e3f692bc6aaef5a81f360c185dc0b2ec43de0a4055c6b9a2871c803c227d6b7
core::sra_v2_2::theoremqa_153::wrong_precondition	core_audited_marked_sibling	sra_v2_2::theoremqa_153::wrong_precondition	core_marked_sibling	L0_CORE_MARKED_SIBLING	theoremqa	dev	1	core_all694_pool	sra_v2_2::theoremqa_153::wrong_precondition::helpful	sra_v2_2::theoremqa_153::wrong_precondition::execution_risk	no	core_admission_carried_forward	core_static_cue_clean_rebuilt	none	78061fab2698d282ae9771eb8fdbe833548d0a2cbff511bad8074af4dddb907e	b43c4d1f06c933ba93748c90019759bf0312a5a8a7e1057bd83605e9de44a0ca	bdfc775db6b9b6ce46a92f3cbcce70b3693ce4a8d398e5011c549cd6d2a986f5
core::sra_v2_2::theoremqa_154::wrong_precondition	core_audited_marked_sibling	sra_v2_2::theoremqa_154::wrong_precondition	core_marked_sibling	L0_CORE_MARKED_SIBLING	theoremqa	test	1	core_all694_pool	sra_v2_2::theoremqa_154::wrong_precondition::helpful	sra_v2_2::theoremqa_154::wrong_precondition::execution_risk	no	core_admission_carried_forward	core_static_cue_clean_rebuilt	none	07d82d8095f543bc516af396e36f5e65dedfbf2212aabb894f1dcf697c68da86	db50aa317ff2d25e4e37210a4424e39bc7cdbeaaf028233f047e58853640e0a3	4e758c61007485c65cc2110338375b3a92db8332d1d17421c775fa88ae6ec787
core::sra_v2_2::theoremqa_155::wrong_resource_pointer	core_audited_marked_sibling	sra_v2_2::theoremqa_155::wrong_resource_pointer	core_marked_sibling	L0_CORE_MARKED_SIBLING	theoremqa	train	1	core_all694_pool	sra_v2_2::theoremqa_155::wrong_resource_pointer::helpful	sra_v2_2::theoremqa_155::wrong_resource_pointer::execution_risk	no	core_admission_carried_forward	core_static_cue_clean_rebuilt	none	ca8b3281af6c8c306de0f043c076cca8bf4fdfed03d8900b4d0820a621366f51	318e621e4c56e6da40df318d59d0549e448e8e2022fc7854ff7fa2cc0dd2a745	29e6a3d3bf4f6d3a015be25fcbe729e70d3729d16547d9721feaf9bf5e66dd08
core::sra_v2_2::theoremqa_156::wrong_resource_pointer	core_audited_marked_sibling	sra_v2_2::theoremqa_156::wrong_resource_pointer	core_marked_sibling	L0_CORE_MARKED_SIBLING	theoremqa	train	1	core_all694_pool	sra_v2_2::theoremqa_156::wrong_resource_pointer::helpful	sra_v2_2::theoremqa_156::wrong_resource_pointer::execution_risk	no	core_admission_carried_forward	core_static_cue_clean_rebuilt	none	ea842d496f840bee5f70934ff1b41734ea43774979088940973347fea8f78f9f	2b3eb56e24e2f7eedd7bb9fa24565c6eee779fc64dcf54419b4c4feb620dff5b	e115df4529dd2951882212f82999de61bed4dd69e2b1196fb0296204db9c2d02
core::sra_v2_2::theoremqa_157::wrong_resource_pointer	core_audited_marked_sibling	sra_v2_2::theoremqa_157::wrong_resource_pointer	core_marked_sibling	L0_CORE_MARKED_SIBLING	theoremqa	test	1	core_all694_pool	sra_v2_2::theoremqa_157::wrong_resource_pointer::helpful	sra_v2_2::theoremqa_157::wrong_resource_pointer::execution_risk	no	core_admission_carried_forward	core_static_cue_clean_rebuilt	none	9ed0128ecb9be588b87f24a37a31d6c8f87c0b591a69b5f1723c66798e942b29	a59e4440a84b68a1f8c984eafe8d9ac9cf8700ae409629d57c49b923cb3464c5	61c41997f4978b248132f5804126becbfb67ae086aeab8168db3464751b60c41
core::sra_v2_2::theoremqa_158::wrong_resource_pointer	core_audited_marked_sibling	sra_v2_2::theoremqa_158::wrong_resource_pointer	core_marked_sibling	L0_CORE_MARKED_SIBLING	theoremqa	train	1	core_all694_pool	sra_v2_2::theoremqa_158::wrong_resource_pointer::helpful	sra_v2_2::theoremqa_158::wrong_resource_pointer::execution_risk	no	core_admission_carried_forward	core_static_cue_clean_rebuilt	none	b08c1707c7fcf05cec9d7e97c57da6180321eb989de5fb88a6dd5a3534440dde	431bdaac298bbd6fbe19e82844410cb5520cdd788d9ceeca566f388b4d4ae83c	0f7b5bd878a8b489e41859533a81907a4020dbb6222338a5caa7b4cbf0232e97
core::sra_v2_2::theoremqa_159::wrong_resource_pointer	core_audited_marked_sibling	sra_v2_2::theoremqa_159::wrong_resource_pointer	core_marked_sibling	L0_CORE_MARKED_SIBLING	theoremqa	train	1	core_all694_pool	sra_v2_2::theoremqa_159::wrong_resource_pointer::helpful	sra_v2_2::theoremqa_159::wrong_resource_pointer::execution_risk	no	core_admission_carried_forward	core_static_cue_clean_rebuilt	none	aab7702f1f819a4562488bbed9b3d704d45a37d13534eb776a9c68e597ed02b4	03eb174e0afbc7193b8347a3184a26c450d2807105596a4f50f1ab9d00e9dc5d	f9b0e20ac4c42761d607ff8dd746b189a4f40545cc9be072b51338f9805bf972
core::sra_v2_2::theoremqa_160::wrong_precondition	core_audited_marked_sibling	sra_v2_2::theoremqa_160::wrong_precondition	core_marked_sibling	L0_CORE_MARKED_SIBLING	theoremqa	train	1	core_all694_pool	sra_v2_2::theoremqa_160::wrong_precondition::helpful	sra_v2_2::theoremqa_160::wrong_precondition::execution_risk	no	core_admission_carried_forward	core_static_cue_clean_rebuilt	none	17218bd5ed37ddc872c31162184304823eed2db463a65170ed2d936fc3e710d8	827d3c45841d550189e2522f3d0571dfd9626de44ad357dccdfff41f451cf44f	afe7ea1d2971e20f903212d30c2abe4d0f3eb9b657f650c89c83861b938ea0b7
core::sra_v2_2::theoremqa_161::wrong_resource_pointer	core_audited_marked_sibling	sra_v2_2::theoremqa_161::wrong_resource_pointer	core_marked_sibling	L0_CORE_MARKED_SIBLING	theoremqa	test	1	core_all694_pool	sra_v2_2::theoremqa_161::wrong_resource_pointer::helpful	sra_v2_2::theoremqa_161::wrong_resource_pointer::execution_risk	no	core_admission_carried_forward	core_static_cue_clean_rebuilt	none	51b244579ee3da4d1968e6af2592b6891abd618d8a08e1957073bde7145dc1ab	ec6e76210b593014da5889fce22af7b38731efd1e4bb921b900e80df0346f5ee	2a40e5b940b18ebd9f15b0a5df7811325010579a0b1450aa475d0449f48d1a12
core::sra_v2_2::theoremqa_162::wrong_resource_pointer	core_audited_marked_sibling	sra_v2_2::theoremqa_162::wrong_resource_pointer	core_marked_sibling	L0_CORE_MARKED_SIBLING	theoremqa	test	1	core_all694_pool	sra_v2_2::theoremqa_162::wrong_resource_pointer::helpful	sra_v2_2::theoremqa_162::wrong_resource_pointer::execution_risk	no	core_admission_carried_forward	core_static_cue_clean_rebuilt	none	942f431140c03ef3cfdd777fbadf21836899e5706eb28b38e8c53bc4299f6e1d	34040aa88e62244e6fcc8fe1cd06b53c6270e0a501f395b6fb440709a276c4dd	8574358e8ae08784a39cfaf772cd3d10ac93d4bd5d77e60e3adfb08d2e2a9d0f
core::sra_v2_2::theoremqa_163::wrong_precondition	core_audited_marked_sibling	sra_v2_2::theoremqa_163::wrong_precondition	core_marked_sibling	L0_CORE_MARKED_SIBLING	theoremqa	train	1	core_all694_pool	sra_v2_2::theoremqa_163::wrong_precondition::helpful	sra_v2_2::theoremqa_163::wrong_precondition::execution_risk	no	core_admission_carried_forward	core_static_cue_clean_rebuilt	none	449de8dbefbad7b801dae2f78d56e426312372215669bbe3c8d94eb1221405be	1edc4be4cff5e969653a7faba5347d1c2adbcfc2cc9b7da62e32820147b1aef8	f9eb2b7bd269b3fcc758758d752d2fba468bf217fa828029c1ec3bb130763b7b
core::sra_v2_2::theoremqa_164::wrong_precondition	core_audited_marked_sibling	sra_v2_2::theoremqa_164::wrong_precondition	core_marked_sibling	L0_CORE_MARKED_SIBLING	theoremqa	train	1	core_all694_pool	sra_v2_2::theoremqa_164::wrong_precondition::helpful	sra_v2_2::theoremqa_164::wrong_precondition::execution_risk	no	core_admission_carried_forward	core_static_cue_clean_rebuilt	none	90bc4ff2449610fee910315147a8f309b8e5c8c44a7c661110970211ee8eb066	57d487829dc267c96391a45876b62626e1532e1ef9b0ebff6df4fd92b736bd72	17f3bf41b3eb29922aff90eb21143a323c6678cbf7e7e66bd480adb92f48cc38
core::sra_v2_2::theoremqa_165::wrong_resource_pointer	core_audited_marked_sibling	sra_v2_2::theoremqa_165::wrong_resource_pointer	core_marked_sibling	L0_CORE_MARKED_SIBLING	theoremqa	test	1	core_all694_pool	sra_v2_2::theoremqa_165::wrong_resource_pointer::helpful	sra_v2_2::theoremqa_165::wrong_resource_pointer::execution_risk	no	core_admission_carried_forward	core_static_cue_clean_rebuilt	none	e406481d7f57e1c9572a1a3d2ec18a7ae96d1f1a0966efd59c19a16a7d3468a3	f8c93c41d075c7c6534acd357d7db560706d6e81ce982279b896f8c074d888b8	a310d22ac8e85ea63fc37e15c961c265a9cad179ae5f7edaa574456fff3d98a0
core::sra_v2_2::theoremqa_166::wrong_precondition	core_audited_marked_sibling	sra_v2_2::theoremqa_166::wrong_precondition	core_marked_sibling	L0_CORE_MARKED_SIBLING	theoremqa	train	1	core_all694_pool	sra_v2_2::theoremqa_166::wrong_precondition::helpful	sra_v2_2::theoremqa_166::wrong_precondition::execution_risk	no	core_admission_carried_forward	core_static_cue_clean_rebuilt	none	cda4307c7a5cb342f8bb5ef0f347ec44c705ae423004ddc29557968af19a9281	87b8307e942e9c6b3b9ecb6ece2c6e72211cfa3b6646d55eb6f8815b896317c1	6c3eff3f5af977efaba4a90441d9990d7efaf595b13140ea3cc82571d41a09df
core::sra_v2_2::theoremqa_167::wrong_precondition	core_audited_marked_sibling	sra_v2_2::theoremqa_167::wrong_precondition	core_marked_sibling	L0_CORE_MARKED_SIBLING	theoremqa	train	1	core_all694_pool	sra_v2_2::theoremqa_167::wrong_precondition::helpful	sra_v2_2::theoremqa_167::wrong_precondition::execution_risk	no	core_admission_carried_forward	core_static_cue_clean_rebuilt	none	64f4df493eb426be39dde3f2ae53e242aeaf8f91333dcd5b0cbf783c39615c29	70eabc131963232bb054806fc6920cfd54557bf5f24889cd4403bf07ab85ed44	ce411fca8505456139443fc87708a0bd6c8abe0fb8cf9a18a70342b8334447aa
core::sra_v2_2::theoremqa_168::wrong_resource_pointer	core_audited_marked_sibling	sra_v2_2::theoremqa_168::wrong_resource_pointer	core_marked_sibling	L0_CORE_MARKED_SIBLING	theoremqa	dev	1	core_all694_pool	sra_v2_2::theoremqa_168::wrong_resource_pointer::helpful	sra_v2_2::theoremqa_168::wrong_resource_pointer::execution_risk	no	core_admission_carried_forward	core_static_cue_clean_rebuilt	none	600460c93afea1cbc33ab87f0d4cf5877a64d31654e853f1dfdd2015787a1978	1f075294a2255933354ef656e6693b96f5b7f80275f803f7d78303fb5a5dc388	29a2bf0d0212fbd538d25b074e0b8874d2bcfab975d97b26ddc60e0b45eef7f4
core::sra_v2_2::theoremqa_169::wrong_precondition	core_audited_marked_sibling	sra_v2_2::theoremqa_169::wrong_precondition	core_marked_sibling	L0_CORE_MARKED_SIBLING	theoremqa	train	1	core_all694_pool	sra_v2_2::theoremqa_169::wrong_precondition::helpful	sra_v2_2::theoremqa_169::wrong_precondition::execution_risk	no	core_admission_carried_forward	core_static_cue_clean_rebuilt	none	191099a2e10ce34a1a60581d3aebf071133302d20567930d07c921622a3e46cc	673ece30c60e7a3e71dff156996b7d0cd6a05b33a152c90bfe48203c614b4961	14090164ee7066ec4a1722548b2b0b8837dbe54b7cceb2716469c34ed50ef169
core::sra_v2_2::theoremqa_170::wrong_precondition	core_audited_marked_sibling	sra_v2_2::theoremqa_170::wrong_precondition	core_marked_sibling	L0_CORE_MARKED_SIBLING	theoremqa	train	1	core_all694_pool	sra_v2_2::theoremqa_170::wrong_precondition::helpful	sra_v2_2::theoremqa_170::wrong_precondition::execution_risk	no	core_admission_carried_forward	core_static_cue_clean_rebuilt	none	5ee2803a6c4b152ff4ea721d94a5f3b6b7d42c515e81feccf3ec6d1ba2a5b681	5e1f230d19c1619336b7094e6f80fdab60f8d1702626dc1b3aa49d33ee7a1e03	2166afe609259c44685bb95b76413a25b1b7499e178b58c02a6515f87e3660a1
core::sra_v2_2::theoremqa_171::wrong_resource_pointer	core_audited_marked_sibling	sra_v2_2::theoremqa_171::wrong_resource_pointer	core_marked_sibling	L0_CORE_MARKED_SIBLING	theoremqa	train	1	core_all694_pool	sra_v2_2::theoremqa_171::wrong_resource_pointer::helpful	sra_v2_2::theoremqa_171::wrong_resource_pointer::execution_risk	no	core_admission_carried_forward	core_static_cue_clean_rebuilt	none	a38f90e105a567482a725b42e6512e05c12568242e6c73aa6ccb96f1cc4ff537	c7a8cd3b2f5df626705acbda19d5a6ca4a3a400565633a17787da5be73c2d44f	ee31fdb5a33827f4f5619455715db98ba9738f4c7f28772902318a52c6664876
core::sra_v2_2::theoremqa_172::wrong_resource_pointer	core_audited_marked_sibling	sra_v2_2::theoremqa_172::wrong_resource_pointer	core_marked_sibling	L0_CORE_MARKED_SIBLING	theoremqa	train	1	core_all694_pool	sra_v2_2::theoremqa_172::wrong_resource_pointer::helpful	sra_v2_2::theoremqa_172::wrong_resource_pointer::execution_risk	no	core_admission_carried_forward	core_static_cue_clean_rebuilt	none	470d79284b8431ae393ccfc7aeeacab017987e7a8f187ed496551703f5afc79b	174ccadff976d6b7d3c3a2243a4938796011837ecbb483cfcc4b86146c180919	52a030d97f053b76a0c4417896242963501c3a82ae00d329e24c6a903caab3cf
core::sra_v2_2::theoremqa_173::wrong_precondition	core_audited_marked_sibling	sra_v2_2::theoremqa_173::wrong_precondition	core_marked_sibling	L0_CORE_MARKED_SIBLING	theoremqa	train	1	core_all694_pool	sra_v2_2::theoremqa_173::wrong_precondition::helpful	sra_v2_2::theoremqa_173::wrong_precondition::execution_risk	no	core_admission_carried_forward	core_static_cue_clean_rebuilt	none	f9ce430ee1368b7f0ce37868e98510ed01fa7ec7a7a8b5e04a3ec68fbc6e9fba	b7dadd5ec148de7f8c114538cabe98f9a6a80be4db3baafda1624e769414bd29	712df1c3fbaaa3dece8596bfa5cbde76b8347b1d60e7674265a8f721f07d47c7
core::sra_v2_2::theoremqa_174::wrong_precondition	core_audited_marked_sibling	sra_v2_2::theoremqa_174::wrong_precondition	core_marked_sibling	L0_CORE_MARKED_SIBLING	theoremqa	train	1	core_all694_pool	sra_v2_2::theoremqa_174::wrong_precondition::helpful	sra_v2_2::theoremqa_174::wrong_precondition::execution_risk	no	core_admission_carried_forward	core_static_cue_clean_rebuilt	none	abfd44b9cf27d2431e1309e20d552f2b1d2a54e5d4d47ee49c1d07253a003d9a	a06af86b234f5df9b19b9f511bda24ee2d666553007e95309c049e38d775fb84	974557574f43e57d320bed555a0d42076c46836f529aca8a36c022c048278afa
core::sra_v2_2::theoremqa_175::wrong_resource_pointer	core_audited_marked_sibling	sra_v2_2::theoremqa_175::wrong_resource_pointer	core_marked_sibling	L0_CORE_MARKED_SIBLING	theoremqa	train	1	core_all694_pool	sra_v2_2::theoremqa_175::wrong_resource_pointer::helpful	sra_v2_2::theoremqa_175::wrong_resource_pointer::execution_risk	no	core_admission_carried_forward	core_static_cue_clean_rebuilt	none	5a7a6e9b8836aa71d4200132bcf32633462e8b09595aeca0157aa260c8c3efda	de227b1a216f6870af592907897321bd4713273998105b7baa8e548c01d6bb5a	6d530c249d3ed7629665deae6c8da2b96ee19bd7c23ea466f7b29e600fded632
core::sra_v2_2::theoremqa_176::wrong_resource_pointer	core_audited_marked_sibling	sra_v2_2::theoremqa_176::wrong_resource_pointer	core_marked_sibling	L0_CORE_MARKED_SIBLING	theoremqa	train	1	core_all694_pool	sra_v2_2::theoremqa_176::wrong_resource_pointer::helpful	sra_v2_2::theoremqa_176::wrong_resource_pointer::execution_risk	no	core_admission_carried_forward	core_static_cue_clean_rebuilt	none	b5a5e2f19a1126f8fef17bcc112b0bbc39bafd5934071e40b1aed58a2a58232c	844ac532ab5973e214f84fdd5a5f8f6fa9857cc059c09bb96ee8b76dd687bba7	172b7599804de1de51859ca3362b0bc70e4522792c8f553ac0490649dc8ad5df
core::sra_v2_2::theoremqa_177::wrong_resource_pointer	core_audited_marked_sibling	sra_v2_2::theoremqa_177::wrong_resource_pointer	core_marked_sibling	L0_CORE_MARKED_SIBLING	theoremqa	train	1	core_all694_pool	sra_v2_2::theoremqa_177::wrong_resource_pointer::helpful	sra_v2_2::theoremqa_177::wrong_resource_pointer::execution_risk	no	core_admission_carried_forward	core_static_cue_clean_rebuilt	none	ec209b8565a92304a084ca53eb49adac793d47132de7a78604974c11cf9b169c	9f309f80c941a103b5aa5ea61a8f1cf5466a9a8d4183c57bd78d766220567e7b	e812977d5c90f2ceebf90c975a1ff8abae082a1071d9cf12f483319dd3ef71fd
core::sra_v2_2::theoremqa_178::wrong_resource_pointer	core_audited_marked_sibling	sra_v2_2::theoremqa_178::wrong_resource_pointer	core_marked_sibling	L0_CORE_MARKED_SIBLING	theoremqa	train	1	core_all694_pool	sra_v2_2::theoremqa_178::wrong_resource_pointer::helpful	sra_v2_2::theoremqa_178::wrong_resource_pointer::execution_risk	no	core_admission_carried_forward	core_static_cue_clean_rebuilt	none	738e691e95821ef46187c0b5190fcfad181d18bbcde0366745771a06df7f4a87	0113e1ac8dd67f24b4fd51fe777faf77498666f19ca4e85828d7b9e076c0a3ff	7880bddc2ae43746949c755b84a731b206dc88f9c3894213f7277ce5cfe87950
core::sra_v2_2::theoremqa_179::wrong_precondition	core_audited_marked_sibling	sra_v2_2::theoremqa_179::wrong_precondition	core_marked_sibling	L0_CORE_MARKED_SIBLING	theoremqa	test	1	core_all694_pool	sra_v2_2::theoremqa_179::wrong_precondition::helpful	sra_v2_2::theoremqa_179::wrong_precondition::execution_risk	no	core_admission_carried_forward	core_static_cue_clean_rebuilt	none	f0ec312bcd2d76b96bab7b178f89c6d0316c9628c8426d38188b3366066a3bd0	9847124e7f81e24b5b7a3ea4af189740dbccb07aa4a655ffa5356a542407245a	60fd6b61f883067fbdf1ed92a7801ab19ecce877f9c882d82795dc51058484d6
core::sra_v2_2::theoremqa_180::wrong_resource_pointer	core_audited_marked_sibling	sra_v2_2::theoremqa_180::wrong_resource_pointer	core_marked_sibling	L0_CORE_MARKED_SIBLING	theoremqa	train	1	core_all694_pool	sra_v2_2::theoremqa_180::wrong_resource_pointer::helpful	sra_v2_2::theoremqa_180::wrong_resource_pointer::execution_risk	no	core_admission_carried_forward	core_static_cue_clean_rebuilt	none	2aa309e8d072959459818939a9637c9041feaac83627214ab2835e4f092a5529	060669d8489e036f02d46bcee56eed3b084ac8712214cd9b421fcc03429ffcf1	ecb67aedbad60de99d3c31fea37b6c2cea719ea9157cbb7224b15afc41ed29b1
core::sra_v2_2::theoremqa_181::wrong_precondition	core_audited_marked_sibling	sra_v2_2::theoremqa_181::wrong_precondition	core_marked_sibling	L0_CORE_MARKED_SIBLING	theoremqa	test	1	core_all694_pool	sra_v2_2::theoremqa_181::wrong_precondition::helpful	sra_v2_2::theoremqa_181::wrong_precondition::execution_risk	no	core_admission_carried_forward	core_static_cue_clean_rebuilt	none	bd209aa3ca85414886dedbee14af910786113b097b8038ddfd2b767503bea52a	c31a7e36df93b4a41e8a36766ae35e9a3bc1210716a30cbf6eac02ea336f6ec7	3981cdf1bdfebe3b638bff3d3e8af157bdc9c8c103cd86455acc9dc6a4032dba
core::sra_v2_2::theoremqa_182::wrong_resource_pointer	core_audited_marked_sibling	sra_v2_2::theoremqa_182::wrong_resource_pointer	core_marked_sibling	L0_CORE_MARKED_SIBLING	theoremqa	train	1	core_all694_pool	sra_v2_2::theoremqa_182::wrong_resource_pointer::helpful	sra_v2_2::theoremqa_182::wrong_resource_pointer::execution_risk	no	core_admission_carried_forward	core_static_cue_clean_rebuilt	none	3954485a68cc085444e3d84a7c0dec52bc2ecf878e3035b899647992d7d7e015	efb8b027cea5ec457eaad2dbd624ad022c3cf91c75f509542f9eae9db7c52528	1ea973bdda1f926b8b0267c4621835e8e379cfff66b451d56452ea82900d524f
core::sra_v2_2::theoremqa_183::wrong_precondition	core_audited_marked_sibling	sra_v2_2::theoremqa_183::wrong_precondition	core_marked_sibling	L0_CORE_MARKED_SIBLING	theoremqa	train	1	core_all694_pool	sra_v2_2::theoremqa_183::wrong_precondition::helpful	sra_v2_2::theoremqa_183::wrong_precondition::execution_risk	no	core_admission_carried_forward	core_static_cue_clean_rebuilt	none	d24ef778a32f0ca83c261d5a9415945b60a4904d751634761b5e220de0757610	ee859b3c9e4b714184b25891d68d43f76d7e2045088f0a2447aa1c5799afa7c8	625a3e24b0468e1fe133a6fc7fc9f90ffbd4c5c71c9b1afc44e1ae7499a57055
core::sra_v2_2::theoremqa_184::wrong_resource_pointer	core_audited_marked_sibling	sra_v2_2::theoremqa_184::wrong_resource_pointer	core_marked_sibling	L0_CORE_MARKED_SIBLING	theoremqa	train	1	core_all694_pool	sra_v2_2::theoremqa_184::wrong_resource_pointer::helpful	sra_v2_2::theoremqa_184::wrong_resource_pointer::execution_risk	no	core_admission_carried_forward	core_static_cue_clean_rebuilt	none	c4f5fac66955aa30a5be386d9d5ddf605c81239b2f32ed1ba2650d51ecdab135	33738678bb613321ae3717bb2c609b8027a4b2e6ff86527edd6dca5bde09358e	1e90ea6fc1b84759cee2da12fc82263cc8f810126f22df47cf10c7c0aefed584
core::sra_v2_2::theoremqa_185::wrong_resource_pointer	core_audited_marked_sibling	sra_v2_2::theoremqa_185::wrong_resource_pointer	core_marked_sibling	L0_CORE_MARKED_SIBLING	theoremqa	train	1	core_all694_pool	sra_v2_2::theoremqa_185::wrong_resource_pointer::helpful	sra_v2_2::theoremqa_185::wrong_resource_pointer::execution_risk	no	core_admission_carried_forward	core_static_cue_clean_rebuilt	none	5755bc6db628313011f0beb3fe08e10c420c39abd23493106704e515e91f42dc	70f3c0481d57601cfca4b48ba9ffd09be0b2529b57c2bcac61e845e88b7e1c22	3c91f7e0237a295db466c587418d86e0aa59ecd6b511e8e5b6fed24997816762
core::sra_v2_2::theoremqa_186::wrong_precondition	core_audited_marked_sibling	sra_v2_2::theoremqa_186::wrong_precondition	core_marked_sibling	L0_CORE_MARKED_SIBLING	theoremqa	train	1	core_all694_pool	sra_v2_2::theoremqa_186::wrong_precondition::helpful	sra_v2_2::theoremqa_186::wrong_precondition::execution_risk	no	core_admission_carried_forward	core_static_cue_clean_rebuilt	none	a64d54ea624ec286a50056be1bfb475d55aeb1dbff8a6c8377018208c52c5327	4f84daff59b9a64ce0884882669d795de66f1f172985a987a632ed6058312c1a	83a5a64ca5bb7d890f582d8693e4fde5c8f6f7f0dd5bc1d8b9fc98baa93981df
core::sra_v2_2::theoremqa_187::wrong_precondition	core_audited_marked_sibling	sra_v2_2::theoremqa_187::wrong_precondition	core_marked_sibling	L0_CORE_MARKED_SIBLING	theoremqa	test	1	core_all694_pool	sra_v2_2::theoremqa_187::wrong_precondition::helpful	sra_v2_2::theoremqa_187::wrong_precondition::execution_risk	no	core_admission_carried_forward	core_static_cue_clean_rebuilt	none	d21d7b2be59073b87e28803189f85c6606d8039b961a815543975cb6c2604b0a	710aea74ab0f4bf00ae93b8033b00596ae6e88038f3295fc8730b637fe7d1577	673609ca7ffb9e69285afc93b7a5998a2fedb83c970f68410185d87f87a8290f
core::sra_v2_2::theoremqa_188::poisoned_procedure_clause	core_audited_marked_sibling	sra_v2_2::theoremqa_188::poisoned_procedure_clause	core_marked_sibling	L0_CORE_MARKED_SIBLING	theoremqa	train	1	core_all694_pool	sra_v2_2::theoremqa_188::poisoned_procedure_clause::helpful	sra_v2_2::theoremqa_188::poisoned_procedure_clause::execution_risk	no	core_admission_carried_forward	core_static_cue_clean_rebuilt	none	5a1c3f319c6d05940a7a995b5b9c6e4190a21c5b59699230c0030b6f05b386eb	e1dcd1606486fb64b94373e95ab760cf502b4be88a4c17bcd68a73a8d2576aa8	493f84627683c9eb445440af3aa1955f21d6fc99497664e2d93ee292266aa67c
core::sra_v2_2::theoremqa_189::wrong_resource_pointer	core_audited_marked_sibling	sra_v2_2::theoremqa_189::wrong_resource_pointer	core_marked_sibling	L0_CORE_MARKED_SIBLING	theoremqa	train	1	core_all694_pool	sra_v2_2::theoremqa_189::wrong_resource_pointer::helpful	sra_v2_2::theoremqa_189::wrong_resource_pointer::execution_risk	no	core_admission_carried_forward	core_static_cue_clean_rebuilt	none	32cf8fa3e16b3c512cbfbe403e811c3f2cf75d17ca938e385ab89fad02397472	4da6e17e7170d2e1dec403234bbbe59a45b09987e569df4ead42fbd14b973cb3	a47112ff07d6c5ea8807206c546a2f94aa00697ae9a7648279c9b0f7b43bf90b
core::sra_v2_2::theoremqa_190::wrong_precondition	core_audited_marked_sibling	sra_v2_2::theoremqa_190::wrong_precondition	core_marked_sibling	L0_CORE_MARKED_SIBLING	theoremqa	test	1	core_all694_pool	sra_v2_2::theoremqa_190::wrong_precondition::helpful	sra_v2_2::theoremqa_190::wrong_precondition::execution_risk	no	core_admission_carried_forward	core_static_cue_clean_rebuilt	none	d150c33a26a7d06981f279a7b2b9db81d5a705bf26a6b6cb6f317c7db58221d4	299dda439f1320c0e9a0938c46a7be03231d85351714f0e41f3edb42382f7741	95e8ee3c4073e8dafb64b4d722429e656c663bdf55618282eb0fbc036dc379b2
core::sra_v2_2::theoremqa_191::wrong_resource_pointer	core_audited_marked_sibling	sra_v2_2::theoremqa_191::wrong_resource_pointer	core_marked_sibling	L0_CORE_MARKED_SIBLING	theoremqa	train	1	core_all694_pool	sra_v2_2::theoremqa_191::wrong_resource_pointer::helpful	sra_v2_2::theoremqa_191::wrong_resource_pointer::execution_risk	no	core_admission_carried_forward	core_static_cue_clean_rebuilt	none	c38f5b541aeda3ed91b0abb5955e4de1e6740fa8ce25fde137a6f77249b05667	dda08d8c163cc9695d0bd01c398729256ba8979e52d5b036887893356126a274	5edbb80606619e7b6cda7797045545c8c7a7bfbc4ecbe193810bb2ea06213d9d
core::sra_v2_2::theoremqa_192::wrong_resource_pointer	core_audited_marked_sibling	sra_v2_2::theoremqa_192::wrong_resource_pointer	core_marked_sibling	L0_CORE_MARKED_SIBLING	theoremqa	train	1	core_all694_pool	sra_v2_2::theoremqa_192::wrong_resource_pointer::helpful	sra_v2_2::theoremqa_192::wrong_resource_pointer::execution_risk	no	core_admission_carried_forward	core_static_cue_clean_rebuilt	none	bcce4f3a127dd112722a2651b06660b80d0157c48aa335c291fcb9cc92e6b171	88de21ca2d1c5a92f3957c93522292ac5e400461244729a5ea4f0d3e5a8d5071	e2f78cee2dc94c20412e8cb3dab297131dacb6bf6d4ac198e9559feb963dc624
core::sra_v2_2::theoremqa_193::wrong_precondition	core_audited_marked_sibling	sra_v2_2::theoremqa_193::wrong_precondition	core_marked_sibling	L0_CORE_MARKED_SIBLING	theoremqa	train	1	core_all694_pool	sra_v2_2::theoremqa_193::wrong_precondition::helpful	sra_v2_2::theoremqa_193::wrong_precondition::execution_risk	no	core_admission_carried_forward	core_static_cue_clean_rebuilt	none	8d29c023aeeb02ea69ca6761a7d8b9962da809adc0f46e204e73dc1bf218e5d2	fd0fc8f7b1239648fbb0c229e353077550d2932a23c7964a9c44013e40e34da9	2bb102a4d79666c916ba8f57a8e5878cd644f86ae5440c16d9cded6a9c3d9760
core::sra_v2_2::theoremqa_194::wrong_resource_pointer	core_audited_marked_sibling	sra_v2_2::theoremqa_194::wrong_resource_pointer	core_marked_sibling	L0_CORE_MARKED_SIBLING	theoremqa	dev	1	core_all694_pool	sra_v2_2::theoremqa_194::wrong_resource_pointer::helpful	sra_v2_2::theoremqa_194::wrong_resource_pointer::execution_risk	no	core_admission_carried_forward	core_static_cue_clean_rebuilt	none	2777c09f7b01603a49bca5af52824ed35bb3814443f1c3596cab2bc192ff13f2	4c335e970a122017ecfe81a4064cc307de932f4abc78c8e850c29125e10b9ca3	5922712145e71cc114c02e8caab48e39ef15350cab65d2a7292163b9b96e3936
core::sra_v2_2::theoremqa_195::wrong_resource_pointer	core_audited_marked_sibling	sra_v2_2::theoremqa_195::wrong_resource_pointer	core_marked_sibling	L0_CORE_MARKED_SIBLING	theoremqa	test	1	core_all694_pool	sra_v2_2::theoremqa_195::wrong_resource_pointer::helpful	sra_v2_2::theoremqa_195::wrong_resource_pointer::execution_risk	no	core_admission_carried_forward	core_static_cue_clean_rebuilt	none	246dda271873d07e0b501d645a51d2503040215b752916361490ca2b2fc14310	398454d81a48edcb37db2cf4b5b097eac1a8c0c0aca97a07bbff99329c98152b	cdf7fd06e357699c3cae7fc43f8413b966ae90db37c3bee5d681f158554d8b46
core::sra_v2_2::theoremqa_196::wrong_resource_pointer	core_audited_marked_sibling	sra_v2_2::theoremqa_196::wrong_resource_pointer	core_marked_sibling	L0_CORE_MARKED_SIBLING	theoremqa	train	1	core_all694_pool	sra_v2_2::theoremqa_196::wrong_resource_pointer::helpful	sra_v2_2::theoremqa_196::wrong_resource_pointer::execution_risk	no	core_admission_carried_forward	core_static_cue_clean_rebuilt	none	5bbbf5a56506f3f0a33846467001549fe4004bbf5334d390121db23e853d4135	ab2a72a719096502dd7c72b66294a0dc4865600a126f9d3b09d5e367ffe11e86	a5e224d0714161a7dd047e169fcd5bba5d360ff140eebd24c79c60a8663ae386
core::sra_v2_2::theoremqa_197::wrong_resource_pointer	core_audited_marked_sibling	sra_v2_2::theoremqa_197::wrong_resource_pointer	core_marked_sibling	L0_CORE_MARKED_SIBLING	theoremqa	train	1	core_all694_pool	sra_v2_2::theoremqa_197::wrong_resource_pointer::helpful	sra_v2_2::theoremqa_197::wrong_resource_pointer::execution_risk	no	core_admission_carried_forward	core_static_cue_clean_rebuilt	none	5e5fc821277f99ccbfa3b3da9926246d3725d902f919f726971255bb37de42af	e381131c7abef04ff518865a4801eb783ea733ea1d263cf0322c9cab22f1f8f0	41d9893a876865212ad6847a46dfe1a84de3b539d4d61f78671793f8c4507a52
core::sra_v2_2::theoremqa_198::wrong_resource_pointer	core_audited_marked_sibling	sra_v2_2::theoremqa_198::wrong_resource_pointer	core_marked_sibling	L0_CORE_MARKED_SIBLING	theoremqa	train	1	core_all694_pool	sra_v2_2::theoremqa_198::wrong_resource_pointer::helpful	sra_v2_2::theoremqa_198::wrong_resource_pointer::execution_risk	no	core_admission_carried_forward	core_static_cue_clean_rebuilt	none	4e1792d1a9bee498df7118fbc0f03dcdb766d7db87622adef83b8a392bd126f6	4d9b56c369c0f29b28550b651c822c61d3b7e0553bc139a8674ec567fe089237	7bfd03578b28a9bbc35814e376f1586d6e6850f935d182382222314dee30802e
core::sra_v2_2::theoremqa_199::poisoned_procedure_clause	core_audited_marked_sibling	sra_v2_2::theoremqa_199::poisoned_procedure_clause	core_marked_sibling	L0_CORE_MARKED_SIBLING	theoremqa	train	1	core_all694_pool	sra_v2_2::theoremqa_199::poisoned_procedure_clause::helpful	sra_v2_2::theoremqa_199::poisoned_procedure_clause::execution_risk	no	core_admission_carried_forward	core_static_cue_clean_rebuilt	none	4a30200e34613f3fb464bc525831b321038f7b12fbdb151fe8d6d3065ccc31c4	9e86aa977f77b75e4d7fbd9fc3d9bd0654fd8e3d6333becacb79970f5ac0dec6	631cbb0fb368b7c34babdd8cc086583b01382a97b094711d4aba9e27d352658a
core::sra_v2_2::theoremqa_200::wrong_precondition	core_audited_marked_sibling	sra_v2_2::theoremqa_200::wrong_precondition	core_marked_sibling	L0_CORE_MARKED_SIBLING	theoremqa	train	1	core_all694_pool	sra_v2_2::theoremqa_200::wrong_precondition::helpful	sra_v2_2::theoremqa_200::wrong_precondition::execution_risk	no	core_admission_carried_forward	core_static_cue_clean_rebuilt	none	a74101b755be972fcf140f5ab793d40425a4ba87fdb84a4137e59e8e5411dd46	98f13af5ca921b2f379eb96b1b209abf56b9fa32ba3892e55c6e5f2ca4c7736d	28b12e037e368f7f9875f1d1dccd87e182486a22b20791e8bfd2bcf3efcff93a
core::sra_v2_2::theoremqa_201::wrong_resource_pointer	core_audited_marked_sibling	sra_v2_2::theoremqa_201::wrong_resource_pointer	core_marked_sibling	L0_CORE_MARKED_SIBLING	theoremqa	train	1	core_all694_pool	sra_v2_2::theoremqa_201::wrong_resource_pointer::helpful	sra_v2_2::theoremqa_201::wrong_resource_pointer::execution_risk	no	core_admission_carried_forward	core_static_cue_clean_rebuilt	none	6ccf56920af0883bb42a7e5ba69cb03c94302cb1921fae3c831cf860f860f77b	4362719601814f50f048abdd9c719873b5dd36d7d617947aa45db359cba20e58	6dc170780915e136938d60c30bcc58b0019110e42507edd9b71d15f1413a6b56
core::sra_v2_2::theoremqa_202::wrong_precondition	core_audited_marked_sibling	sra_v2_2::theoremqa_202::wrong_precondition	core_marked_sibling	L0_CORE_MARKED_SIBLING	theoremqa	test	1	core_all694_pool	sra_v2_2::theoremqa_202::wrong_precondition::helpful	sra_v2_2::theoremqa_202::wrong_precondition::execution_risk	no	core_admission_carried_forward	core_static_cue_clean_rebuilt	none	89cb99a027a342837d51b1b0063ac40ba7f4f06149e86ab3a22915d1a6d96bf8	f3d2d4e4fa5b509f5e0ebefd511bbbfc2628f30cc4e0a8d57b334cfc8993ffe8	8d7ea68066266d7335122da86ea6f2dfe54bc525e95221d9e6a22f91c50e7092
core::sra_v2_2::theoremqa_203::wrong_resource_pointer	core_audited_marked_sibling	sra_v2_2::theoremqa_203::wrong_resource_pointer	core_marked_sibling	L0_CORE_MARKED_SIBLING	theoremqa	test	1	core_all694_pool	sra_v2_2::theoremqa_203::wrong_resource_pointer::helpful	sra_v2_2::theoremqa_203::wrong_resource_pointer::execution_risk	no	core_admission_carried_forward	core_static_cue_clean_rebuilt	none	1192e1a6a48c80e9567d9d1f9e831cdc3cd30034698199bca9e15a2a59b68a75	f01d5b8fe52d87770c82b1d1a242457788c54c08ea233cd1862681d0f6a1410f	2ece2b04b154333edcaacdd637f2fa66c1c43b0cba25c272d0cb72b1cdf9615d
core::sra_v2_2::theoremqa_204::wrong_resource_pointer	core_audited_marked_sibling	sra_v2_2::theoremqa_204::wrong_resource_pointer	core_marked_sibling	L0_CORE_MARKED_SIBLING	theoremqa	train	1	core_all694_pool	sra_v2_2::theoremqa_204::wrong_resource_pointer::helpful	sra_v2_2::theoremqa_204::wrong_resource_pointer::execution_risk	no	core_admission_carried_forward	core_static_cue_clean_rebuilt	none	6428838f5780bae51c3c0980967b65de37a2acb182d4ed13a28be5276124f20a	d0d9c482fba51a166748f82271f731e1840e667196f0656b6e38f982dff53e5c	7c51f19998f42305d4bebbcc9406c305138b4764dea1b74d55e8b81216383cd8
core::sra_v2_2::theoremqa_205::wrong_resource_pointer	core_audited_marked_sibling	sra_v2_2::theoremqa_205::wrong_resource_pointer	core_marked_sibling	L0_CORE_MARKED_SIBLING	theoremqa	train	1	core_all694_pool	sra_v2_2::theoremqa_205::wrong_resource_pointer::helpful	sra_v2_2::theoremqa_205::wrong_resource_pointer::execution_risk	no	core_admission_carried_forward	core_static_cue_clean_rebuilt	none	ebca983b6996c39807a965a6baa6c6a144efa283464ed66ca19dc75f56d0d4f1	01d40ee745507dd99ac26a7addaf62b9595fbc62773a0dff01e8dd1aa44fcc55	8c75e7428c9cf3f37dcdee1746b397ddbd1532be9c6e439be5fdcf011f210fd1
core::sra_v2_2::theoremqa_206::wrong_resource_pointer	core_audited_marked_sibling	sra_v2_2::theoremqa_206::wrong_resource_pointer	core_marked_sibling	L0_CORE_MARKED_SIBLING	theoremqa	test	1	core_all694_pool	sra_v2_2::theoremqa_206::wrong_resource_pointer::helpful	sra_v2_2::theoremqa_206::wrong_resource_pointer::execution_risk	no	core_admission_carried_forward	core_static_cue_clean_rebuilt	none	b0c392a19277f6b644b2a9c16e8b37d503bc409c828e8a1c984a6985690c90f9	cbcb9f7286fbe131086267ff09c201b1b138d2dc2215d3eb3871fc7bc5b7a36a	fe3c6a3f8d47eb1a22c439b904b86c187c042e753550b810a80a25836e050af9
core::sra_v2_2::theoremqa_207::wrong_precondition	core_audited_marked_sibling	sra_v2_2::theoremqa_207::wrong_precondition	core_marked_sibling	L0_CORE_MARKED_SIBLING	theoremqa	dev	1	core_all694_pool	sra_v2_2::theoremqa_207::wrong_precondition::helpful	sra_v2_2::theoremqa_207::wrong_precondition::execution_risk	no	core_admission_carried_forward	core_static_cue_clean_rebuilt	none	edab1267b8b60f9ef08e0d42812d57d9795dca883e11db14da832b7ee40e0c57	b6e2cc9f43943904926d1c24d6751b16c4be8124f73b7a780d60d979c2aef60b	9b1504c4a35ce5138aa2d21ec8a4b735017b2b4077199f96f88fc4b40573de8b
core::sra_v2_2::theoremqa_208::wrong_resource_pointer	core_audited_marked_sibling	sra_v2_2::theoremqa_208::wrong_resource_pointer	core_marked_sibling	L0_CORE_MARKED_SIBLING	theoremqa	test	1	core_all694_pool	sra_v2_2::theoremqa_208::wrong_resource_pointer::helpful	sra_v2_2::theoremqa_208::wrong_resource_pointer::execution_risk	no	core_admission_carried_forward	core_static_cue_clean_rebuilt	none	df1f778307505310c657d5603906808626be94b4cd44631c79790acc0551dc5a	18c65b41712ef83957b9a4091474f51c70f8e589e0ee79e5660f2958a761d12a	5395213cb64f74131a07e3d54b452ad83e5f9999b396cd43d1fad026729d1b84
core::sra_v2_2::theoremqa_209::wrong_resource_pointer	core_audited_marked_sibling	sra_v2_2::theoremqa_209::wrong_resource_pointer	core_marked_sibling	L0_CORE_MARKED_SIBLING	theoremqa	train	1	core_all694_pool	sra_v2_2::theoremqa_209::wrong_resource_pointer::helpful	sra_v2_2::theoremqa_209::wrong_resource_pointer::execution_risk	no	core_admission_carried_forward	core_static_cue_clean_rebuilt	none	51cb852b6dcf1ef43136a3055f126467f0ebb7db8da98f43e15a2c0bf859aa04	7e220a36bd713d1ad301d3a00bed5ed72f0adfcf1dfb20446815043d6fb8d22a	e950169c093e027d43ad9e879f0aff70f68e825bdd1e7e87faea468b916a310b
core::sra_v2_2::theoremqa_210::wrong_resource_pointer	core_audited_marked_sibling	sra_v2_2::theoremqa_210::wrong_resource_pointer	core_marked_sibling	L0_CORE_MARKED_SIBLING	theoremqa	train	1	core_all694_pool	sra_v2_2::theoremqa_210::wrong_resource_pointer::helpful	sra_v2_2::theoremqa_210::wrong_resource_pointer::execution_risk	no	core_admission_carried_forward	core_static_cue_clean_rebuilt	none	a3486cb1a6b4e120aa7d3a28900262e9af683dbef1ebdb5452b1591791b01503	1e84cc77841e861a1d0d469efefb79268af7f6fc8af7333e802e2d393f0cf0dd	bf5a3d84578b0e239efa0c62bf8250a4a9cd31b49db209db4e7c54577ffb5803
core::sra_v2_2::theoremqa_211::wrong_resource_pointer	core_audited_marked_sibling	sra_v2_2::theoremqa_211::wrong_resource_pointer	core_marked_sibling	L0_CORE_MARKED_SIBLING	theoremqa	test	1	core_all694_pool	sra_v2_2::theoremqa_211::wrong_resource_pointer::helpful	sra_v2_2::theoremqa_211::wrong_resource_pointer::execution_risk	no	core_admission_carried_forward	core_static_cue_clean_rebuilt	none	109025462ac1d85b89a28fcd5b14e25c10a9a6686bd88fa332e09dab9ffae653	aac838cbb6fb314e7eb1bb4b3e33823032393c8934f5a012c018c44aa5d36b61	6bf36efaf37dec20112cc45ca891d6884405ba188bc6307115d4666814647a68
core::sra_v2_2::theoremqa_212::wrong_precondition	core_audited_marked_sibling	sra_v2_2::theoremqa_212::wrong_precondition	core_marked_sibling	L0_CORE_MARKED_SIBLING	theoremqa	train	1	core_all694_pool	sra_v2_2::theoremqa_212::wrong_precondition::helpful	sra_v2_2::theoremqa_212::wrong_precondition::execution_risk	no	core_admission_carried_forward	core_static_cue_clean_rebuilt	none	f1eb1e3553235be3abbcbe8b56a3052a0c4bff34d45db636c312a3091f6f86a1	87973901b92677fbd77d7ff04b176f60092758ae6cf2038abf33a3b30f300d0f	48767979f0000f57995e398378736d87ea71fa01a9514817cf70e4559770c2ed
core::sra_v2_2::theoremqa_213::wrong_resource_pointer	core_audited_marked_sibling	sra_v2_2::theoremqa_213::wrong_resource_pointer	core_marked_sibling	L0_CORE_MARKED_SIBLING	theoremqa	train	1	core_all694_pool	sra_v2_2::theoremqa_213::wrong_resource_pointer::helpful	sra_v2_2::theoremqa_213::wrong_resource_pointer::execution_risk	no	core_admission_carried_forward	core_static_cue_clean_rebuilt	none	b2ccef3a6ee15fac4119bfa999869005543fd694f0d8839e2eb1c5480ae37247	b72fe26db204293f7c01137d37817f799e22b282af306f58c314cf389192f84f	39932cb97fe1c2c3fb1acf7bf554f2c4019042e9a123bb4dc604a8f9177e26c5
core::sra_v2_2::theoremqa_214::wrong_resource_pointer	core_audited_marked_sibling	sra_v2_2::theoremqa_214::wrong_resource_pointer	core_marked_sibling	L0_CORE_MARKED_SIBLING	theoremqa	train	1	core_all694_pool	sra_v2_2::theoremqa_214::wrong_resource_pointer::helpful	sra_v2_2::theoremqa_214::wrong_resource_pointer::execution_risk	no	core_admission_carried_forward	core_static_cue_clean_rebuilt	none	af03935b22726d24a3163417a29a853483f8733515d44ea806c3acfdc779636c	1e50afe2033b7ee9d5a4fb1a721562e44d15206b72ac084fea2b1623d627ecb1	61ca26e4e3d876f8f56fa9d94d4bdb47ca264a39c894e788a1e6ea09a0d48b5b
core::sra_v2_2::theoremqa_215::wrong_resource_pointer	core_audited_marked_sibling	sra_v2_2::theoremqa_215::wrong_resource_pointer	core_marked_sibling	L0_CORE_MARKED_SIBLING	theoremqa	train	1	core_all694_pool	sra_v2_2::theoremqa_215::wrong_resource_pointer::helpful	sra_v2_2::theoremqa_215::wrong_resource_pointer::execution_risk	no	core_admission_carried_forward	core_static_cue_clean_rebuilt	none	8779c8ca71150eb0bde86986759ba32371a1b645abb4b873cee6e25528196ebd	81a4ae07ec8037c1737153c55cacc8a256ac98c9e4d615b7b35747afe8f0742d	84414442fc68c946dc552dfee0d311c4d31ac3a01915d23367921e33e4fceadc
core::sra_v2_2::theoremqa_216::wrong_resource_pointer	core_audited_marked_sibling	sra_v2_2::theoremqa_216::wrong_resource_pointer	core_marked_sibling	L0_CORE_MARKED_SIBLING	theoremqa	train	1	core_all694_pool	sra_v2_2::theoremqa_216::wrong_resource_pointer::helpful	sra_v2_2::theoremqa_216::wrong_resource_pointer::execution_risk	no	core_admission_carried_forward	core_static_cue_clean_rebuilt	none	60048e84258e75b32db0dcec323f9230195b28c60ad97853d2075b0f73069bdd	eeeda646ea3db434587daedb3c3bdb7ea1242c793ed3ddaaea71059568c129fc	f9571dfce20e901f34160eee45d67b3d0fa303787a0e476160dd2ea886003dca
core::sra_v2_2::theoremqa_217::wrong_precondition	core_audited_marked_sibling	sra_v2_2::theoremqa_217::wrong_precondition	core_marked_sibling	L0_CORE_MARKED_SIBLING	theoremqa	dev	1	core_all694_pool	sra_v2_2::theoremqa_217::wrong_precondition::helpful	sra_v2_2::theoremqa_217::wrong_precondition::execution_risk	no	core_admission_carried_forward	core_static_cue_clean_rebuilt	none	d8d495295fb4927dc624853d3abe909fa211e321f883849a64727285d2d03b75	e1671d9a8e9134f4870e8387bd12c09e5a6bb19bf12889d39e4d5e7fd05c2ccb	085ede4d5d365d7eea2a603eee9fa7ac0bcabca0cc4fa5f070b51b1b54cb7160
core::sra_v2_2::theoremqa_218::wrong_resource_pointer	core_audited_marked_sibling	sra_v2_2::theoremqa_218::wrong_resource_pointer	core_marked_sibling	L0_CORE_MARKED_SIBLING	theoremqa	train	1	core_all694_pool	sra_v2_2::theoremqa_218::wrong_resource_pointer::helpful	sra_v2_2::theoremqa_218::wrong_resource_pointer::execution_risk	no	core_admission_carried_forward	core_static_cue_clean_rebuilt	none	0e09fab4d266c3cf5de14d9314affd9648bb598fe141f63f49ee46898151853a	3033c00887ce2e1e4710ad3dcfd3c59235ff5584d38e5c51921bdf02fbc070f6	d9c0ed8b61badb7d50f0962c5050e2c360821dd04e72afd1700262fd205442bb
core::sra_v2_2::theoremqa_219::wrong_resource_pointer	core_audited_marked_sibling	sra_v2_2::theoremqa_219::wrong_resource_pointer	core_marked_sibling	L0_CORE_MARKED_SIBLING	theoremqa	train	1	core_all694_pool	sra_v2_2::theoremqa_219::wrong_resource_pointer::helpful	sra_v2_2::theoremqa_219::wrong_resource_pointer::execution_risk	no	core_admission_carried_forward	core_static_cue_clean_rebuilt	none	8946d62ee967a422e45ebef4b1843ba713f753f9a484ff86948944b97db67ba4	69231c75799156fca8ca2b523ae6639cdadf0d75f60a9d02c47c504f572cf612	eb4b8e88e4a277abf1fbb28e7b959f73112f0a7b2d5beba13fd762bf4e42280b
core::sra_v2_2::theoremqa_220::wrong_resource_pointer	core_audited_marked_sibling	sra_v2_2::theoremqa_220::wrong_resource_pointer	core_marked_sibling	L0_CORE_MARKED_SIBLING	theoremqa	train	1	core_all694_pool	sra_v2_2::theoremqa_220::wrong_resource_pointer::helpful	sra_v2_2::theoremqa_220::wrong_resource_pointer::execution_risk	no	core_admission_carried_forward	core_static_cue_clean_rebuilt	none	d8dd40c5ef8d1074418c12e98a89a95e99bd0380390546cbd37eee2abddb626c	548a246c1d732f3d099539963f5aad376918eb7c03602fb4c1129ebe7067f60e	213ab8e9cd6281052d968e72acc379e29dbea7aaf42dc17d24227c49095dfd04
core::sra_v2_2::theoremqa_221::wrong_precondition	core_audited_marked_sibling	sra_v2_2::theoremqa_221::wrong_precondition	core_marked_sibling	L0_CORE_MARKED_SIBLING	theoremqa	train	1	core_all694_pool	sra_v2_2::theoremqa_221::wrong_precondition::helpful	sra_v2_2::theoremqa_221::wrong_precondition::execution_risk	no	core_admission_carried_forward	core_static_cue_clean_rebuilt	none	a4d3d33e4d4b34f90be713b885343dcaa8a2eb9975d47403db90c7d83a8c1a06	ef0882d064f0a08f3a59a08cf64ef6e422abab92b209c34536510f2464871bc0	2e1ce9da36f27b52bc9a6f0060dae08968986c79367962b1248c73756f381304
core::sra_v2_2::theoremqa_222::wrong_resource_pointer	core_audited_marked_sibling	sra_v2_2::theoremqa_222::wrong_resource_pointer	core_marked_sibling	L0_CORE_MARKED_SIBLING	theoremqa	train	1	core_all694_pool	sra_v2_2::theoremqa_222::wrong_resource_pointer::helpful	sra_v2_2::theoremqa_222::wrong_resource_pointer::execution_risk	no	core_admission_carried_forward	core_static_cue_clean_rebuilt	none	f932b77bea5a496008622a6ffab1de7ee235f9a2f061dd61e6953c18ec6bb2ad	75ec3437352aed26a0227896c581190b740a1fa1e9694eadf23c494558af3183	b8a047e68b52120bbd700e015f1e59413311f487d7b6ebdbd57d530fb35e4fbc
core::sra_v2_2::theoremqa_223::wrong_precondition	core_audited_marked_sibling	sra_v2_2::theoremqa_223::wrong_precondition	core_marked_sibling	L0_CORE_MARKED_SIBLING	theoremqa	test	1	core_all694_pool	sra_v2_2::theoremqa_223::wrong_precondition::helpful	sra_v2_2::theoremqa_223::wrong_precondition::execution_risk	no	core_admission_carried_forward	core_static_cue_clean_rebuilt	none	9c6820af5f93abfbbd5341dadbcf94fce3fb907dbd6de3533d9a5167bdc20a8f	05d62e0ecd6b9f935c2e333874dd63a23f2f4cd49135cc529e4c2ba85317ea8e	b6d0b8ade41549b24d066ae0deb770f5116eecd9bc2a9903d16aa4858960b320
core::sra_v2_2::theoremqa_224::poisoned_procedure_clause	core_audited_marked_sibling	sra_v2_2::theoremqa_224::poisoned_procedure_clause	core_marked_sibling	L0_CORE_MARKED_SIBLING	theoremqa	train	1	core_all694_pool	sra_v2_2::theoremqa_224::poisoned_procedure_clause::helpful	sra_v2_2::theoremqa_224::poisoned_procedure_clause::execution_risk	no	core_admission_carried_forward	core_static_cue_clean_rebuilt	none	62d5d0440d7c521b6436c2e132838ecc9cde2a93d56a6d8601868a21bc1d536b	71f7356f8d46997e93cebe0bf68b99b263e8bb13f87b57417f988d8be2785e39	15715caa465dc733b7ce8bbfcebb8b4552dbcc26abf9ab9d2a63cf6c44a8bedc
core::sra_v2_2::theoremqa_225::wrong_precondition	core_audited_marked_sibling	sra_v2_2::theoremqa_225::wrong_precondition	core_marked_sibling	L0_CORE_MARKED_SIBLING	theoremqa	train	1	core_all694_pool	sra_v2_2::theoremqa_225::wrong_precondition::helpful	sra_v2_2::theoremqa_225::wrong_precondition::execution_risk	no	core_admission_carried_forward	core_static_cue_clean_rebuilt	none	ad48ba98d038196a6810dc06fa3938aaeef2137ea96105e787058de85b525d04	a14c0a7828098922ed71c467d3804bb2b486241581dde919d20ebbccce3a254d	c88db91ac1098d9ea337536031347597fe987253b75f68c0b83cde6f51f3e867
core::sra_v2_2::theoremqa_226::wrong_precondition	core_audited_marked_sibling	sra_v2_2::theoremqa_226::wrong_precondition	core_marked_sibling	L0_CORE_MARKED_SIBLING	theoremqa	train	1	core_all694_pool	sra_v2_2::theoremqa_226::wrong_precondition::helpful	sra_v2_2::theoremqa_226::wrong_precondition::execution_risk	no	core_admission_carried_forward	core_static_cue_clean_rebuilt	none	9c26df9af45af134a4abcec504300303fb05dc27c22cf8e9ea9c5c25ae50df43	171954c5853b8deba96925bd9cbe9d30436f6198e2b31f93f6a989931575978d	87d4d00217e13685db8c112ef1b5af4267cd8d925bddd8f20b4aa8fa4c72bc2c
core::sra_v2_2::theoremqa_227::wrong_resource_pointer	core_audited_marked_sibling	sra_v2_2::theoremqa_227::wrong_resource_pointer	core_marked_sibling	L0_CORE_MARKED_SIBLING	theoremqa	dev	1	core_all694_pool	sra_v2_2::theoremqa_227::wrong_resource_pointer::helpful	sra_v2_2::theoremqa_227::wrong_resource_pointer::execution_risk	no	core_admission_carried_forward	core_static_cue_clean_rebuilt	none	90db4dc2b023bbfad6acb51db1da94ff51fea1c8342a21096c254dec39aa9515	e01e8e268e162f9efcb1c914af0402c340ea8f9c674c8e38e2827b834e7771f3	782389ddfe941325a381e1121a0254ff9da7f15c9bba59877a2f3732c4b35780
core::sra_v2_2::theoremqa_228::wrong_resource_pointer	core_audited_marked_sibling	sra_v2_2::theoremqa_228::wrong_resource_pointer	core_marked_sibling	L0_CORE_MARKED_SIBLING	theoremqa	train	1	core_all694_pool	sra_v2_2::theoremqa_228::wrong_resource_pointer::helpful	sra_v2_2::theoremqa_228::wrong_resource_pointer::execution_risk	no	core_admission_carried_forward	core_static_cue_clean_rebuilt	none	6da32fb41d9a4d862ef50dcaffe14336d323b89b972fd40218b484a6cd9cbe50	757583b60fed708fd4166a7a8097b26afb747d68706457ad255fc376c34c2113	a158b98e1d2acbe9f5e2f822e99b1a1a8fda0e768200428c67ff11be4c81ad87
core::sra_v2_2::theoremqa_229::wrong_precondition	core_audited_marked_sibling	sra_v2_2::theoremqa_229::wrong_precondition	core_marked_sibling	L0_CORE_MARKED_SIBLING	theoremqa	train	1	core_all694_pool	sra_v2_2::theoremqa_229::wrong_precondition::helpful	sra_v2_2::theoremqa_229::wrong_precondition::execution_risk	no	core_admission_carried_forward	core_static_cue_clean_rebuilt	none	ad08b9c2faa32c905178452f4dfaa5a3b680deec30a201a906bcc170f26dc418	64fb96b066922251a0c9e0b42b9d6205884c9be53417d2b9e1a226a3cc5e8b4e	9d64ba9e599b9e5ff6d95c83af1c03b4897a0f3c90d020d979cda1a2083e6d0d
core::sra_v2_2::theoremqa_230::wrong_resource_pointer	core_audited_marked_sibling	sra_v2_2::theoremqa_230::wrong_resource_pointer	core_marked_sibling	L0_CORE_MARKED_SIBLING	theoremqa	train	1	core_all694_pool	sra_v2_2::theoremqa_230::wrong_resource_pointer::helpful	sra_v2_2::theoremqa_230::wrong_resource_pointer::execution_risk	no	core_admission_carried_forward	core_static_cue_clean_rebuilt	none	87d270a1d0c3e485b207d6f0904dc558c7c0298d451ce45e687d2c1bc8db20a1	f9ed608fd027dfbfea9d226d94d1fa8693e145f410b359cb54f3f2381a33566e	8dc01e2f605cbd1672f5445bf7414be06370f3820dcfe3cda452c8e77b6f55c2
core::sra_v2_2::theoremqa_231::poisoned_procedure_clause	core_audited_marked_sibling	sra_v2_2::theoremqa_231::poisoned_procedure_clause	core_marked_sibling	L0_CORE_MARKED_SIBLING	theoremqa	test	1	core_all694_pool	sra_v2_2::theoremqa_231::poisoned_procedure_clause::helpful	sra_v2_2::theoremqa_231::poisoned_procedure_clause::execution_risk	no	core_admission_carried_forward	core_static_cue_clean_rebuilt	none	c81b77fbf9e15a92ae61accef75a5c3dd3702ba4d3229084097f9acf28656bc3	e7fc9c41827271ca29d1e04f2b4c3e23c508634b69d097d3fd087c873b9cab7d	ce4d779e596df3b4f930d9b14c1b1a2ca2bd5e5bdce8ce562e68e198f9303012
core::sra_v2_2::theoremqa_232::wrong_precondition	core_audited_marked_sibling	sra_v2_2::theoremqa_232::wrong_precondition	core_marked_sibling	L0_CORE_MARKED_SIBLING	theoremqa	test	1	core_all694_pool	sra_v2_2::theoremqa_232::wrong_precondition::helpful	sra_v2_2::theoremqa_232::wrong_precondition::execution_risk	no	core_admission_carried_forward	core_static_cue_clean_rebuilt	none	e806834b455100089b0f92d6c705ede8e6684a6b008bd76bd7604fbbf53bc0b8	c72addc6af08a9e6fc96c773a9b6273e403b7f94cf038257672ae6c927d8c3b8	2dd8e0cfc329d1a6e655401e7866142959a7255e585026b7513ede7f32ce91aa
core::sra_v2_2::theoremqa_233::wrong_precondition	core_audited_marked_sibling	sra_v2_2::theoremqa_233::wrong_precondition	core_marked_sibling	L0_CORE_MARKED_SIBLING	theoremqa	train	1	core_all694_pool	sra_v2_2::theoremqa_233::wrong_precondition::helpful	sra_v2_2::theoremqa_233::wrong_precondition::execution_risk	no	core_admission_carried_forward	core_static_cue_clean_rebuilt	none	afe290384b73df9b189a57447bd35d5c33e8f8ddea839179ace4e996dfc6123f	3429ef5380cb55ee06101a5cdcbc98e95774ff8301fbbb0502a768c25dd65058	346a3be3274b8866cd2299435bf25a9ae0813e2dafbd529d3e847ee093bda6a0
core::sra_v2_2::theoremqa_234::misleading_example	core_audited_marked_sibling	sra_v2_2::theoremqa_234::misleading_example	core_marked_sibling	L0_CORE_MARKED_SIBLING	theoremqa	test	1	core_all694_pool	sra_v2_2::theoremqa_234::misleading_example::helpful	sra_v2_2::theoremqa_234::misleading_example::execution_risk	no	core_admission_carried_forward	core_static_cue_clean_rebuilt	none	283d6404911ed130f317e8a06ada0114cb5bafcc01f485a141ce2f85f24389a3	8e1a7f1adebab42dab993502cbfdeae4759b2693e9f976d2ad64cb01e9a4beb1	f86c7650d8adcd94bfacaf1912a9c27e48ffccc978bf453fb2b50d929c6eca8f
core::sra_v2_2::theoremqa_235::wrong_precondition	core_audited_marked_sibling	sra_v2_2::theoremqa_235::wrong_precondition	core_marked_sibling	L0_CORE_MARKED_SIBLING	theoremqa	dev	1	core_all694_pool	sra_v2_2::theoremqa_235::wrong_precondition::helpful	sra_v2_2::theoremqa_235::wrong_precondition::execution_risk	no	core_admission_carried_forward	core_static_cue_clean_rebuilt	none	baa9788cfab88d46e6aa097b73fcf637c22fd8eaa6e2155ff0cb2f790d4ed189	4b3361e7e96757661252a8a6b53a57011755ceab4b58c02cc55cbcf067d999d3	3bce7cc1fee27b8724bd9dbe43c2870be4e3f440e188a1a00474858794485ea7
core::sra_v2_2::theoremqa_236::wrong_resource_pointer	core_audited_marked_sibling	sra_v2_2::theoremqa_236::wrong_resource_pointer	core_marked_sibling	L0_CORE_MARKED_SIBLING	theoremqa	train	1	core_all694_pool	sra_v2_2::theoremqa_236::wrong_resource_pointer::helpful	sra_v2_2::theoremqa_236::wrong_resource_pointer::execution_risk	no	core_admission_carried_forward	core_static_cue_clean_rebuilt	none	ed1961ef87fd46bdd7ae973515efc25054032e7b24e02c69015c3e9e5f436aff	3338f09638bf24cd0fe9c003ec0f3edc2ba0385a1f41685b1caa9eb9ec9d3210	ea710a85f661faec502ad641d79a16d9dd870f531191755ecec533154382362c
core::sra_v2_2::theoremqa_237::wrong_resource_pointer	core_audited_marked_sibling	sra_v2_2::theoremqa_237::wrong_resource_pointer	core_marked_sibling	L0_CORE_MARKED_SIBLING	theoremqa	train	1	core_all694_pool	sra_v2_2::theoremqa_237::wrong_resource_pointer::helpful	sra_v2_2::theoremqa_237::wrong_resource_pointer::execution_risk	no	core_admission_carried_forward	core_static_cue_clean_rebuilt	none	afc5f5cf9b9571bf97bad35806f1401d215a40875cc70bbea3e691886d57b5d2	333abf72749242b65fe8740e569a594db9c984a4a5280a31d1297d38f133afc6	5565d081e978ddf6877b4895a2caeb1caa6a981f94a078579e825912862f4753
core::sra_v2_2::theoremqa_238::wrong_resource_pointer	core_audited_marked_sibling	sra_v2_2::theoremqa_238::wrong_resource_pointer	core_marked_sibling	L0_CORE_MARKED_SIBLING	theoremqa	train	1	core_all694_pool	sra_v2_2::theoremqa_238::wrong_resource_pointer::helpful	sra_v2_2::theoremqa_238::wrong_resource_pointer::execution_risk	no	core_admission_carried_forward	core_static_cue_clean_rebuilt	none	10c1021a1810a40ba250c8229a3cd85aa383b1046ac498d9341384c5594b3170	c4c0279b1ebcdd60fafc5de718bddc5fb136b8f50dfc42fdd00e1007a3fd11e6	ab03f34d6b0f95f19c2f074c1267b619baef13241bdacd9b3d3e7dd60cd6ac6f
core::sra_v2_2::theoremqa_239::wrong_resource_pointer	core_audited_marked_sibling	sra_v2_2::theoremqa_239::wrong_resource_pointer	core_marked_sibling	L0_CORE_MARKED_SIBLING	theoremqa	train	1	core_all694_pool	sra_v2_2::theoremqa_239::wrong_resource_pointer::helpful	sra_v2_2::theoremqa_239::wrong_resource_pointer::execution_risk	no	core_admission_carried_forward	core_static_cue_clean_rebuilt	none	cfe1351d9bc8de012201acbe56f7dbfc9b32d0b74269126bd1e8041fc8517f3a	3eea742379589ef06fa1b2ca2c46bf4712b15cc1435fb985d0a078950eb2aa36	dc5effcbc63a9e576ab464c01016ae5d1b5d36cd5f724e1d892a2873c73b80e9
core::sra_v2_2::theoremqa_240::wrong_resource_pointer	core_audited_marked_sibling	sra_v2_2::theoremqa_240::wrong_resource_pointer	core_marked_sibling	L0_CORE_MARKED_SIBLING	theoremqa	train	1	core_all694_pool	sra_v2_2::theoremqa_240::wrong_resource_pointer::helpful	sra_v2_2::theoremqa_240::wrong_resource_pointer::execution_risk	no	core_admission_carried_forward	core_static_cue_clean_rebuilt	none	c1b8ba71e6f4d33f7bcac128a0f7b1a5375d2633366641e51b32f44d2e3688b7	c411c38ac16951c5889ea9122087781a5bf36a4a5e6677c23cf962601d247130	ae6f73909a520b74fe5db04b51e10cf3422e0dd22d8a687c6d10dce181d6e6ff
core::sra_v2_2::theoremqa_241::wrong_resource_pointer	core_audited_marked_sibling	sra_v2_2::theoremqa_241::wrong_resource_pointer	core_marked_sibling	L0_CORE_MARKED_SIBLING	theoremqa	train	1	core_all694_pool	sra_v2_2::theoremqa_241::wrong_resource_pointer::helpful	sra_v2_2::theoremqa_241::wrong_resource_pointer::execution_risk	no	core_admission_carried_forward	core_static_cue_clean_rebuilt	none	6afcd85bb833710e186e0bac3b4ad2aa0fcd510ed89b66ab7877fd0e41bc2a5c	dd831a1fb6948ed2d8dddde58a30c0253b64cb23c5eb60fab62a2e5bfb5b521d	06e0081f2e24d9edb3b76c844040f8c084105143a8e109b62f3a96e05148b2ec
core::sra_v2_2::theoremqa_242::wrong_resource_pointer	core_audited_marked_sibling	sra_v2_2::theoremqa_242::wrong_resource_pointer	core_marked_sibling	L0_CORE_MARKED_SIBLING	theoremqa	train	1	core_all694_pool	sra_v2_2::theoremqa_242::wrong_resource_pointer::helpful	sra_v2_2::theoremqa_242::wrong_resource_pointer::execution_risk	no	core_admission_carried_forward	core_static_cue_clean_rebuilt	none	f7f72fa37c1b516179a48789b6854332fc96e9e93337059701412cb89d62bdc8	2d62ad5b99b41acc073bc975c2465c8e73b97749c129347ce7c9a2f7a6b72a87	67aaf62be833c943fc2dca22da6eec2020d7858acc63fd78d5845f454560cec8
core::sra_v2_2::theoremqa_243::wrong_resource_pointer	core_audited_marked_sibling	sra_v2_2::theoremqa_243::wrong_resource_pointer	core_marked_sibling	L0_CORE_MARKED_SIBLING	theoremqa	train	1	core_all694_pool	sra_v2_2::theoremqa_243::wrong_resource_pointer::helpful	sra_v2_2::theoremqa_243::wrong_resource_pointer::execution_risk	no	core_admission_carried_forward	core_static_cue_clean_rebuilt	none	6424ce66ccd2db58c1bdc9929b841271b3ac698d29765ea500e7970294439bee	6cba43cefd5886e914c57ccc4a6a61804f6e8f65bec4e790056f1b8f457247b3	513ada4316e906b479c4965bae14f5cc782869adf151cca65e231ce5fe7eed11
core::sra_v2_2::theoremqa_244::wrong_precondition	core_audited_marked_sibling	sra_v2_2::theoremqa_244::wrong_precondition	core_marked_sibling	L0_CORE_MARKED_SIBLING	theoremqa	train	1	core_all694_pool	sra_v2_2::theoremqa_244::wrong_precondition::helpful	sra_v2_2::theoremqa_244::wrong_precondition::execution_risk	no	core_admission_carried_forward	core_static_cue_clean_rebuilt	none	7f3451a8f548020d4c23b8da7e2a3d68ce8e60f5716956cb44c65cde0fef2413	f4ad04efe2330afd153f199ab81392a048ba29218853eb0d35125821a8fe94d1	c6ba1913308ad4c84b43695c7edc5d26a5d96d1fbcab94dff6083fd1d7a75d90
core::sra_v2_2::theoremqa_245::wrong_resource_pointer	core_audited_marked_sibling	sra_v2_2::theoremqa_245::wrong_resource_pointer	core_marked_sibling	L0_CORE_MARKED_SIBLING	theoremqa	train	1	core_all694_pool	sra_v2_2::theoremqa_245::wrong_resource_pointer::helpful	sra_v2_2::theoremqa_245::wrong_resource_pointer::execution_risk	no	core_admission_carried_forward	core_static_cue_clean_rebuilt	none	c4ed7993d96da6589f177efb4eaa0d7265809b686ad1e9854e6dd4ed73724e00	be3bf307b90718aab055a04e6ebad2228852f56b0e94b203a698bc1a1ebfb336	ea7ba575b4c9a0b2a5e3679ad8218dfdd85696fc3bc0665d34d0641820177430
core::sra_v2_2::theoremqa_246::wrong_resource_pointer	core_audited_marked_sibling	sra_v2_2::theoremqa_246::wrong_resource_pointer	core_marked_sibling	L0_CORE_MARKED_SIBLING	theoremqa	train	1	core_all694_pool	sra_v2_2::theoremqa_246::wrong_resource_pointer::helpful	sra_v2_2::theoremqa_246::wrong_resource_pointer::execution_risk	no	core_admission_carried_forward	core_static_cue_clean_rebuilt	none	f3c19251140a34333f967bf54c0fbe00bff4380300860001cdddd24e2819893a	e5f87e493d7a86ee9a4e7be590327a95ad60db6003ccec083c8250158fa8f913	8afdee628c96abc439bfac23453f903e5689d2f8232ce8e485c09e0ba6476d4a
core::sra_v2_2::theoremqa_247::wrong_precondition	core_audited_marked_sibling	sra_v2_2::theoremqa_247::wrong_precondition	core_marked_sibling	L0_CORE_MARKED_SIBLING	theoremqa	dev	1	core_all694_pool	sra_v2_2::theoremqa_247::wrong_precondition::helpful	sra_v2_2::theoremqa_247::wrong_precondition::execution_risk	no	core_admission_carried_forward	core_static_cue_clean_rebuilt	none	3a4603586c062c12ad1e7805ba6292ea01ba3d5b27e3d40f73d75cda4d79cdd3	c3b0546bfed4f2b649d315ed908deb6039d65ba23ed025c5c97bffddb196a0c8	59c1cc0e60fa52d2ac7e289c49595092d420dcaa3847ede6af8c3f1cb9158f53
core::sra_v2_2::theoremqa_248::wrong_resource_pointer	core_audited_marked_sibling	sra_v2_2::theoremqa_248::wrong_resource_pointer	core_marked_sibling	L0_CORE_MARKED_SIBLING	theoremqa	train	1	core_all694_pool	sra_v2_2::theoremqa_248::wrong_resource_pointer::helpful	sra_v2_2::theoremqa_248::wrong_resource_pointer::execution_risk	no	core_admission_carried_forward	core_static_cue_clean_rebuilt	none	f57d45511c905e42bb897759152994c719af5402a23abb65b6eac6552c39d242	9175d701b16b30f621f45e072c530ea53ccdacf0da573b7d3b0be3708d93f5f8	2204e2c4e835743c1f3d3c2d376d628835ca7301739e6056ff5f5a6ea30ae4f5
core::sra_v2_2::theoremqa_249::wrong_precondition	core_audited_marked_sibling	sra_v2_2::theoremqa_249::wrong_precondition	core_marked_sibling	L0_CORE_MARKED_SIBLING	theoremqa	train	1	core_all694_pool	sra_v2_2::theoremqa_249::wrong_precondition::helpful	sra_v2_2::theoremqa_249::wrong_precondition::execution_risk	no	core_admission_carried_forward	core_static_cue_clean_rebuilt	none	d95103b7a66672758489128efb47d42b93f542a524489d06a16ebb7ffc8799c1	7046d75f39018d3e58282db52af68437c6cf5d0ad78f2d2fe28917dcfd558299	ac6b97cd43692d4be731d8e1c019e0284c2ec7f339abe6fd31a7c94c2e59cc84
core::sra_v2_2::theoremqa_250::wrong_precondition	core_audited_marked_sibling	sra_v2_2::theoremqa_250::wrong_precondition	core_marked_sibling	L0_CORE_MARKED_SIBLING	theoremqa	train	1	core_all694_pool	sra_v2_2::theoremqa_250::wrong_precondition::helpful	sra_v2_2::theoremqa_250::wrong_precondition::execution_risk	no	core_admission_carried_forward	core_static_cue_clean_rebuilt	none	4a39ed8a1a6e96315902ad468494c000122efd6517c1f05dd6f7f35c90da9f2a	dcd0f381eae67254052d1167f83c9e88b1aff3fe3e0841c0c92a18a187890e6e	fe48dfb6dd43acf0a37638753df4e8704d796e39485e3f68a66f141f654843b2
core::sra_v2_2::theoremqa_251::wrong_precondition	core_audited_marked_sibling	sra_v2_2::theoremqa_251::wrong_precondition	core_marked_sibling	L0_CORE_MARKED_SIBLING	theoremqa	test	1	core_all694_pool	sra_v2_2::theoremqa_251::wrong_precondition::helpful	sra_v2_2::theoremqa_251::wrong_precondition::execution_risk	no	core_admission_carried_forward	core_static_cue_clean_rebuilt	none	bdc4511e186b9c9974d6460255bff87d91e2b683fe0413a38f3adf5a5517557c	10b7cd1079d261cc7d5614f824b0cb918cfd9b5a97a40868f11a1f08918efa51	9d7d4bd2c791c13b0bbfa526ae8e0a3b4e8bbbf182d3c39381ea138c3f718e85
core::sra_v2_2::theoremqa_252::poisoned_procedure_clause	core_audited_marked_sibling	sra_v2_2::theoremqa_252::poisoned_procedure_clause	core_marked_sibling	L0_CORE_MARKED_SIBLING	theoremqa	train	1	core_all694_pool	sra_v2_2::theoremqa_252::poisoned_procedure_clause::helpful	sra_v2_2::theoremqa_252::poisoned_procedure_clause::execution_risk	no	core_admission_carried_forward	core_static_cue_clean_rebuilt	none	776eab3cbfacd298f3170aedbcf9f09dafc5530d7896a901ee8d58ac1c04da50	f9844c4485c77a8588579b9c6099cd8b72dd370b2dd44f8cd3dda96252373cde	cd29ea7f85e0faa016eaa9408843c83044c65d4fd17ca3cb92cae1dcdfb7f182
core::sra_v2_2::theoremqa_253::wrong_precondition	core_audited_marked_sibling	sra_v2_2::theoremqa_253::wrong_precondition	core_marked_sibling	L0_CORE_MARKED_SIBLING	theoremqa	train	1	core_all694_pool	sra_v2_2::theoremqa_253::wrong_precondition::helpful	sra_v2_2::theoremqa_253::wrong_precondition::execution_risk	no	core_admission_carried_forward	core_static_cue_clean_rebuilt	none	4e40555491b5ab0602d54e9907037d582d623c56aa4de622c90066a20a380730	dccb8f4c64d902cbb185a00993f07d0f572eb90a1d960abf5138ec482608e5d0	429f136a0dbe6c5ccc180b970cf802a0d0ed870b9a499863046857e76326890c
core::sra_v2_2::theoremqa_254::wrong_resource_pointer	core_audited_marked_sibling	sra_v2_2::theoremqa_254::wrong_resource_pointer	core_marked_sibling	L0_CORE_MARKED_SIBLING	theoremqa	train	1	core_all694_pool	sra_v2_2::theoremqa_254::wrong_resource_pointer::helpful	sra_v2_2::theoremqa_254::wrong_resource_pointer::execution_risk	no	core_admission_carried_forward	core_static_cue_clean_rebuilt	none	6a2c08dc22ab01b238df80ea01c5e8af0ae59577d756ab03cc434c51d8cd2c46	a3e4d0dd57fb7fa77bd2d320a487101a6d72486be088326886709ddefdacea07	4f856df6d4c585fe150de05627815c5e7c8aa9d2b82c29219195f5c60be1f947
core::sra_v2_2::theoremqa_255::wrong_precondition	core_audited_marked_sibling	sra_v2_2::theoremqa_255::wrong_precondition	core_marked_sibling	L0_CORE_MARKED_SIBLING	theoremqa	test	1	core_all694_pool	sra_v2_2::theoremqa_255::wrong_precondition::helpful	sra_v2_2::theoremqa_255::wrong_precondition::execution_risk	no	core_admission_carried_forward	core_static_cue_clean_rebuilt	none	13ab165c5080789ffc713cf9bbd976a44f4a35a2616a70a8c0490923940cfbc1	b27d0d401cff408716c20274dca7a660470f17a43f0be2a2d1c48ad13012d9bb	58e30fc4b145db8a8a8c69629ec3f8fb9e15376441bfd22197edc248bf13b5be
core::sra_v2_2::theoremqa_256::wrong_precondition	core_audited_marked_sibling	sra_v2_2::theoremqa_256::wrong_precondition	core_marked_sibling	L0_CORE_MARKED_SIBLING	theoremqa	train	1	core_all694_pool	sra_v2_2::theoremqa_256::wrong_precondition::helpful	sra_v2_2::theoremqa_256::wrong_precondition::execution_risk	no	core_admission_carried_forward	core_static_cue_clean_rebuilt	none	4dc403090c14106846820c8bac05559b20ee0bd89a0a625c8e8cbb5d7d5ab3bb	c95127a339e671582812810632d91c51e041cf19c94bddb12b4b9e433ae76f5c	fa0806024a6b33e7ebb93bc1d28e3133be9e51452b433406ea2c8baaacaab896
core::sra_v2_2::theoremqa_257::wrong_resource_pointer	core_audited_marked_sibling	sra_v2_2::theoremqa_257::wrong_resource_pointer	core_marked_sibling	L0_CORE_MARKED_SIBLING	theoremqa	train	1	core_all694_pool	sra_v2_2::theoremqa_257::wrong_resource_pointer::helpful	sra_v2_2::theoremqa_257::wrong_resource_pointer::execution_risk	no	core_admission_carried_forward	core_static_cue_clean_rebuilt	none	bd0907625836003503f246e239988e5504246dcf8258fc74a00a0e266c52f805	575ebdc84196b8072fd75c4ce2deedfe89487107ce4c41b4d2371d5cf5569733	4d85172bde3a22dae764dac9d3901ebfecab04650dc476b6392c9e835ef012f5
core::sra_v2_2::theoremqa_258::poisoned_procedure_clause	core_audited_marked_sibling	sra_v2_2::theoremqa_258::poisoned_procedure_clause	core_marked_sibling	L0_CORE_MARKED_SIBLING	theoremqa	train	1	core_all694_pool	sra_v2_2::theoremqa_258::poisoned_procedure_clause::helpful	sra_v2_2::theoremqa_258::poisoned_procedure_clause::execution_risk	no	core_admission_carried_forward	core_static_cue_clean_rebuilt	none	f28b8f0a8520f5875b59482d6fd61842eaeb347c6b4ad5c093958fe3cf2496a1	571bd77ccb150cff690d01ca39ad4f540c9ac12b830cb8292b595f4675edf42e	d4e9896a8c6744ab94fac9222fae7eff0e13d9154ab8398845e9412a9d3b6729
core::sra_v2_2::theoremqa_259::wrong_precondition	core_audited_marked_sibling	sra_v2_2::theoremqa_259::wrong_precondition	core_marked_sibling	L0_CORE_MARKED_SIBLING	theoremqa	train	1	core_all694_pool	sra_v2_2::theoremqa_259::wrong_precondition::helpful	sra_v2_2::theoremqa_259::wrong_precondition::execution_risk	no	core_admission_carried_forward	core_static_cue_clean_rebuilt	none	4b492b5c09622d5fc84c54b840a10400349ce8fe374c56893ec86544dc122846	9a877b63cb9772c42a37f505443aece024af95320d08fbd16076748633be0182	0632dd6a25468b8e306c6126f1e616e1c714823005fc894f729f20e4ee099b9e
core::sra_v2_2::theoremqa_260::wrong_precondition	core_audited_marked_sibling	sra_v2_2::theoremqa_260::wrong_precondition	core_marked_sibling	L0_CORE_MARKED_SIBLING	theoremqa	train	1	core_all694_pool	sra_v2_2::theoremqa_260::wrong_precondition::helpful	sra_v2_2::theoremqa_260::wrong_precondition::execution_risk	no	core_admission_carried_forward	core_static_cue_clean_rebuilt	none	00cc0cfe85c033cb4e5ad54fdedcde649cab73fbaae621ef3759b11c5c916345	9faeb8e3195417815cc85a21c5aeb147d4d89dbd82660203d78d42fe5aefa03b	aa3df8ae8524adfaebb92a38d143c068f6f3d82bd4b2b4a270f28dd451c794e5
core::sra_v2_2::theoremqa_261::wrong_precondition	core_audited_marked_sibling	sra_v2_2::theoremqa_261::wrong_precondition	core_marked_sibling	L0_CORE_MARKED_SIBLING	theoremqa	train	1	core_all694_pool	sra_v2_2::theoremqa_261::wrong_precondition::helpful	sra_v2_2::theoremqa_261::wrong_precondition::execution_risk	no	core_admission_carried_forward	core_static_cue_clean_rebuilt	none	8303a3e5ad8f847ddeaaa90c3be22780119f1ef8b0ee3e134f18372a0b5158ea	e190d9b71bcdbc72c4d17e78c59a1fe6f8ba103c40a4c81371818b180d26f457	baaf8bbc2c59543c3a506b779e84eff0ffe07178afd30179ed6a8d85b24b0dc7
core::sra_v2_2::theoremqa_262::wrong_precondition	core_audited_marked_sibling	sra_v2_2::theoremqa_262::wrong_precondition	core_marked_sibling	L0_CORE_MARKED_SIBLING	theoremqa	dev	1	core_all694_pool	sra_v2_2::theoremqa_262::wrong_precondition::helpful	sra_v2_2::theoremqa_262::wrong_precondition::execution_risk	no	core_admission_carried_forward	core_static_cue_clean_rebuilt	none	073880a59679338dfc5027044de201bfaf8873a256d1675ade0aa22e1fa17c00	84561d0165a704af50d8a89221c99656d3ea58ff7ac3f19faaefa8bdbc7b7c1b	db14bc3942d3f5552b855823bb2f9300f544a83ff72fe272f63f548cc5449884
core::sra_v2_2::theoremqa_263::wrong_resource_pointer	core_audited_marked_sibling	sra_v2_2::theoremqa_263::wrong_resource_pointer	core_marked_sibling	L0_CORE_MARKED_SIBLING	theoremqa	test	1	core_all694_pool	sra_v2_2::theoremqa_263::wrong_resource_pointer::helpful	sra_v2_2::theoremqa_263::wrong_resource_pointer::execution_risk	no	core_admission_carried_forward	core_static_cue_clean_rebuilt	none	1a43f4454ce5a5d6cced2aa27b9255c95fe9dcbc0d68a89cab97a74903a3316e	c1f43fea6277213046ff6e963a536cfbf9368f2dbacea527b766c2ce9a05dff7	3d99387231207e2311f2aeda718543cc28601e404dddf5230236d16a0c9ba382
core::sra_v2_2::theoremqa_264::wrong_resource_pointer	core_audited_marked_sibling	sra_v2_2::theoremqa_264::wrong_resource_pointer	core_marked_sibling	L0_CORE_MARKED_SIBLING	theoremqa	train	1	core_all694_pool	sra_v2_2::theoremqa_264::wrong_resource_pointer::helpful	sra_v2_2::theoremqa_264::wrong_resource_pointer::execution_risk	no	core_admission_carried_forward	core_static_cue_clean_rebuilt	none	0d93280b27e6958ac0d98a56316dc823d3386fcd2f046be897d5b70a7b3c42ef	0d804665b624e859bff62c10b1a29862d0cd52ba35278db4eee1fb7f398e52e8	4e01f8c94cdd2c2a9bcb97de1af623ffa11c82db9f1a93a8dd98476341f07685
core::sra_v2_2::theoremqa_265::wrong_resource_pointer	core_audited_marked_sibling	sra_v2_2::theoremqa_265::wrong_resource_pointer	core_marked_sibling	L0_CORE_MARKED_SIBLING	theoremqa	train	1	core_all694_pool	sra_v2_2::theoremqa_265::wrong_resource_pointer::helpful	sra_v2_2::theoremqa_265::wrong_resource_pointer::execution_risk	no	core_admission_carried_forward	core_static_cue_clean_rebuilt	none	d4d0416f9f9f8a54e31fdd9753319cecd7427641fa93223729db91d80ff52af7	fecfc946d9e8c92f1300a18d2fb4b833fd48244b47279660a9eb88ff0d5cf654	1197eb57d444d3f45e46076c4604d096e602bff5052d8bac37facf0d8dba8f6b
core::sra_v2_2::theoremqa_266::wrong_precondition	core_audited_marked_sibling	sra_v2_2::theoremqa_266::wrong_precondition	core_marked_sibling	L0_CORE_MARKED_SIBLING	theoremqa	train	1	core_all694_pool	sra_v2_2::theoremqa_266::wrong_precondition::helpful	sra_v2_2::theoremqa_266::wrong_precondition::execution_risk	no	core_admission_carried_forward	core_static_cue_clean_rebuilt	none	655e40817138a07138ea5e5708fa9a531660c58e761747dd47f860c978b0bec5	f98d2f34d62116944bde081005b9e62a07bf09d3cf511bcc7b01391eb4160918	ffab6a504573671eb20e740dfe55f5afadd9fefb89a9547f65463fa7bdd07f46
core::sra_v2_2::theoremqa_267::wrong_precondition	core_audited_marked_sibling	sra_v2_2::theoremqa_267::wrong_precondition	core_marked_sibling	L0_CORE_MARKED_SIBLING	theoremqa	train	1	core_all694_pool	sra_v2_2::theoremqa_267::wrong_precondition::helpful	sra_v2_2::theoremqa_267::wrong_precondition::execution_risk	no	core_admission_carried_forward	core_static_cue_clean_rebuilt	none	012eaca73b75319fa777e73b84b76b2a4d508c311c6f54ef09adf7c3f4df0022	cd50ad15879298e1e3559a496e9acd2a53c56aa8a941f8e7236eaa6a5759cd80	7098f24c4d613f438f9efbeb742f9faaa76cef6bbfc35dd26abfb1e8db49bf2f
core::sra_v2_2::theoremqa_268::wrong_resource_pointer	core_audited_marked_sibling	sra_v2_2::theoremqa_268::wrong_resource_pointer	core_marked_sibling	L0_CORE_MARKED_SIBLING	theoremqa	train	1	core_all694_pool	sra_v2_2::theoremqa_268::wrong_resource_pointer::helpful	sra_v2_2::theoremqa_268::wrong_resource_pointer::execution_risk	no	core_admission_carried_forward	core_static_cue_clean_rebuilt	none	bc3b2baf637e371179b919e13ed07648070f7930da968450e00864bf89ac338a	755d9ddcb1ec2f512b847fbb62f748656eeab41e773fcc5955c2e4d3c74e05f1	e2508915092962612f1faf36120f1ecb59828adc44a50729c028acb8cdc628d6
core::sra_v2_2::theoremqa_270::wrong_precondition	core_audited_marked_sibling	sra_v2_2::theoremqa_270::wrong_precondition	core_marked_sibling	L0_CORE_MARKED_SIBLING	theoremqa	train	1	core_all694_pool	sra_v2_2::theoremqa_270::wrong_precondition::helpful	sra_v2_2::theoremqa_270::wrong_precondition::execution_risk	no	core_admission_carried_forward	core_static_cue_clean_rebuilt	none	66afb4c12a3c742a01d26914504e9829679cc6f132af8dd0ef1243646e122376	4157a1ab045352c6ce41d3ac39001a082dceff66f7953a282140170bde6a0a60	738b7002e5b72ea260dbc7a0d68d086677a50c02017bdb15826c9f8f0d0f939b
core::sra_v2_2::theoremqa_271::wrong_precondition	core_audited_marked_sibling	sra_v2_2::theoremqa_271::wrong_precondition	core_marked_sibling	L0_CORE_MARKED_SIBLING	theoremqa	test	1	core_all694_pool	sra_v2_2::theoremqa_271::wrong_precondition::helpful	sra_v2_2::theoremqa_271::wrong_precondition::execution_risk	no	core_admission_carried_forward	core_static_cue_clean_rebuilt	none	2ff30e4ec81ce2651cfa3d088246fee8dbbcb80442c581ede9db878743f47599	1f69af8c5f3cfc6785389c049decc0269e71868ea2078336f13f3a4c1bab074c	43afb448ff53c62c13f0dac68b48d98fc3e4333b1327f6c3909f9ca7c683c4b7
core::sra_v2_2::theoremqa_272::wrong_precondition	core_audited_marked_sibling	sra_v2_2::theoremqa_272::wrong_precondition	core_marked_sibling	L0_CORE_MARKED_SIBLING	theoremqa	train	1	core_all694_pool	sra_v2_2::theoremqa_272::wrong_precondition::helpful	sra_v2_2::theoremqa_272::wrong_precondition::execution_risk	no	core_admission_carried_forward	core_static_cue_clean_rebuilt	none	12a28cc8c14ed8669b3e50a8754b8edb1a86f9a691b96303a05d0921c0fa6fc0	a37c6bc87d49683629c9fb066317032736fb0da7630c57c88e99427dc70550e9	c94861cf95df0e649eab23536da619adb2fd74ff203e7316c7fe56e826620180
core::sra_v2_2::theoremqa_273::wrong_precondition	core_audited_marked_sibling	sra_v2_2::theoremqa_273::wrong_precondition	core_marked_sibling	L0_CORE_MARKED_SIBLING	theoremqa	train	1	core_all694_pool	sra_v2_2::theoremqa_273::wrong_precondition::helpful	sra_v2_2::theoremqa_273::wrong_precondition::execution_risk	no	core_admission_carried_forward	core_static_cue_clean_rebuilt	none	e4f73bba201007b006b0f0ffc14abc13e3514ce7a7a80f0f1d411adb1b57ae0c	bf75b17fb5b2895e1b5f60e315ac7c5b8a6a1ac17f0964210ed06b35a0614fdc	8f7d01f065a67e1d4c2c3587c03a8f47c3846b56afd43d9ad6885869705cb305
core::sra_v2_2::theoremqa_274::wrong_precondition	core_audited_marked_sibling	sra_v2_2::theoremqa_274::wrong_precondition	core_marked_sibling	L0_CORE_MARKED_SIBLING	theoremqa	train	1	core_all694_pool	sra_v2_2::theoremqa_274::wrong_precondition::helpful	sra_v2_2::theoremqa_274::wrong_precondition::execution_risk	no	core_admission_carried_forward	core_static_cue_clean_rebuilt	none	988f37514306f72166c559fc39b95a1f8cfc98e3642ab1a543a6cb2304193050	d19b5782869adf5f6e6ef1eaf24bc23a851c751fb1667fd43af39c75e7f6faa0	6897f4a69da476b58d25cabdcae0023bad51e51015484608fcb8ee7016d0fe31
core::sra_v2_2::theoremqa_275::wrong_resource_pointer	core_audited_marked_sibling	sra_v2_2::theoremqa_275::wrong_resource_pointer	core_marked_sibling	L0_CORE_MARKED_SIBLING	theoremqa	train	1	core_all694_pool	sra_v2_2::theoremqa_275::wrong_resource_pointer::helpful	sra_v2_2::theoremqa_275::wrong_resource_pointer::execution_risk	no	core_admission_carried_forward	core_static_cue_clean_rebuilt	none	6f0175ca65054851ef96702a0174a2d5a1e38a80f05b4abe53861a74179b6c20	076b649273f411a86a2c2743e016777604777576352856f5f2a0a3b4f8a27cbb	93d2690e6b65ac2b2c21f1b3aae162c7d954ba6e91312ed964e8c87a9595de11
core::sra_v2_2::theoremqa_276::poisoned_procedure_clause	core_audited_marked_sibling	sra_v2_2::theoremqa_276::poisoned_procedure_clause	core_marked_sibling	L0_CORE_MARKED_SIBLING	theoremqa	test	1	core_all694_pool	sra_v2_2::theoremqa_276::poisoned_procedure_clause::helpful	sra_v2_2::theoremqa_276::poisoned_procedure_clause::execution_risk	no	core_admission_carried_forward	core_static_cue_clean_rebuilt	none	150a418a6cf961543de6c7c1811f698ff12ada8dd94d7e2d877bf4714046d904	4925464b321d24f35a331f0db3b8306c8738cd58314cd1c6faf0f87e567de11d	3ba0c8c4f1abce6965cf472970af4c81cc42a07925efcbfb1662c7c54cfef1ff
core::sra_v2_2::theoremqa_277::wrong_resource_pointer	core_audited_marked_sibling	sra_v2_2::theoremqa_277::wrong_resource_pointer	core_marked_sibling	L0_CORE_MARKED_SIBLING	theoremqa	train	1	core_all694_pool	sra_v2_2::theoremqa_277::wrong_resource_pointer::helpful	sra_v2_2::theoremqa_277::wrong_resource_pointer::execution_risk	no	core_admission_carried_forward	core_static_cue_clean_rebuilt	none	e881f245927fb25504400ca318848ef2417460c937074be3d8cb8421096d868e	cece5c3cb21237718a7573358983a58bf057b4e96173a5d4cee144e123f3ef8b	e3a2707f159f66f1be46d394ad6d1326d2cde10c949d68150199b104358c6694
core::sra_v2_2::theoremqa_278::wrong_resource_pointer	core_audited_marked_sibling	sra_v2_2::theoremqa_278::wrong_resource_pointer	core_marked_sibling	L0_CORE_MARKED_SIBLING	theoremqa	train	1	core_all694_pool	sra_v2_2::theoremqa_278::wrong_resource_pointer::helpful	sra_v2_2::theoremqa_278::wrong_resource_pointer::execution_risk	no	core_admission_carried_forward	core_static_cue_clean_rebuilt	none	d039973353829bbbb05c3a7af5873191aff9bbaf0707492405cbfb92fc43cca2	729935418bb8f3f4cd4e4a882d04bb598ea5b941be226b0210ffc6bf8b1cfe09	f93b6604bf9bd034957da7ebd480f12b8ba25482fe2524f0d75c745f77eb0f8f
core::sra_v2_2::theoremqa_279::wrong_resource_pointer	core_audited_marked_sibling	sra_v2_2::theoremqa_279::wrong_resource_pointer	core_marked_sibling	L0_CORE_MARKED_SIBLING	theoremqa	train	1	core_all694_pool	sra_v2_2::theoremqa_279::wrong_resource_pointer::helpful	sra_v2_2::theoremqa_279::wrong_resource_pointer::execution_risk	no	core_admission_carried_forward	core_static_cue_clean_rebuilt	none	801ba1f4d74f1e0992a293b47d4ef9c1e180081c1ff494821c7c73dc0b025dae	ba5c0178e828603b9d7c358986a7ec1df8cd2f9ecd34256fc2d19f3d0e207746	4715006d35c51ba5890791ae21bd5fb3fdc36557177f00a4036b9f5a56216f8d
core::sra_v2_2::theoremqa_280::wrong_precondition	core_audited_marked_sibling	sra_v2_2::theoremqa_280::wrong_precondition	core_marked_sibling	L0_CORE_MARKED_SIBLING	theoremqa	test	1	core_all694_pool	sra_v2_2::theoremqa_280::wrong_precondition::helpful	sra_v2_2::theoremqa_280::wrong_precondition::execution_risk	no	core_admission_carried_forward	core_static_cue_clean_rebuilt	none	a360b5f6480f60d90a845f3f036af639da0c3b443774d15d53071a4f95e66711	f5709428e0f51d81703dd8ba2ca847547f0c98206e951a8fc41a9553a43f2167	196c22af978350fc2fe6ce4305d6275883c550757ac07e24ead99d9494b797cd
core::sra_v2_2::theoremqa_281::wrong_resource_pointer	core_audited_marked_sibling	sra_v2_2::theoremqa_281::wrong_resource_pointer	core_marked_sibling	L0_CORE_MARKED_SIBLING	theoremqa	train	1	core_all694_pool	sra_v2_2::theoremqa_281::wrong_resource_pointer::helpful	sra_v2_2::theoremqa_281::wrong_resource_pointer::execution_risk	no	core_admission_carried_forward	core_static_cue_clean_rebuilt	none	484e2a11d3232465b13b1ab3abc6393caf0af7caa37865be9daded582aee1fd5	1b4ea4713a8690fa73cb812764ec32414c56c1ca4a81e80d94eca489f4d98bd8	86a5e7a02a6843ec7f940572f6dc792fb722d1ee46695cae7a04337edbb9f345
core::sra_v2_2::theoremqa_282::wrong_resource_pointer	core_audited_marked_sibling	sra_v2_2::theoremqa_282::wrong_resource_pointer	core_marked_sibling	L0_CORE_MARKED_SIBLING	theoremqa	train	1	core_all694_pool	sra_v2_2::theoremqa_282::wrong_resource_pointer::helpful	sra_v2_2::theoremqa_282::wrong_resource_pointer::execution_risk	no	core_admission_carried_forward	core_static_cue_clean_rebuilt	none	0d2faf3a68cd20a793447683869bd3f1e63154cfdc92108571abec2d5269c718	b4cb7b1752ade38b3b37a0a1160a0c13fb6d659489e440e892b967daaef10807	90f89228ea20a0b155942169dead1b94dc8a184286985687f77e3b72e1a68b81
core::sra_v2_2::theoremqa_283::wrong_resource_pointer	core_audited_marked_sibling	sra_v2_2::theoremqa_283::wrong_resource_pointer	core_marked_sibling	L0_CORE_MARKED_SIBLING	theoremqa	train	1	core_all694_pool	sra_v2_2::theoremqa_283::wrong_resource_pointer::helpful	sra_v2_2::theoremqa_283::wrong_resource_pointer::execution_risk	no	core_admission_carried_forward	core_static_cue_clean_rebuilt	none	0ab4853cae0d2b9fe073826b6f87fe5dcacece1bde53390a8a9ea89c6733ad8d	d359bf981c18b15ec55114340f2c965aaae720c280402e83c9cf2ffbbbad05fe	5bd476128865e837d8591b9bb6bcd5fda9733ae3bbb3ee66106fc0bdf5f2326e
core::sra_v2_2::theoremqa_284::wrong_resource_pointer	core_audited_marked_sibling	sra_v2_2::theoremqa_284::wrong_resource_pointer	core_marked_sibling	L0_CORE_MARKED_SIBLING	theoremqa	train	1	core_all694_pool	sra_v2_2::theoremqa_284::wrong_resource_pointer::helpful	sra_v2_2::theoremqa_284::wrong_resource_pointer::execution_risk	no	core_admission_carried_forward	core_static_cue_clean_rebuilt	none	461b6f1395c0349ec21471aaef3e341e59b17732d4200f71e24eb504bd5c2dd9	cc3d2ac21825ac138b4f46b92a7e77230d95a31b969e4bdd009a02d4d35f8730	e64daff4c72970fb923da8f54681ee77a27b276f7e23d8b5ef0e871e3e073ad0
core::sra_v2_2::theoremqa_285::wrong_resource_pointer	core_audited_marked_sibling	sra_v2_2::theoremqa_285::wrong_resource_pointer	core_marked_sibling	L0_CORE_MARKED_SIBLING	theoremqa	dev	1	core_all694_pool	sra_v2_2::theoremqa_285::wrong_resource_pointer::helpful	sra_v2_2::theoremqa_285::wrong_resource_pointer::execution_risk	no	core_admission_carried_forward	core_static_cue_clean_rebuilt	none	b3a3407a88523d07044aff26c056da782d5b45e999b8cb231aaf8c7987dc4420	2101af461176b67c8c2319a13ba9176b27f0b42fb0eedffd0c1cb441846b55fe	f0ad363f82582334e3b2ff0769397f528b13d4623a019e3e5c980abad611e3cf
core::sra_v2_2::theoremqa_286::wrong_precondition	core_audited_marked_sibling	sra_v2_2::theoremqa_286::wrong_precondition	core_marked_sibling	L0_CORE_MARKED_SIBLING	theoremqa	test	1	core_all694_pool	sra_v2_2::theoremqa_286::wrong_precondition::helpful	sra_v2_2::theoremqa_286::wrong_precondition::execution_risk	no	core_admission_carried_forward	core_static_cue_clean_rebuilt	none	b0879f00b2b0da6d9a169f5c2040318a606ccacbd1016c1e8c8b7cbc2a91a74c	b36988f826340593d189bfffff794997b70450b09c2183cb39d58c6f69e3ed15	141a1ea6976fa8d7881f66f81812baa1c362653810e0508159fc17d2e093045d
core::sra_v2_2::theoremqa_287::wrong_resource_pointer	core_audited_marked_sibling	sra_v2_2::theoremqa_287::wrong_resource_pointer	core_marked_sibling	L0_CORE_MARKED_SIBLING	theoremqa	train	1	core_all694_pool	sra_v2_2::theoremqa_287::wrong_resource_pointer::helpful	sra_v2_2::theoremqa_287::wrong_resource_pointer::execution_risk	no	core_admission_carried_forward	core_static_cue_clean_rebuilt	none	7803b9042585185cb8321a98bcde84b9d8a4f0709ad1afac9361b8e5d0984476	10642e35cd21c0632a82c768b0430cafaeaa87a95c1f3585aafab5aa6148b469	46b44dc80a036f3605f7a0667b2531a9b6c8d90d4d19d4dd4fb1405b4d7ddc9a
core::sra_v2_2::theoremqa_288::wrong_resource_pointer	core_audited_marked_sibling	sra_v2_2::theoremqa_288::wrong_resource_pointer	core_marked_sibling	L0_CORE_MARKED_SIBLING	theoremqa	train	1	core_all694_pool	sra_v2_2::theoremqa_288::wrong_resource_pointer::helpful	sra_v2_2::theoremqa_288::wrong_resource_pointer::execution_risk	no	core_admission_carried_forward	core_static_cue_clean_rebuilt	none	fbe28eda07b6d6b492edcacb40be9f5398e764fbfde912d91b587e743bc4862d	7082f32142d8fc9c2046f2bf55bcdee0e9c94b4e47dffdcc6b67a6f543b4b02b	17f2faf8f4abd823fcf5ae8aac3f3a3aeca4f79972943f93601ae318a207974a
core::sra_v2_2::theoremqa_289::wrong_resource_pointer	core_audited_marked_sibling	sra_v2_2::theoremqa_289::wrong_resource_pointer	core_marked_sibling	L0_CORE_MARKED_SIBLING	theoremqa	test	1	core_all694_pool	sra_v2_2::theoremqa_289::wrong_resource_pointer::helpful	sra_v2_2::theoremqa_289::wrong_resource_pointer::execution_risk	no	core_admission_carried_forward	core_static_cue_clean_rebuilt	none	f0c4a1494df242e74bd708ded8321ca1b6831380b2e322030b7ea8ae13d2d9c8	76f252495a344754d6dc8de321a0ebf8e6d043259f2191098ac989ae8d461291	192d2df29d68a7b0049f092b7efcc2dcb21a1b23362ee71e05d7c1b4c95f5863
core::sra_v2_2::theoremqa_290::wrong_precondition	core_audited_marked_sibling	sra_v2_2::theoremqa_290::wrong_precondition	core_marked_sibling	L0_CORE_MARKED_SIBLING	theoremqa	dev	1	core_all694_pool	sra_v2_2::theoremqa_290::wrong_precondition::helpful	sra_v2_2::theoremqa_290::wrong_precondition::execution_risk	no	core_admission_carried_forward	core_static_cue_clean_rebuilt	none	288e50ce069e98f8fc28ee45d124b450f04c55e06770124b6c7fbd5c0b355356	2383837b0a216536c50ad754ba6b4aea76f2249d7f1687bd439b784480067d5c	5b9901ddbfff680fb8786eebd01b05f71000fe966569f84e6edf96b2e54fbd7c
core::sra_v2_2::theoremqa_291::wrong_precondition	core_audited_marked_sibling	sra_v2_2::theoremqa_291::wrong_precondition	core_marked_sibling	L0_CORE_MARKED_SIBLING	theoremqa	test	1	core_all694_pool	sra_v2_2::theoremqa_291::wrong_precondition::helpful	sra_v2_2::theoremqa_291::wrong_precondition::execution_risk	no	core_admission_carried_forward	core_static_cue_clean_rebuilt	none	55f66c7e8d4afcd19a847e607527b418b84a6193b526c72efa250b9ab87c6b8c	0a785d727fbda9c2f1744a6ceff551059e8f2e2ae9b98f3e36d6ba9c097f007e	0a5328c63096533bd1cb462ab9558e1f80c26f1664ea4422ed09793e1e1316f5
core::sra_v2_2::theoremqa_292::wrong_resource_pointer	core_audited_marked_sibling	sra_v2_2::theoremqa_292::wrong_resource_pointer	core_marked_sibling	L0_CORE_MARKED_SIBLING	theoremqa	test	1	core_all694_pool	sra_v2_2::theoremqa_292::wrong_resource_pointer::helpful	sra_v2_2::theoremqa_292::wrong_resource_pointer::execution_risk	no	core_admission_carried_forward	core_static_cue_clean_rebuilt	none	e8b7da79cd07dae34aeb61f4242b7557c53596883f1be5184dc3d95eb8a4f3b9	0970f27ad92ac3180e4c0b4332dab996d1a1b5caa8525595a686ecbbc1255844	7cda31d37be7b510920739b6bdd1d45db69ffabcf11e4686e65c13a1dbe20207
core::sra_v2_2::theoremqa_293::wrong_resource_pointer	core_audited_marked_sibling	sra_v2_2::theoremqa_293::wrong_resource_pointer	core_marked_sibling	L0_CORE_MARKED_SIBLING	theoremqa	train	1	core_all694_pool	sra_v2_2::theoremqa_293::wrong_resource_pointer::helpful	sra_v2_2::theoremqa_293::wrong_resource_pointer::execution_risk	no	core_admission_carried_forward	core_static_cue_clean_rebuilt	none	4edfc9dc40c84a454f0a74191286b58a731fb0aa628f5becefb91898aff9a546	278535cd0ebe9b247c3d06274b6545f957e7b61fe6f33b8a9a2e1093fa34d9e0	86ad2e90386e34752b228dc35935063d5d58a79688431899341d44286c80fefa
core::sra_v2_2::theoremqa_294::wrong_resource_pointer	core_audited_marked_sibling	sra_v2_2::theoremqa_294::wrong_resource_pointer	core_marked_sibling	L0_CORE_MARKED_SIBLING	theoremqa	test	1	core_all694_pool	sra_v2_2::theoremqa_294::wrong_resource_pointer::helpful	sra_v2_2::theoremqa_294::wrong_resource_pointer::execution_risk	no	core_admission_carried_forward	core_static_cue_clean_rebuilt	none	af3b30f0dce7e85b1092b59a657df5ac83878db09171503e3025b2c9d148a884	6d7e86a6471f1ad586bd04c6e8b92eb98dbd7266fcac24b4ca2e8528b3cfc1d9	9132f59b6cdc9c26b1ed7e1f06ceb61dd4c20f75a73c2805449d8423c5f21475
core::sra_v2_2::theoremqa_295::wrong_precondition	core_audited_marked_sibling	sra_v2_2::theoremqa_295::wrong_precondition	core_marked_sibling	L0_CORE_MARKED_SIBLING	theoremqa	train	1	core_all694_pool	sra_v2_2::theoremqa_295::wrong_precondition::helpful	sra_v2_2::theoremqa_295::wrong_precondition::execution_risk	no	core_admission_carried_forward	core_static_cue_clean_rebuilt	none	81504790c24e16e2604e6c253024e5e315c2499965d5d6aa246baad13c33a9f9	f60ecf2c5566d499be13dae16d2de61b665e02ea435a4b61bd7d80279dfa4c49	03352503393d85912f125137dd4f540d519618b2be52d5189bc461d99074fe1f
core::sra_v2_2::theoremqa_296::wrong_resource_pointer	core_audited_marked_sibling	sra_v2_2::theoremqa_296::wrong_resource_pointer	core_marked_sibling	L0_CORE_MARKED_SIBLING	theoremqa	train	1	core_all694_pool	sra_v2_2::theoremqa_296::wrong_resource_pointer::helpful	sra_v2_2::theoremqa_296::wrong_resource_pointer::execution_risk	no	core_admission_carried_forward	core_static_cue_clean_rebuilt	none	c9bdf30db2c087bf842204e667c03bcdbf2e10a82da452e81178ca4de8490c89	58463169f7d1b682060e24f94bea3f4ab7262d6e2f96f49294714f86fcfe1363	b39f888d01eb56d00325d569a4c187f3d2ab2945e011df641c5f7ab5026ca542
core::sra_v2_2::theoremqa_297::wrong_resource_pointer	core_audited_marked_sibling	sra_v2_2::theoremqa_297::wrong_resource_pointer	core_marked_sibling	L0_CORE_MARKED_SIBLING	theoremqa	train	1	core_all694_pool	sra_v2_2::theoremqa_297::wrong_resource_pointer::helpful	sra_v2_2::theoremqa_297::wrong_resource_pointer::execution_risk	no	core_admission_carried_forward	core_static_cue_clean_rebuilt	none	8cd16d4b76feb3e6ed779dc65fec5ebd7c30af34a1ff37823531f1ccbedfdfec	f275d3e8dff190eaab0a6c51d0a37b9687149987149f6c82aa1110179f2955f3	c10806fce38a7531e717ccd301747b31ff78e0c2df0f1ad2c35fe58401b37436
core::sra_v2_2::theoremqa_298::wrong_precondition	core_audited_marked_sibling	sra_v2_2::theoremqa_298::wrong_precondition	core_marked_sibling	L0_CORE_MARKED_SIBLING	theoremqa	train	1	core_all694_pool	sra_v2_2::theoremqa_298::wrong_precondition::helpful	sra_v2_2::theoremqa_298::wrong_precondition::execution_risk	no	core_admission_carried_forward	core_static_cue_clean_rebuilt	none	08daa958a65a68924a8413fbbc490dabba4d0d91a8467f836d2b1b67c29d2479	2cfeb05f9f8322dc4281e53cdb9ed80281806307e93223db9864c401844b66d5	709eb21361f6f8a729b7ed6cdc71cbe8645ffdc1d7e5c3542f087d8b58f14b44
core::sra_v2_2::theoremqa_299::wrong_precondition	core_audited_marked_sibling	sra_v2_2::theoremqa_299::wrong_precondition	core_marked_sibling	L0_CORE_MARKED_SIBLING	theoremqa	train	1	core_all694_pool	sra_v2_2::theoremqa_299::wrong_precondition::helpful	sra_v2_2::theoremqa_299::wrong_precondition::execution_risk	no	core_admission_carried_forward	core_static_cue_clean_rebuilt	none	aef0e3168e19534ee81f53d19660875d7593c0f81c6b30a3f27ba76f59991a2f	2e7726114703b6327eb4d1537b22774957ef4cad0999e2c7c347ba16669232a3	cc9168821a47c0a496dc7430ecab78ac78cb9526b3ba6dbd9c806b416e7780fe
core::sra_v2_2::theoremqa_300::wrong_precondition	core_audited_marked_sibling	sra_v2_2::theoremqa_300::wrong_precondition	core_marked_sibling	L0_CORE_MARKED_SIBLING	theoremqa	train	1	core_all694_pool	sra_v2_2::theoremqa_300::wrong_precondition::helpful	sra_v2_2::theoremqa_300::wrong_precondition::execution_risk	no	core_admission_carried_forward	core_static_cue_clean_rebuilt	none	aa1d145d980c9a365ec5eee09f56eb224ba118a91d319df0997b15d7c0ce070e	0e91a7c9eaf7839536228823b56eb1221c2ead604e49cf5013f038dc11827196	0669ea2eb5feb77f31275efddeabf01f592c7d117a993a8044b52fff59423266
core::sra_v2_2::theoremqa_301::wrong_precondition	core_audited_marked_sibling	sra_v2_2::theoremqa_301::wrong_precondition	core_marked_sibling	L0_CORE_MARKED_SIBLING	theoremqa	train	1	core_all694_pool	sra_v2_2::theoremqa_301::wrong_precondition::helpful	sra_v2_2::theoremqa_301::wrong_precondition::execution_risk	no	core_admission_carried_forward	core_static_cue_clean_rebuilt	none	7634f534977e507c20e7a69e409b367cc4e917f18413ae327befefc0771f8f9a	07e7eeac2460d1a5fd0f2f69f04ac8492bff3ae22a6bcf264421c4e6d87b3ac2	80370ee8e273ace249667dd675f92105cace97cd69238506f3079412cb42f105
core::sra_v2_2::theoremqa_302::wrong_precondition	core_audited_marked_sibling	sra_v2_2::theoremqa_302::wrong_precondition	core_marked_sibling	L0_CORE_MARKED_SIBLING	theoremqa	train	1	core_all694_pool	sra_v2_2::theoremqa_302::wrong_precondition::helpful	sra_v2_2::theoremqa_302::wrong_precondition::execution_risk	no	core_admission_carried_forward	core_static_cue_clean_rebuilt	none	fd58c884b696445d9e9d71442e8d10dd451210c1da9f974737ee7aca02cc6929	30ad2512b9fd0081542aff2d1787c2851c03f371c6b29c36ff07f9b38d396268	eb02cba8f038bb1ec25ec8b24da4286e19e7895f31a72c1a368e8563e52e9c4d
core::sra_v2_2::theoremqa_303::wrong_precondition	core_audited_marked_sibling	sra_v2_2::theoremqa_303::wrong_precondition	core_marked_sibling	L0_CORE_MARKED_SIBLING	theoremqa	train	1	core_all694_pool	sra_v2_2::theoremqa_303::wrong_precondition::helpful	sra_v2_2::theoremqa_303::wrong_precondition::execution_risk	no	core_admission_carried_forward	core_static_cue_clean_rebuilt	none	a17eb9b71106fd1584dcdfa60a7fd6f09bde8c9de32547e220aee061df64cdb2	f0c37b55ca55ed3448a8be95d159273484ef6eb792d78b477aa6a9ce0d87000e	59f8089b03af3ea984e26259b7b24e8290e747ed758beb4f83f46db78b7a063c
core::sra_v2_2::theoremqa_304::poisoned_procedure_clause	core_audited_marked_sibling	sra_v2_2::theoremqa_304::poisoned_procedure_clause	core_marked_sibling	L0_CORE_MARKED_SIBLING	theoremqa	train	1	core_all694_pool	sra_v2_2::theoremqa_304::poisoned_procedure_clause::helpful	sra_v2_2::theoremqa_304::poisoned_procedure_clause::execution_risk	no	core_admission_carried_forward	core_static_cue_clean_rebuilt	none	821d43c48d744545a7c94025886040b36eb82da11150881573d30d1f55a7e8f6	1e7431e58f9f6f072a4a46a91ce2674e78789c66969e9d61b117b428e2c7e59c	e31f8105bbbeb7036d2cbd594ec182ce0f71bcc82b741457ec8a7787c70f1f62
core::sra_v2_2::theoremqa_305::wrong_precondition	core_audited_marked_sibling	sra_v2_2::theoremqa_305::wrong_precondition	core_marked_sibling	L0_CORE_MARKED_SIBLING	theoremqa	train	1	core_all694_pool	sra_v2_2::theoremqa_305::wrong_precondition::helpful	sra_v2_2::theoremqa_305::wrong_precondition::execution_risk	no	core_admission_carried_forward	core_static_cue_clean_rebuilt	none	f5d6f7c9b1c5b73dde9d916e661e3de48f5fc397abf19f86100c6677071d76e9	294c1f7d7aa33d147987abcd23a9cdc9fbff2d283c99a94fe295d3746337dd59	16752b89880076d6d89f46fb2cf27562222f1f735b27244cc6576d22c746d23c
core::sra_v2_2::theoremqa_306::wrong_precondition	core_audited_marked_sibling	sra_v2_2::theoremqa_306::wrong_precondition	core_marked_sibling	L0_CORE_MARKED_SIBLING	theoremqa	train	1	core_all694_pool	sra_v2_2::theoremqa_306::wrong_precondition::helpful	sra_v2_2::theoremqa_306::wrong_precondition::execution_risk	no	core_admission_carried_forward	core_static_cue_clean_rebuilt	none	74ee9858bb9c3eb70c71e55158b01f65846888ba20908e390fa3d71c2dda5421	c2aaf1ea45822a39859431b6c3a4d46758e3cb8d6b238de44fbdd85ad8472c4c	9d7dab11202ca38e05fe5c704c9ed7a5f800f51fce1f322e9da61b4cfca3d972
core::sra_v2_2::theoremqa_307::wrong_resource_pointer	core_audited_marked_sibling	sra_v2_2::theoremqa_307::wrong_resource_pointer	core_marked_sibling	L0_CORE_MARKED_SIBLING	theoremqa	train	1	core_all694_pool	sra_v2_2::theoremqa_307::wrong_resource_pointer::helpful	sra_v2_2::theoremqa_307::wrong_resource_pointer::execution_risk	no	core_admission_carried_forward	core_static_cue_clean_rebuilt	none	53ee52af97b9e7f4c3ed231e45132138f89a9c5e6d24cc1fb2180501504d064e	ebf795d2253989b45cba4b7cc100ed34df45eab32de9478c932511735372ae1a	5bea4444dced42ca0aa6dabbd6e7b154953b7d5d6cddc4962ea721b609d877b1
core::sra_v2_2::theoremqa_308::wrong_precondition	core_audited_marked_sibling	sra_v2_2::theoremqa_308::wrong_precondition	core_marked_sibling	L0_CORE_MARKED_SIBLING	theoremqa	train	1	core_all694_pool	sra_v2_2::theoremqa_308::wrong_precondition::helpful	sra_v2_2::theoremqa_308::wrong_precondition::execution_risk	no	core_admission_carried_forward	core_static_cue_clean_rebuilt	none	35fb539fd895aed255b06e66e2b70a295f1880898d2b6ba515bdd8518d27087d	7828793d9a658aa2100cbb293e01bb4220ee1aaee0733f74a3eb59623b61c27d	143c7f664d086b22643eda033210f6f38f432f4dfccd0f87438f2d4117e9f60e
core::sra_v2_2::theoremqa_309::wrong_precondition	core_audited_marked_sibling	sra_v2_2::theoremqa_309::wrong_precondition	core_marked_sibling	L0_CORE_MARKED_SIBLING	theoremqa	dev	1	core_all694_pool	sra_v2_2::theoremqa_309::wrong_precondition::helpful	sra_v2_2::theoremqa_309::wrong_precondition::execution_risk	no	core_admission_carried_forward	core_static_cue_clean_rebuilt	none	dec216088a24619d7d1056793d7794320b56c026bc8303bf04849bc9f46e3cc2	4c37105ede7e7c02b27417d6329c82eddf21def5a027fac0cb2bdea79f9ed87e	b92f6c761a5914d45616ea58d83e5307da3d80bc08270bea786feca76485851f
core::sra_v2_2::theoremqa_310::wrong_precondition	core_audited_marked_sibling	sra_v2_2::theoremqa_310::wrong_precondition	core_marked_sibling	L0_CORE_MARKED_SIBLING	theoremqa	train	1	core_all694_pool	sra_v2_2::theoremqa_310::wrong_precondition::helpful	sra_v2_2::theoremqa_310::wrong_precondition::execution_risk	no	core_admission_carried_forward	core_static_cue_clean_rebuilt	none	fa53566d654d9ddfd8dbe3a34954d647a8533647dce0959eba4b5b9926aeb044	9c07f682b04e4e8a2d72245e49e438fde93362b93ae4bf6ca7e6363e3f73bd82	985025a938a47f209027b493221941e12de602608b2196fd80bbddf6a7a16ee1
core::sra_v2_2::theoremqa_311::wrong_precondition	core_audited_marked_sibling	sra_v2_2::theoremqa_311::wrong_precondition	core_marked_sibling	L0_CORE_MARKED_SIBLING	theoremqa	train	1	core_all694_pool	sra_v2_2::theoremqa_311::wrong_precondition::helpful	sra_v2_2::theoremqa_311::wrong_precondition::execution_risk	no	core_admission_carried_forward	core_static_cue_clean_rebuilt	none	a404bcc23f9eae44fa1b3a960a8babaab9a2457aa8109d5b33ffa09b9ebf9d93	988952db1f7e1914139fe6587e0b901d1f330442075437a38fa2e3035b07e5b4	eccaec51c99604b4f606c09cdbfdac572328483a654c1079c83bde3620eedd85
core::sra_v2_2::theoremqa_312::wrong_precondition	core_audited_marked_sibling	sra_v2_2::theoremqa_312::wrong_precondition	core_marked_sibling	L0_CORE_MARKED_SIBLING	theoremqa	dev	1	core_all694_pool	sra_v2_2::theoremqa_312::wrong_precondition::helpful	sra_v2_2::theoremqa_312::wrong_precondition::execution_risk	no	core_admission_carried_forward	core_static_cue_clean_rebuilt	none	f267eb991d8896d3d8298b89acf3da6cc876511a9f08073ced451f95f31a084d	0aa84558e9dc7d818a434fe714a7ff64cfa541a1abbba2fc63677f7c2197803b	4561d5341e54b3a5aec7d6f644dfa00c0891b5511848acf85c9678f4dcf77d44
core::sra_v2_2::theoremqa_313::wrong_precondition	core_audited_marked_sibling	sra_v2_2::theoremqa_313::wrong_precondition	core_marked_sibling	L0_CORE_MARKED_SIBLING	theoremqa	train	1	core_all694_pool	sra_v2_2::theoremqa_313::wrong_precondition::helpful	sra_v2_2::theoremqa_313::wrong_precondition::execution_risk	no	core_admission_carried_forward	core_static_cue_clean_rebuilt	none	a55d3fd1fbc042f856f8e0d08b639b3a9800550925b8622776a7c4ed8c80d5ac	5e8d19b9811a9d22450aaae36f0c50b64a512ad2ca59ac3c2cb06d1aaec24632	c210d09174cf0c452df0b58b72cfab313423eccac9e6fd6e0784a40fa0824dea
core::sra_v2_2::theoremqa_314::wrong_resource_pointer	core_audited_marked_sibling	sra_v2_2::theoremqa_314::wrong_resource_pointer	core_marked_sibling	L0_CORE_MARKED_SIBLING	theoremqa	train	1	core_all694_pool	sra_v2_2::theoremqa_314::wrong_resource_pointer::helpful	sra_v2_2::theoremqa_314::wrong_resource_pointer::execution_risk	no	core_admission_carried_forward	core_static_cue_clean_rebuilt	none	ec5708ddf7d8d0367b1cd79a077e12f79f323282edecc37aa8235f58d5f996f3	0c69c3057a1726ac79dec57e9e5a6ae605d213b2dc8990fe0f0ad103c6247528	4ddababfef1778677c8a6b7896eb961056be5c89eed4e918311a7458277519a7
core::sra_v2_2::theoremqa_315::wrong_precondition	core_audited_marked_sibling	sra_v2_2::theoremqa_315::wrong_precondition	core_marked_sibling	L0_CORE_MARKED_SIBLING	theoremqa	train	1	core_all694_pool	sra_v2_2::theoremqa_315::wrong_precondition::helpful	sra_v2_2::theoremqa_315::wrong_precondition::execution_risk	no	core_admission_carried_forward	core_static_cue_clean_rebuilt	none	4aac6e8a1b7c9a7180f5d9818023992f4e773d2fdf0fdc806a14394681e73c74	2806880d92a421cbb215c1624e4e65f5b5152a4debf302656a644b20c61a5628	bbdeb96fea37480716c9dbca76566ca0046c1a8bd22b4a269a76478a1e2acafd
core::sra_v2_2::theoremqa_316::wrong_resource_pointer	core_audited_marked_sibling	sra_v2_2::theoremqa_316::wrong_resource_pointer	core_marked_sibling	L0_CORE_MARKED_SIBLING	theoremqa	train	1	core_all694_pool	sra_v2_2::theoremqa_316::wrong_resource_pointer::helpful	sra_v2_2::theoremqa_316::wrong_resource_pointer::execution_risk	no	core_admission_carried_forward	core_static_cue_clean_rebuilt	none	1d36e234bb357f0c03241e1a3343747f6d36ee1057d561c88be7f2ad178e0f09	ce3a0586df999038f394b7c63ae3b50ab5d4506addfbdd6db9186597ceb5213a	75f510065103322aa17e1b6cbb303e70bbdf89d597b1c27b77657a76e45f7317
core::sra_v2_2::theoremqa_317::wrong_resource_pointer	core_audited_marked_sibling	sra_v2_2::theoremqa_317::wrong_resource_pointer	core_marked_sibling	L0_CORE_MARKED_SIBLING	theoremqa	train	1	core_all694_pool	sra_v2_2::theoremqa_317::wrong_resource_pointer::helpful	sra_v2_2::theoremqa_317::wrong_resource_pointer::execution_risk	no	core_admission_carried_forward	core_static_cue_clean_rebuilt	none	dc8c276d4ae04ce05f71fddd13f91e423939fc0ff9b54dd3e4d3a487274dd566	efdec333969ee292fc0ce332f54d8f95c091a7d5add01c0dfc02fffea73ae335	c655ff4be5d9dc650090c26f5defc6f92e897c04e37119bcc55249179f958428
core::sra_v2_2::theoremqa_318::poisoned_procedure_clause	core_audited_marked_sibling	sra_v2_2::theoremqa_318::poisoned_procedure_clause	core_marked_sibling	L0_CORE_MARKED_SIBLING	theoremqa	train	1	core_all694_pool	sra_v2_2::theoremqa_318::poisoned_procedure_clause::helpful	sra_v2_2::theoremqa_318::poisoned_procedure_clause::execution_risk	no	core_admission_carried_forward	core_static_cue_clean_rebuilt	none	696547573db18d593cd1f3d89eec76d90bc2aee15409435f7dabbb62a88b3579	30663e0d85cb0c34ae7ef7381df71da2bf9895176d5de25e2a19fce562a3cbaf	bcc6f1d72d8964c144aa1456bd745f28f9c03b091b050872e7494a364e70d1bc
core::sra_v2_2::theoremqa_319::wrong_resource_pointer	core_audited_marked_sibling	sra_v2_2::theoremqa_319::wrong_resource_pointer	core_marked_sibling	L0_CORE_MARKED_SIBLING	theoremqa	train	1	core_all694_pool	sra_v2_2::theoremqa_319::wrong_resource_pointer::helpful	sra_v2_2::theoremqa_319::wrong_resource_pointer::execution_risk	no	core_admission_carried_forward	core_static_cue_clean_rebuilt	none	c23af7350260ab56be2d273bc3aed54948b98c19d0af362cda76bb51dd427694	9ccd1e50d826d61420ed40612dd7318db1acb4d3bf9115e1e36198a5f88cea31	05e8e78cd9907a92ad33d2f457ada9b0c6890b4aec207d85dda2040c8d1e5019
core::sra_v2_2::toolqa_000::wrong_resource_pointer	core_audited_marked_sibling	sra_v2_2::toolqa_000::wrong_resource_pointer	core_marked_sibling	L0_CORE_MARKED_SIBLING	toolqa	train	1	core_all694_pool	sra_v2_2::toolqa_000::wrong_resource_pointer::helpful	sra_v2_2::toolqa_000::wrong_resource_pointer::execution_risk	no	core_admission_carried_forward	core_static_cue_clean_rebuilt	none	8ebbd8d89d3bfbab47829c17aa5aa66cd2cd57b34191c27f608a3feed9f07d9f	8f61515ce5de85cc3eb69d8c2cebbaca528b0d57327652ab67ba5e08948471f9	9e75137b42f236709d42fd5843d044b561344e6b401e189af3228de995a55475
core::sra_v2_2::toolqa_001::wrong_resource_pointer	core_audited_marked_sibling	sra_v2_2::toolqa_001::wrong_resource_pointer	core_marked_sibling	L0_CORE_MARKED_SIBLING	toolqa	dev	1	core_all694_pool	sra_v2_2::toolqa_001::wrong_resource_pointer::helpful	sra_v2_2::toolqa_001::wrong_resource_pointer::execution_risk	no	core_admission_carried_forward	core_static_cue_clean_rebuilt	none	835326cf7a76a95592270a7c2fd1910df9f8ccc654a32168cdbc71d6344d22a7	dadcf4b5574a97d7d579fe4f9d0fa308d98a30cafa638757f28c40ea32719f49	ac97cad780f031f6a5f4b796dd6c2664d0dce2ddae29b1201bde2f7c8ebb5d64
core::sra_v2_2::toolqa_002::wrong_resource_pointer	core_audited_marked_sibling	sra_v2_2::toolqa_002::wrong_resource_pointer	core_marked_sibling	L0_CORE_MARKED_SIBLING	toolqa	train	1	core_all694_pool	sra_v2_2::toolqa_002::wrong_resource_pointer::helpful	sra_v2_2::toolqa_002::wrong_resource_pointer::execution_risk	no	core_admission_carried_forward	core_static_cue_clean_rebuilt	none	c589c68cf8c9cfc01e1285352e48f9f9b2143a57b381ca128baa8390f3ec8ad6	9405083c80e25b1cb2de3df457830219d01efe3863060b2e2071a699ccc0faf9	4add3f701b8402ee1fbb36d688eb07dcbd125229d03c9816185fc3342955a253
core::sra_v2_2::toolqa_003::wrong_resource_pointer	core_audited_marked_sibling	sra_v2_2::toolqa_003::wrong_resource_pointer	core_marked_sibling	L0_CORE_MARKED_SIBLING	toolqa	test	1	core_all694_pool	sra_v2_2::toolqa_003::wrong_resource_pointer::helpful	sra_v2_2::toolqa_003::wrong_resource_pointer::execution_risk	no	core_admission_carried_forward	core_static_cue_clean_rebuilt	none	3452f67a4f5c09555d18fa2378b56f4a6423e24b73469a0e998f65b6f8b519c8	04f2379396df6043b585e52f0c4c24672b15e875b0c4b93eee5c9b3900f1cef2	5c72de348a042eabbf29fa7029e9a3321205730b160703296b0dfbd154879e92
core::sra_v2_2::toolqa_004::wrong_resource_pointer	core_audited_marked_sibling	sra_v2_2::toolqa_004::wrong_resource_pointer	core_marked_sibling	L0_CORE_MARKED_SIBLING	toolqa	train	1	core_all694_pool	sra_v2_2::toolqa_004::wrong_resource_pointer::helpful	sra_v2_2::toolqa_004::wrong_resource_pointer::execution_risk	no	core_admission_carried_forward	core_static_cue_clean_rebuilt	none	c7e1220c5633bf8c31d471098c9ea32d04fdfabf8f9cd4ddb96cf6de5e9efa39	80d7faa56bb0c99655f348d1756cd961003451d665ce6bb46629225446773cd0	461c0500eda796d2855a49f29fce051d569158c2b87a8840a01ca163f6f26290
core::sra_v2_2::toolqa_005::wrong_resource_pointer	core_audited_marked_sibling	sra_v2_2::toolqa_005::wrong_resource_pointer	core_marked_sibling	L0_CORE_MARKED_SIBLING	toolqa	test	1	core_all694_pool	sra_v2_2::toolqa_005::wrong_resource_pointer::helpful	sra_v2_2::toolqa_005::wrong_resource_pointer::execution_risk	no	core_admission_carried_forward	core_static_cue_clean_rebuilt	none	f461cfe1f898a5ccc92c29b3052c446197c8078dd30d40dcb98945a149be4833	b5a29f302c6c19bc3f0eaa68dd1392e2fbd56959187343db27eaebce0b249bb8	1141853b5817deca17a1368de13846b331cb193fbd1c695c35612ac447b3af21
core::sra_v2_2::toolqa_006::wrong_resource_pointer	core_audited_marked_sibling	sra_v2_2::toolqa_006::wrong_resource_pointer	core_marked_sibling	L0_CORE_MARKED_SIBLING	toolqa	test	1	core_all694_pool	sra_v2_2::toolqa_006::wrong_resource_pointer::helpful	sra_v2_2::toolqa_006::wrong_resource_pointer::execution_risk	no	core_admission_carried_forward	core_static_cue_clean_rebuilt	none	9828a256ccb678127a7d5f5f156bfae9fcffce020878bb119b59376fca1e3c39	14311eb00ae5649308c73834d803d6a809e1feb3279e8cd86b5cc7f37ddfe0df	b3b31bb14dcc0a51cc1550a59ba38e910bea5a648188d18f808268c738689105
core::sra_v2_2::toolqa_007::wrong_resource_pointer	core_audited_marked_sibling	sra_v2_2::toolqa_007::wrong_resource_pointer	core_marked_sibling	L0_CORE_MARKED_SIBLING	toolqa	train	1	core_all694_pool	sra_v2_2::toolqa_007::wrong_resource_pointer::helpful	sra_v2_2::toolqa_007::wrong_resource_pointer::execution_risk	no	core_admission_carried_forward	core_static_cue_clean_rebuilt	none	82e5877a11e4ae7129a2a31b452c011c515ddb6b13ce2cdfd465ff5197b78c6e	8f0484a7b657d6af761387c2f22553274cb5a5a4019403e3eafa07b3786e694d	72661e7adb4eec2618aaa2e7396960be64c4fa52e617e80a132b2017cf515b78
core::sra_v2_2::toolqa_008::wrong_resource_pointer	core_audited_marked_sibling	sra_v2_2::toolqa_008::wrong_resource_pointer	core_marked_sibling	L0_CORE_MARKED_SIBLING	toolqa	train	1	core_all694_pool	sra_v2_2::toolqa_008::wrong_resource_pointer::helpful	sra_v2_2::toolqa_008::wrong_resource_pointer::execution_risk	no	core_admission_carried_forward	core_static_cue_clean_rebuilt	none	53f7e76f97ddee251ad1197b36f5955d33d1f867f60ff6d423d61d33eac23ee4	71d6ef29c4ee31e255aa1c65f04cb50811a59d3018281c2f723fdfe9bd7cc022	3741e6796d7d1e22287b291aa33a5f6c9c3b155565febf577e9e0d0bbd1c7cd6
core::sra_v2_2::toolqa_009::wrong_resource_pointer	core_audited_marked_sibling	sra_v2_2::toolqa_009::wrong_resource_pointer	core_marked_sibling	L0_CORE_MARKED_SIBLING	toolqa	test	1	core_all694_pool	sra_v2_2::toolqa_009::wrong_resource_pointer::helpful	sra_v2_2::toolqa_009::wrong_resource_pointer::execution_risk	no	core_admission_carried_forward	core_static_cue_clean_rebuilt	none	ad80c4d42e53d498b4a4cbdd731c556c45fe0ee74f46c23a0796c9bfd9573c82	980944d679f510e9b8178bb2e1c6d46cdc16521ca87b8a385e6ce78d030c8e58	7b78ea7d6b3d472ab4bdf79b947395bb0e98878288f5ce2a8eda7804bed201a6
core::sra_v2_2::toolqa_010::wrong_resource_pointer	core_audited_marked_sibling	sra_v2_2::toolqa_010::wrong_resource_pointer	core_marked_sibling	L0_CORE_MARKED_SIBLING	toolqa	train	1	core_all694_pool	sra_v2_2::toolqa_010::wrong_resource_pointer::helpful	sra_v2_2::toolqa_010::wrong_resource_pointer::execution_risk	no	core_admission_carried_forward	core_static_cue_clean_rebuilt	none	603e3c0f760e25342f418bd4de161a077ab37844fcb0851e33bf12ae12948e85	0eab6bd94613b877ef0e7e19b5913644fac27c65c33ce62d4c4ae700ff26ab05	21959ae8d826f638105d3115ac38d2ca37c6f665181b96251ded009bf53611ea
core::sra_v2_2::toolqa_011::wrong_resource_pointer	core_audited_marked_sibling	sra_v2_2::toolqa_011::wrong_resource_pointer	core_marked_sibling	L0_CORE_MARKED_SIBLING	toolqa	test	1	core_all694_pool	sra_v2_2::toolqa_011::wrong_resource_pointer::helpful	sra_v2_2::toolqa_011::wrong_resource_pointer::execution_risk	no	core_admission_carried_forward	core_static_cue_clean_rebuilt	none	b4dbd3f2de29a782a0d3dfac7dced5a0733b6bcf9cdc423f29cdfc674f2f6e2d	3172c8522744c6c536cb60f68eb8b8a0d4ac65ef69e343a94627b116daab8707	dd773e7d4c7374d7d96c5d7cc07592751927e5a505776b3a021235599f367014
core::sra_v2_2::toolqa_012::wrong_resource_pointer	core_audited_marked_sibling	sra_v2_2::toolqa_012::wrong_resource_pointer	core_marked_sibling	L0_CORE_MARKED_SIBLING	toolqa	train	1	core_all694_pool	sra_v2_2::toolqa_012::wrong_resource_pointer::helpful	sra_v2_2::toolqa_012::wrong_resource_pointer::execution_risk	no	core_admission_carried_forward	core_static_cue_clean_rebuilt	none	f11860ea168ca63b71982b283f32de7d5b97d2f6e4d4f03823e558649ab56640	101ea9e431642ac7d502a4cadc153a3e26f7cf2bb36d31478f887f7520b60cf4	f782cdef54ee4eff0a7d397db28d4ce4a53123e4f9cf9877e42b7dada5169bfc
core::sra_v2_2::toolqa_013::wrong_resource_pointer	core_audited_marked_sibling	sra_v2_2::toolqa_013::wrong_resource_pointer	core_marked_sibling	L0_CORE_MARKED_SIBLING	toolqa	train	1	core_all694_pool	sra_v2_2::toolqa_013::wrong_resource_pointer::helpful	sra_v2_2::toolqa_013::wrong_resource_pointer::execution_risk	no	core_admission_carried_forward	core_static_cue_clean_rebuilt	none	afb8e964c72f957ecd1ea99724b28605060476f36077737948e529ff098771da	579ed5a8dea6cf8417998e5088fbb378f416dd576a0b6821cff4709902f71e2f	c472d0b965afd11ad4a9e49c15a4314b57dca42d7ba6f1c9e6403356af82faea
core::skillsbench_v2_2::econ-detrending-correlation::wrong_resource_pointer	core_audited_marked_sibling	skillsbench_v2_2::econ-detrending-correlation::wrong_resource_pointer	core_marked_sibling	L0_CORE_MARKED_SIBLING	skillsbench	dev	1	core_all694_pool	skillsbench_v2_2::econ-detrending-correlation::wrong_resource_pointer::helpful	skillsbench_v2_2::econ-detrending-correlation::wrong_resource_pointer::execution_risk	no	core_admission_carried_forward	core_static_cue_clean_rebuilt	none	1fe2602584cfb22f85357185f41a215f090deacc3fe7e730d15c5db4fc4496db	6974403f77701ae73051fe76c7ad726c294039999070e05dd253c8aeb0a8d623	3543cb59d6aa47ec69de128e2b49c785651c809595777c24033cd206eab3da3c
core::skillsbench_v2_2::lab-unit-harmonization::wrong_resource_pointer	core_audited_marked_sibling	skillsbench_v2_2::lab-unit-harmonization::wrong_resource_pointer	core_marked_sibling	L0_CORE_MARKED_SIBLING	skillsbench	train	1	core_all694_pool	skillsbench_v2_2::lab-unit-harmonization::wrong_resource_pointer::helpful	skillsbench_v2_2::lab-unit-harmonization::wrong_resource_pointer::execution_risk	no	core_admission_carried_forward	core_static_cue_clean_rebuilt	none	80b7703d35dae49e28a6defd7d309760ad2bacf72bb26bc183f5eea14728af45	c881f208513a5b10a163c5f2e33a39e7a936138c335f06f508bc71f389874d52	f81ec9cd27108f4cde580b50da90456fb6bfe80bde376d8695c795f866152f2b
core::skillsbench_v2_2::manufacturing-fjsp-optimization::wrong_resource_pointer	core_audited_marked_sibling	skillsbench_v2_2::manufacturing-fjsp-optimization::wrong_resource_pointer	core_marked_sibling	L0_CORE_MARKED_SIBLING	skillsbench	dev	1	core_all694_pool	skillsbench_v2_2::manufacturing-fjsp-optimization::wrong_resource_pointer::helpful	skillsbench_v2_2::manufacturing-fjsp-optimization::wrong_resource_pointer::execution_risk	no	core_admission_carried_forward	core_static_cue_clean_rebuilt	none	800a9a6d7da903c9d47c8e0e4beffb6633e576a2c6956aa4a09a7a64fb10e83c	a9651cebef72e7b244f8c18d495e2207ed7f5fa9d0b73b94af71bb089264d686	264a08c6148e75c23ac166d62014213663ab6c4d2fd25f2dbef8ae7a3e2702cc
core::skillsbench_v2_2::protein-expression-analysis::wrong_resource_pointer	core_audited_marked_sibling	skillsbench_v2_2::protein-expression-analysis::wrong_resource_pointer	core_marked_sibling	L0_CORE_MARKED_SIBLING	skillsbench	train	1	core_all694_pool	skillsbench_v2_2::protein-expression-analysis::wrong_resource_pointer::helpful	skillsbench_v2_2::protein-expression-analysis::wrong_resource_pointer::execution_risk	no	core_admission_carried_forward	core_static_cue_clean_rebuilt	none	ce106fc332022af29a5eb358cf31949baa8d1d76c9dd608306c8034e6910a907	798ec7b456d94d9d7a0321389090d0193e92fbb671e5ad1218279433340c47f8	9ade194228931c9b9cf92f3111a14abf28cac2b0494b89dcdc4457a1242b2b98
core::skillsbench_v2_2::reserves-at-risk-calc::wrong_resource_pointer	core_audited_marked_sibling	skillsbench_v2_2::reserves-at-risk-calc::wrong_resource_pointer	core_marked_sibling	L0_CORE_MARKED_SIBLING	skillsbench	train	1	core_all694_pool	skillsbench_v2_2::reserves-at-risk-calc::wrong_resource_pointer::helpful	skillsbench_v2_2::reserves-at-risk-calc::wrong_resource_pointer::execution_risk	no	core_admission_carried_forward	core_static_cue_clean_rebuilt	none	08267245645a5f895cd8a5d75676717c6f5239117759db0977f61c60a5604cfd	b0d6f78e9a724090444432151746b236efc8f5f2266fe8c79f93bc2b0ecd3d31	4582dd141b204b757a0b31ab3b17dedb617d8f0a852d4c8b59e9fc2c34d12f95
core::skillsbench_v2_2::shock-analysis-demand::wrong_resource_pointer	core_audited_marked_sibling	skillsbench_v2_2::shock-analysis-demand::wrong_resource_pointer	core_marked_sibling	L0_CORE_MARKED_SIBLING	skillsbench	train	1	core_all694_pool	skillsbench_v2_2::shock-analysis-demand::wrong_resource_pointer::helpful	skillsbench_v2_2::shock-analysis-demand::wrong_resource_pointer::execution_risk	no	core_admission_carried_forward	core_static_cue_clean_rebuilt	none	43473a3f4a69b78aa7e0ab4c42568dc7c047df7a4cb596ac269f2fef6c07319e	1811a9ec2c27c3624c38b5ce070b4acc6ebfeacba829c5f6ab926a7c369c9e78	362a125894d02390601ab29cdf8183000f79be4dfbe2e546d36ed0d7521ad9de
core::skillsbench_v2_2::shock-analysis-supply::wrong_resource_pointer	core_audited_marked_sibling	skillsbench_v2_2::shock-analysis-supply::wrong_resource_pointer	core_marked_sibling	L0_CORE_MARKED_SIBLING	skillsbench	train	1	core_all694_pool	skillsbench_v2_2::shock-analysis-supply::wrong_resource_pointer::helpful	skillsbench_v2_2::shock-analysis-supply::wrong_resource_pointer::execution_risk	no	core_admission_carried_forward	core_static_cue_clean_rebuilt	none	2a2730fffe52db4d9595cdc3d3a7a5108c50c64ee0a6615c571be7d351625af4	b0d6f78e9a724090444432151746b236efc8f5f2266fe8c79f93bc2b0ecd3d31	9772805bdeacf52e2eb44bb5cde7bb3fbdf84710fe3bbbc122b9f38d26898a0c
core::skillsbench_v2_2::weighted-gdp-calc::wrong_resource_pointer	core_audited_marked_sibling	skillsbench_v2_2::weighted-gdp-calc::wrong_resource_pointer	core_marked_sibling	L0_CORE_MARKED_SIBLING	skillsbench	train	1	core_all694_pool	skillsbench_v2_2::weighted-gdp-calc::wrong_resource_pointer::helpful	skillsbench_v2_2::weighted-gdp-calc::wrong_resource_pointer::execution_risk	no	core_admission_carried_forward	core_static_cue_clean_rebuilt	none	40a641466744a680d1f689d5698c902afed0d02148246e57469fe2b70358e039	41d2a598ff09d40cfec9b662fd0f38e4d871d50e92a0d9573af754fd710059dc	077ef90154dc707a4bbda9a7a2c1bc0e2d18ddc65c081c015c043bb9ab5b8da9
core::skillsbench_v2_2::3d-scan-calc::wrong_resource_pointer	core_audited_marked_sibling	skillsbench_v2_2::3d-scan-calc::wrong_resource_pointer	core_marked_sibling	L0_CORE_MARKED_SIBLING	skillsbench	train	1	core_all694_pool	skillsbench_v2_2::3d-scan-calc::wrong_resource_pointer::helpful	skillsbench_v2_2::3d-scan-calc::wrong_resource_pointer::execution_risk	no	core_admission_carried_forward	core_static_cue_clean_rebuilt	none	9524c1a3f03aebc7be6e009c1d8f9fedd4503592205684d4f6a64dde6ee80d47	e1a2ec616ae383e8e306a29356b6478bf886925c3e0e9d9446c265708caba6d3	30e925bc5e1ca2244956b8b95ae2d99ef55cf4a3c4443083ef080c472758a437
core::skillsbench_v2_2::ada-bathroom-plan-repair::wrong_resource_pointer	core_audited_marked_sibling	skillsbench_v2_2::ada-bathroom-plan-repair::wrong_resource_pointer	core_marked_sibling	L0_CORE_MARKED_SIBLING	skillsbench	train	1	core_all694_pool	skillsbench_v2_2::ada-bathroom-plan-repair::wrong_resource_pointer::helpful	skillsbench_v2_2::ada-bathroom-plan-repair::wrong_resource_pointer::execution_risk	no	core_admission_carried_forward	core_static_cue_clean_rebuilt	none	0af34f55b75762ad6d6af1d63d20cca08d1b21a0a206bb0b0c0364af33dddf8b	1b548c1d5fe1c3a2b3cf840e789a23e28037b01a49c1ba06a9c533be39a598eb	d3e8cbce91942e70344771b69cfa6bc7b7b46b60150512567b90df22ceed3ced
core::skillsbench_v2_2::civ6-adjacency-optimizer::wrong_resource_pointer	core_audited_marked_sibling	skillsbench_v2_2::civ6-adjacency-optimizer::wrong_resource_pointer	core_marked_sibling	L0_CORE_MARKED_SIBLING	skillsbench	test	1	core_all694_pool	skillsbench_v2_2::civ6-adjacency-optimizer::wrong_resource_pointer::helpful	skillsbench_v2_2::civ6-adjacency-optimizer::wrong_resource_pointer::execution_risk	no	core_admission_carried_forward	core_static_cue_clean_rebuilt	none	ba15e441239d66d31005e10e17d01749ad3a77af129afcb46dca800475cb910b	e9bdb7ed3148a932d4b83724a8afa370a3f8669a683f762f29a59195b633c352	a160a2462b9f130c972594d3472733d7c46a9e9a7d3da74b1c7ccbf02fd2f99c
core::skillsbench_v2_2::court-form-filling::wrong_resource_pointer	core_audited_marked_sibling	skillsbench_v2_2::court-form-filling::wrong_resource_pointer	core_marked_sibling	L0_CORE_MARKED_SIBLING	skillsbench	test	1	core_all694_pool	skillsbench_v2_2::court-form-filling::wrong_resource_pointer::helpful	skillsbench_v2_2::court-form-filling::wrong_resource_pointer::execution_risk	no	core_admission_carried_forward	core_static_cue_clean_rebuilt	none	0a86df0a33025e2a5cbc138dfd9be8bbe951ba98eacb2a3f971ee95e93ef1d1f	90191ee3bd9d9fadb929bae1615f54af1c1f953795c62360de93a22a6d539353	a42b79570a05e1bbeb63477df2183b75125ae294aa03904670fc5818a21f9a16
core::skillsbench_v2_2::crystallographic-wyckoff-position-analysis::stale_api_reference	core_audited_marked_sibling	skillsbench_v2_2::crystallographic-wyckoff-position-analysis::stale_api_reference	core_marked_sibling	L0_CORE_MARKED_SIBLING	skillsbench	train	1	core_all694_pool	skillsbench_v2_2::crystallographic-wyckoff-position-analysis::stale_api_reference::helpful	skillsbench_v2_2::crystallographic-wyckoff-position-analysis::stale_api_reference::execution_risk	no	core_admission_carried_forward	core_static_cue_clean_rebuilt	none	f9edf58cc8ffde5545c1ffa43a043a1ef74f125ed87bd16fb1ed48ae10b326c8	7a4b8d74780fc764d865d45e05088238dfaaa8ecece2d4de1c2c052ae6d40f4c	ee3396355de755b7d8267034e35c3df84b220f867b2468a6ad1546b030445480
core::skillsbench_v2_2::dapt-intrusion-detection::wrong_resource_pointer	core_audited_marked_sibling	skillsbench_v2_2::dapt-intrusion-detection::wrong_resource_pointer	core_marked_sibling	L0_CORE_MARKED_SIBLING	skillsbench	test	1	core_all694_pool	skillsbench_v2_2::dapt-intrusion-detection::wrong_resource_pointer::helpful	skillsbench_v2_2::dapt-intrusion-detection::wrong_resource_pointer::execution_risk	no	core_admission_carried_forward	core_static_cue_clean_rebuilt	none	569faf67fc4c02d6c1bbc63ce0d243ac7687cb85a4668a0d780e4d1da3bf4861	4deb16666fd15cd29f6c392b027efbfb16d746d11c937f6b9e93f29fedce7bc3	6fcaa0590a15148145faf74e50d366b0d88aadd68878799c06478a6d55086faa
core::skillsbench_v2_2::edit-pdf::wrong_resource_pointer	core_audited_marked_sibling	skillsbench_v2_2::edit-pdf::wrong_resource_pointer	core_marked_sibling	L0_CORE_MARKED_SIBLING	skillsbench	train	1	core_all694_pool	skillsbench_v2_2::edit-pdf::wrong_resource_pointer::helpful	skillsbench_v2_2::edit-pdf::wrong_resource_pointer::execution_risk	no	core_admission_carried_forward	core_static_cue_clean_rebuilt	none	de03e8b193d43a234772861c0ca107c4348306c2a51c5b1f7749a6f5bb8f64cb	c2f5fcadb4d1869883a5a7fdbcb90f26ddb86f33b24eb35ed9b7ca53e124c79f	9b52d3840701d4fe960089b261f136909395843e6a55868189b8fc6db7e538ea
core::skillsbench_v2_2::enterprise-information-search::wrong_resource_pointer	core_audited_marked_sibling	skillsbench_v2_2::enterprise-information-search::wrong_resource_pointer	core_marked_sibling	L0_CORE_MARKED_SIBLING	skillsbench	train	1	core_all694_pool	skillsbench_v2_2::enterprise-information-search::wrong_resource_pointer::helpful	skillsbench_v2_2::enterprise-information-search::wrong_resource_pointer::execution_risk	no	core_admission_carried_forward	core_static_cue_clean_rebuilt	none	97869fdd07f3dfe05d26bd2f33a0be86776df6f6df6917e064e640aa0ea1b32c	fc9e11a4867c7ee34a5aee47cf8d6c2b25759be376abc52fcf083fc85bd9bb9b	1d3d51220f0f3247e0e6ce0b984110ef44384c9f84b9990ceeb4e140aa32ff00
core::skillsbench_v2_2::exceltable-in-ppt::wrong_resource_pointer	core_audited_marked_sibling	skillsbench_v2_2::exceltable-in-ppt::wrong_resource_pointer	core_marked_sibling	L0_CORE_MARKED_SIBLING	skillsbench	train	1	core_all694_pool	skillsbench_v2_2::exceltable-in-ppt::wrong_resource_pointer::helpful	skillsbench_v2_2::exceltable-in-ppt::wrong_resource_pointer::execution_risk	no	core_admission_carried_forward	core_static_cue_clean_rebuilt	none	1519cef90f476b11fe1a00c066b74e674d812ce35c641f3a9d6ed9ad0c77949f	fb4b475ddf7702970a2dac4fe55826a727480a6489b5024dc652603404da45b1	7e2e75444cbe9decc66e65f5763206b5528019d2b2f338a890bce693abd8a690
core::skillsbench_v2_2::financial-modeling-qa::wrong_resource_pointer	core_audited_marked_sibling	skillsbench_v2_2::financial-modeling-qa::wrong_resource_pointer	core_marked_sibling	L0_CORE_MARKED_SIBLING	skillsbench	test	1	core_all694_pool	skillsbench_v2_2::financial-modeling-qa::wrong_resource_pointer::helpful	skillsbench_v2_2::financial-modeling-qa::wrong_resource_pointer::execution_risk	no	core_admission_carried_forward	core_static_cue_clean_rebuilt	none	50877002821c4af295ad6065b1f34d423e4c0d75889c3c97e615373ac60112f9	7231d80c23c3a009ba3b3e44735de5e734124e015415db3e3f316498111485a5	1ba84410ea039032b0412c7b269a25ded327afed50580b63c2e2b5a3d3c0857c
core::skillsbench_v2_2::flood-risk-analysis::wrong_precondition	core_audited_marked_sibling	skillsbench_v2_2::flood-risk-analysis::wrong_precondition	core_marked_sibling	L0_CORE_MARKED_SIBLING	skillsbench	train	1	core_all694_pool	skillsbench_v2_2::flood-risk-analysis::wrong_precondition::helpful	skillsbench_v2_2::flood-risk-analysis::wrong_precondition::execution_risk	no	core_admission_carried_forward	core_static_cue_clean_rebuilt	none	ba6b8a62c9fbdf0ed1c4445e14068a7d8d887c6ace2fcf9d0ad1bd6e0ce7b75b	0a2e48d5ae4bbea648185f88a0d8726090743aa6a110fe878357a4cc52b44495	532c5bfc138574e8fb958ddd2f165ad3125e803a7cb35774d6dc2bbfd96261fb
core::skillsbench_v2_2::invoice-fraud-detection::wrong_resource_pointer	core_audited_marked_sibling	skillsbench_v2_2::invoice-fraud-detection::wrong_resource_pointer	core_marked_sibling	L0_CORE_MARKED_SIBLING	skillsbench	train	1	core_all694_pool	skillsbench_v2_2::invoice-fraud-detection::wrong_resource_pointer::helpful	skillsbench_v2_2::invoice-fraud-detection::wrong_resource_pointer::execution_risk	no	core_admission_carried_forward	core_static_cue_clean_rebuilt	none	72cdeb34c90fc050458ad80f8049de3351fb3eeaeeb8071e5c9bbc51532c8d6d	5b71e86ec559f838d40bc2cb304db99222908b29e8e360955ced3b9ef83e9aac	8b7e1d5f12c55c740bc7fc10cc2c01cad8a07798113159fce27aa9d1c120a508
core::skillsbench_v2_2::lake-warming-attribution::wrong_resource_pointer	core_audited_marked_sibling	skillsbench_v2_2::lake-warming-attribution::wrong_resource_pointer	core_marked_sibling	L0_CORE_MARKED_SIBLING	skillsbench	train	1	core_all694_pool	skillsbench_v2_2::lake-warming-attribution::wrong_resource_pointer::helpful	skillsbench_v2_2::lake-warming-attribution::wrong_resource_pointer::execution_risk	no	core_admission_carried_forward	core_static_cue_clean_rebuilt	none	5c9d251ad77db347e6260049060c18e80f0c5c42b89029e136a70b245d7c90e0	ec9a6378fb08e41d4c6f83c8006091723104a4d72d5d06c58fc9af806c7c54f4	5cdbfa4417655094a375612db545e426ee7ebdd3659d4a0f9f3ab69a9d768369
core::skillsbench_v2_2::llm-prefix-cache-replay::wrong_resource_pointer	core_audited_marked_sibling	skillsbench_v2_2::llm-prefix-cache-replay::wrong_resource_pointer	core_marked_sibling	L0_CORE_MARKED_SIBLING	skillsbench	dev	1	core_all694_pool	skillsbench_v2_2::llm-prefix-cache-replay::wrong_resource_pointer::helpful	skillsbench_v2_2::llm-prefix-cache-replay::wrong_resource_pointer::execution_risk	no	core_admission_carried_forward	core_static_cue_clean_rebuilt	none	295fc76d7b6a8b93392faa35cc27779ca80d061f5126f6c638047350a4badfb4	2e7f909173f26fe7c3515c21aecd3dcee682807c98e6f7a47252a8cb7097772a	57eec34ff91c28323818b3a92a31796305b757a27293ff948268c626a9e336d8
core::skillsbench_v2_2::manufacturing-codebook-normalization::wrong_resource_pointer	core_audited_marked_sibling	skillsbench_v2_2::manufacturing-codebook-normalization::wrong_resource_pointer	core_marked_sibling	L0_CORE_MARKED_SIBLING	skillsbench	train	1	core_all694_pool	skillsbench_v2_2::manufacturing-codebook-normalization::wrong_resource_pointer::helpful	skillsbench_v2_2::manufacturing-codebook-normalization::wrong_resource_pointer::execution_risk	no	core_admission_carried_forward	core_static_cue_clean_rebuilt	none	121098910a3595f7f85d1711f211d092a1611dd20082f2c9a821a9add938a007	b2619712cf1d85f550bcd83c40ff6c4f69db89b12906366e23042c764bf7800c	c017c43fc11d440c8acc5b1f9cd293b25d16db9ae0f079c4f11c37e1b696505c
core::skillsbench_v2_2::manufacturing-equipment-maintenance::wrong_resource_pointer	core_audited_marked_sibling	skillsbench_v2_2::manufacturing-equipment-maintenance::wrong_resource_pointer	core_marked_sibling	L0_CORE_MARKED_SIBLING	skillsbench	train	1	core_all694_pool	skillsbench_v2_2::manufacturing-equipment-maintenance::wrong_resource_pointer::helpful	skillsbench_v2_2::manufacturing-equipment-maintenance::wrong_resource_pointer::execution_risk	no	core_admission_carried_forward	core_static_cue_clean_rebuilt	none	4b104d47845c15a8fca383ab00242a0a39c534c6a205950ae6b3c9fb0a228d90	c7634f6abf1bf91951e85f4c8aa74fefd7ef11ef1f45b340282b4af8bee0a8df	bc2872385a6b17956202fe47032a1e92fa850a6922fe7bbf92ae6989c4eb298e
core::skillsbench_v2_2::mars-clouds-clustering::wrong_resource_pointer	core_audited_marked_sibling	skillsbench_v2_2::mars-clouds-clustering::wrong_resource_pointer	core_marked_sibling	L0_CORE_MARKED_SIBLING	skillsbench	train	1	core_all694_pool	skillsbench_v2_2::mars-clouds-clustering::wrong_resource_pointer::helpful	skillsbench_v2_2::mars-clouds-clustering::wrong_resource_pointer::execution_risk	no	core_admission_carried_forward	core_static_cue_clean_rebuilt	none	2cdef7629a2918e8322ceaaec2f2651e357202e15cfb9bc073836441ec92b3d8	a1432a52c6dd42b876a2dd7020d28ed1fc9ccdb62c71d5788f969257ef559f6d	608748baa501b6742c9fc7991a0234937bf79d70d90c036e8041b59f49a22dc3
core::skillsbench_v2_2::offer-letter-generator::wrong_resource_pointer	core_audited_marked_sibling	skillsbench_v2_2::offer-letter-generator::wrong_resource_pointer	core_marked_sibling	L0_CORE_MARKED_SIBLING	skillsbench	train	1	core_all694_pool	skillsbench_v2_2::offer-letter-generator::wrong_resource_pointer::helpful	skillsbench_v2_2::offer-letter-generator::wrong_resource_pointer::execution_risk	no	core_admission_carried_forward	core_static_cue_clean_rebuilt	none	f01257542e80086d579a0d8c427450a68d3147c0e6993039328e1c08852c4abc	a62c68e2797424fd53ebeba2121453452c636591f0a30ac46986986a8366d06b	7683d3eb5a1cbbdb33b7b1b8f7dbf0bb36b35b4e9ec0a2e6af9b5c83bb66aa5f
core::skillsbench_v2_2::pptx-reference-formatting::wrong_resource_pointer	core_audited_marked_sibling	skillsbench_v2_2::pptx-reference-formatting::wrong_resource_pointer	core_marked_sibling	L0_CORE_MARKED_SIBLING	skillsbench	train	1	core_all694_pool	skillsbench_v2_2::pptx-reference-formatting::wrong_resource_pointer::helpful	skillsbench_v2_2::pptx-reference-formatting::wrong_resource_pointer::execution_risk	no	core_admission_carried_forward	core_static_cue_clean_rebuilt	none	72371e707a36efc20f1ac3286960f934fc390b0ecac4dc536a2a5e4e85560a89	b3207a1af6f9d50eab95fc7d576fb12607eff08268349989869b86901b771952	a2300e3ea3df8a1cd8bdbd7930a93a3603fe45f9c9e03afc477002dfdf107d61
core::skillsbench_v2_2::radar-vital-signs::wrong_resource_pointer	core_audited_marked_sibling	skillsbench_v2_2::radar-vital-signs::wrong_resource_pointer	core_marked_sibling	L0_CORE_MARKED_SIBLING	skillsbench	train	1	core_all694_pool	skillsbench_v2_2::radar-vital-signs::wrong_resource_pointer::helpful	skillsbench_v2_2::radar-vital-signs::wrong_resource_pointer::execution_risk	no	core_admission_carried_forward	core_static_cue_clean_rebuilt	none	55fca9c672f2bf1afe9bf58e5c4c98aa2da494f58443f6a65d1ec918ffe94037	007763803884429933de07e52c0d94d8fcc8980df3cf4d23cb66fb835fbc05f6	32624add88f1a4c37ab721af457db6db71fe1db6610aedc0366622fcf5548d36
core::skillsbench_v2_2::sales-pivot-analysis::wrong_resource_pointer	core_audited_marked_sibling	skillsbench_v2_2::sales-pivot-analysis::wrong_resource_pointer	core_marked_sibling	L0_CORE_MARKED_SIBLING	skillsbench	dev	1	core_all694_pool	skillsbench_v2_2::sales-pivot-analysis::wrong_resource_pointer::helpful	skillsbench_v2_2::sales-pivot-analysis::wrong_resource_pointer::execution_risk	no	core_admission_carried_forward	core_static_cue_clean_rebuilt	none	e08dac12ed00aa70e66b121467503f149e4f7415146b98fbc7ad14fd68ecadf9	bc1b54b563b7f9b979553f15b19ad0b9fb89d9924d3e6aa81545e5c0acd8389e	3ac57d484f85bbb69a2ad230d7789728d5d68c6e9602e3ea863e03c4d890d24d
core::skillsbench_v2_2::threejs-structure-parser::stale_api_reference	core_audited_marked_sibling	skillsbench_v2_2::threejs-structure-parser::stale_api_reference	core_marked_sibling	L0_CORE_MARKED_SIBLING	skillsbench	train	1	core_all694_pool	skillsbench_v2_2::threejs-structure-parser::stale_api_reference::helpful	skillsbench_v2_2::threejs-structure-parser::stale_api_reference::execution_risk	no	core_admission_carried_forward	core_static_cue_clean_rebuilt	none	852dcd9c9433a1290cf1e769e10898b1936eefebea30a0d568d4de216a92a0fc	846acc7f6d1b1678395fb3b058a6a97e57a02b853ebf03ef0d3a0ab4205e3486	4b93e7347975891e6f864b294f804e3e0817763ad3115267f4aae663f411cbf7
core::skillsbench_v2_2::threejs-to-obj::stale_api_reference	core_audited_marked_sibling	skillsbench_v2_2::threejs-to-obj::stale_api_reference	core_marked_sibling	L0_CORE_MARKED_SIBLING	skillsbench	train	1	core_all694_pool	skillsbench_v2_2::threejs-to-obj::stale_api_reference::helpful	skillsbench_v2_2::threejs-to-obj::stale_api_reference::execution_risk	no	core_admission_carried_forward	core_static_cue_clean_rebuilt	none	3ed65f8b545597cf93476deddc9958ce68c009d17aa0740d8a83a82cbd5d6bf4	fd8597ff92a3168a2c3a12576f1d6ffd32bcd722a5ed165a08fe267592e60eb6	aae706800aecf8783ecf7843fec29d1ecd523c3885b4c6d0f3ced01b7bf7ff19
core::swe_skills_bench::analytics-events::deterministic_oracle	core_audited_marked_sibling	swe_skills_bench::analytics-events::deterministic_oracle	core_marked_sibling	L0_CORE_MARKED_SIBLING	swe_skills_bench	extension_swe	1	core_all694_pool	swe_skills_bench::analytics-events::deterministic_oracle::helpful	swe_skills_bench::analytics-events::deterministic_oracle::execution_risk	no	core_admission_carried_forward	core_static_cue_clean_rebuilt	none	bc672d0a5a796da1cda53431419b53615e8dd2d5ed62bff1bd9eba147190cb82	bbe4f16e0c21e549c10edf5b46625330bcb50db7d4d5f90a28a057283d79ec00	393ead19c2967711852ece78c0e75e90b08277bd2868de194eae9c72cc0d5369
core::swe_skills_bench::analyze-ci::deterministic_oracle	core_audited_marked_sibling	swe_skills_bench::analyze-ci::deterministic_oracle	core_marked_sibling	L0_CORE_MARKED_SIBLING	swe_skills_bench	extension_swe	1	core_all694_pool	swe_skills_bench::analyze-ci::deterministic_oracle::helpful	swe_skills_bench::analyze-ci::deterministic_oracle::execution_risk	no	core_admission_carried_forward	core_static_cue_clean_rebuilt	none	ea572706f83747a0b2cdfac38517fb84acb108b1c9cd0f56c4f0bb5a9e518ded	9a5e1011a2bb01783a8fb21b5dfc0ae6d7a6e9c290eb3dafcf9501100d829385	4981ab990d48db7e4c60f23e53003360e700d4d3c172864158c3a5efb8a0d05b
core::swe_skills_bench::bash-defensive-patterns::deterministic_oracle	core_audited_marked_sibling	swe_skills_bench::bash-defensive-patterns::deterministic_oracle	core_marked_sibling	L0_CORE_MARKED_SIBLING	swe_skills_bench	extension_swe	1	core_all694_pool	swe_skills_bench::bash-defensive-patterns::deterministic_oracle::helpful	swe_skills_bench::bash-defensive-patterns::deterministic_oracle::execution_risk	no	core_admission_carried_forward	core_static_cue_clean_rebuilt	none	19988667bc70135f230bacbfcd0c6477d0946c8b72e017be563b65f29770f339	1bbede8b44ba15a9a1dbde17ef61b7f7ab739892732e284bc327ed95d56f2945	901fecb117dbdb94e4473c50c20ada9a832c49fe92eb78d1d04fb9719ccb2213
core::swe_skills_bench::bazel-build-optimization::deterministic_oracle	core_audited_marked_sibling	swe_skills_bench::bazel-build-optimization::deterministic_oracle	core_marked_sibling	L0_CORE_MARKED_SIBLING	swe_skills_bench	extension_swe	1	core_all694_pool	swe_skills_bench::bazel-build-optimization::deterministic_oracle::helpful	swe_skills_bench::bazel-build-optimization::deterministic_oracle::execution_risk	no	core_admission_carried_forward	core_static_cue_clean_rebuilt	none	03f59ebebc10d83aaa475b69562e1cd908b7d465ef332fcfcd6a9d290b5d37a8	c596a2ba9debdacb68f2348436dd26c9c94c8bbcdc0187b81d93cb57005361a9	67a1bcd9fe8ecd0542f17322b42ae7b6e68dd7ef12a7e88a70318e275872cc48
core::swe_skills_bench::changelog-automation::deterministic_oracle	core_audited_marked_sibling	swe_skills_bench::changelog-automation::deterministic_oracle	core_marked_sibling	L0_CORE_MARKED_SIBLING	swe_skills_bench	extension_swe	1	core_all694_pool	swe_skills_bench::changelog-automation::deterministic_oracle::helpful	swe_skills_bench::changelog-automation::deterministic_oracle::execution_risk	no	core_admission_carried_forward	core_static_cue_clean_rebuilt	none	74df47eaa730f2dec1f47dbefd4dc6fd92e26712ab9fafb9a6be49accb853c5e	3b5fc90d13fa54918da996f84920eeb233efdb597decd77728f4c2d1d84049e6	a529d1df62f97a89358292b237f7b28d8c4a90d819cc2e0880432f98bc5d3b73
core::swe_skills_bench::creating-financial-models::deterministic_oracle	core_audited_marked_sibling	swe_skills_bench::creating-financial-models::deterministic_oracle	core_marked_sibling	L0_CORE_MARKED_SIBLING	swe_skills_bench	extension_swe	1	core_all694_pool	swe_skills_bench::creating-financial-models::deterministic_oracle::helpful	swe_skills_bench::creating-financial-models::deterministic_oracle::execution_risk	no	core_admission_carried_forward	core_static_cue_clean_rebuilt	none	6a404e824c01dcd814cb90e5d489af247d3da8abfa9db54a7e94731ead986a6c	c6fd5ad7cb6d3abe013187455c3406019c6694c17b1ee389ea1e4c0f23eba8cb	348aa001eb2f1123692977044f8f31ff78f2516ba49e7fc48a8a520db9de2a38
core::swe_skills_bench::dbt-transformation-patterns::deterministic_oracle	core_audited_marked_sibling	swe_skills_bench::dbt-transformation-patterns::deterministic_oracle	core_marked_sibling	L0_CORE_MARKED_SIBLING	swe_skills_bench	extension_swe	1	core_all694_pool	swe_skills_bench::dbt-transformation-patterns::deterministic_oracle::helpful	swe_skills_bench::dbt-transformation-patterns::deterministic_oracle::execution_risk	no	core_admission_carried_forward	core_static_cue_clean_rebuilt	none	306035b2013ab9442c4499518ed065c5bfada84192e940b84773c3912c1966bd	323cac3761e42e9fd99cefc0a138c1292d3023f79cf8c1b861ac0ebdefbd2803	52036abc48ccbfcebf3341b484a490ac46d0eb3a319bc6d8f92af627a332d6f4
core::swe_skills_bench::distributed-tracing::deterministic_oracle	core_audited_marked_sibling	swe_skills_bench::distributed-tracing::deterministic_oracle	core_marked_sibling	L0_CORE_MARKED_SIBLING	swe_skills_bench	extension_swe	1	core_all694_pool	swe_skills_bench::distributed-tracing::deterministic_oracle::helpful	swe_skills_bench::distributed-tracing::deterministic_oracle::execution_risk	no	core_admission_carried_forward	core_static_cue_clean_rebuilt	none	3cc1800c9297427705aed54d27b380244b2968ddb349020973c1fb7d01492dda	473485e92f5eda28d1de34cdfafc311ea47d914eef6612a2728037cf5fe0a983	7ad5bd3dfa4f1a3aa273583c72efa0d611034e17687ab06c2fafa3b48d445e92
core::swe_skills_bench::github-actions-templates::deterministic_oracle	core_audited_marked_sibling	swe_skills_bench::github-actions-templates::deterministic_oracle	core_marked_sibling	L0_CORE_MARKED_SIBLING	swe_skills_bench	extension_swe	1	core_all694_pool	swe_skills_bench::github-actions-templates::deterministic_oracle::helpful	swe_skills_bench::github-actions-templates::deterministic_oracle::execution_risk	no	core_admission_carried_forward	core_static_cue_clean_rebuilt	none	238314d022b80e760bdf3ab931efe45a60e026bf62bfdc626027d846430dc7f2	318855106faad4f2c4f5c78f8aa33f5ddcc4cca746804c88878b6670e9207915	c813490a5b92778910e43045d479ecf3aea8c940131422bd9e111f1ae7bfc143
core::swe_skills_bench::gitlab-ci-patterns::deterministic_oracle	core_audited_marked_sibling	swe_skills_bench::gitlab-ci-patterns::deterministic_oracle	core_marked_sibling	L0_CORE_MARKED_SIBLING	swe_skills_bench	extension_swe	1	core_all694_pool	swe_skills_bench::gitlab-ci-patterns::deterministic_oracle::helpful	swe_skills_bench::gitlab-ci-patterns::deterministic_oracle::execution_risk	no	core_admission_carried_forward	core_static_cue_clean_rebuilt	none	833842df9d6538ac3127a7c063cc10c3e6e39fe863e05cf71737506af6dba3b2	109b4492fc273fde54f1b27b9e94e36011ecbfe37f1fdeccc449db4ae7d1bd6d	3ccc1c05c635eeb2aeaa964945ca141c53ae98f21cb1e8fdac4af40dc69bc639
core::swe_skills_bench::grafana-dashboards::deterministic_oracle	core_audited_marked_sibling	swe_skills_bench::grafana-dashboards::deterministic_oracle	core_marked_sibling	L0_CORE_MARKED_SIBLING	swe_skills_bench	extension_swe	1	core_all694_pool	swe_skills_bench::grafana-dashboards::deterministic_oracle::helpful	swe_skills_bench::grafana-dashboards::deterministic_oracle::execution_risk	no	core_admission_carried_forward	core_static_cue_clean_rebuilt	none	3ea8c953e5beece7f950e27c6d4314b9c2730e17192996889a0290af9a5dfab3	1b96796582470f5b4fa379fdca10ccffd3c591b5d2e5667b35faaa55503bdeb8	a18ff3b811390f9ebf355a709b4f709114471c3a2d686f71c49022a158f23abc
core::swe_skills_bench::implementing-agent-modes::deterministic_oracle	core_audited_marked_sibling	swe_skills_bench::implementing-agent-modes::deterministic_oracle	core_marked_sibling	L0_CORE_MARKED_SIBLING	swe_skills_bench	extension_swe	1	core_all694_pool	swe_skills_bench::implementing-agent-modes::deterministic_oracle::helpful	swe_skills_bench::implementing-agent-modes::deterministic_oracle::execution_risk	no	core_admission_carried_forward	core_static_cue_clean_rebuilt	none	22c50d447aff45cf3fe3dadf523d06bc8ae14492fb62ae211df2b445180e9d37	0c8b70e4e00f06fa3624786f08807a3e187112f1367ee226896f9ed45e16211b	e54ae66de7e8d402301f9133df1bba9575c68f187bb14c4a6d364a68f14bde50
core::swe_skills_bench::implementing-jsc-classes-zig::deterministic_oracle	core_audited_marked_sibling	swe_skills_bench::implementing-jsc-classes-zig::deterministic_oracle	core_marked_sibling	L0_CORE_MARKED_SIBLING	swe_skills_bench	extension_swe	1	core_all694_pool	swe_skills_bench::implementing-jsc-classes-zig::deterministic_oracle::helpful	swe_skills_bench::implementing-jsc-classes-zig::deterministic_oracle::execution_risk	no	core_admission_carried_forward	core_static_cue_clean_rebuilt	none	394acf653793780cf31a687fc1f5dec43c803b7adee96a93fd0dcee4496e5f54	17056f0549d2d96aeddde5b9d14c39c5f9096d592817120a6ffd5f57a536fe72	2acc69b6d1074f2cbf55d1356de314dcd8f48cf9f2537d81dc3fe31ef76e1de3
core::swe_skills_bench::langsmith-fetch::deterministic_oracle	core_audited_marked_sibling	swe_skills_bench::langsmith-fetch::deterministic_oracle	core_marked_sibling	L0_CORE_MARKED_SIBLING	swe_skills_bench	extension_swe	1	core_all694_pool	swe_skills_bench::langsmith-fetch::deterministic_oracle::helpful	swe_skills_bench::langsmith-fetch::deterministic_oracle::execution_risk	no	core_admission_carried_forward	core_static_cue_clean_rebuilt	none	f19da5121630582c9e537b590dac1968a876578265a152e9af667cfa47d33439	bf6a7ab27abb3b6eb0afdc5cd682175fba465183b5df35c061f1d45472d3fe97	8a5ec26bb44d191934573506d418e39bf553a3dce24eefb5cea9bbdb5bf27ff6
core::swe_skills_bench::linkerd-patterns::deterministic_oracle	core_audited_marked_sibling	swe_skills_bench::linkerd-patterns::deterministic_oracle	core_marked_sibling	L0_CORE_MARKED_SIBLING	swe_skills_bench	extension_swe	1	core_all694_pool	swe_skills_bench::linkerd-patterns::deterministic_oracle::helpful	swe_skills_bench::linkerd-patterns::deterministic_oracle::execution_risk	no	core_admission_carried_forward	core_static_cue_clean_rebuilt	none	344ebb9f7c33be9cafdceead7945e10ca0c37e15bd3f541cf3599b18e65d1ee4	695e6fa308fb3507d0ed0d3e3a436f0749bcdd4c997480a164abddbd148037a3	a420eb06165c609ab218118c331956a9362d25ca4a65b495d107c1eddccc9a5a
core::swe_skills_bench::llm-evaluation::deterministic_oracle	core_audited_marked_sibling	swe_skills_bench::llm-evaluation::deterministic_oracle	core_marked_sibling	L0_CORE_MARKED_SIBLING	swe_skills_bench	extension_swe	1	core_all694_pool	swe_skills_bench::llm-evaluation::deterministic_oracle::helpful	swe_skills_bench::llm-evaluation::deterministic_oracle::execution_risk	no	core_admission_carried_forward	core_static_cue_clean_rebuilt	none	97dd5485ff08b2918b0b657059d747ca6bbf5f3f2ef1e428491cff1fa030cc4b	81faf04f5f6031c69d75bfdd4a6b0eea1df9c0167fe524646f56351341d4f336	87ec0df0104f1c622ed6f21a8a5144d4d696b1ed7930be0f0eb590ea0f0d7bbd
core::swe_skills_bench::nx-workspace-patterns::deterministic_oracle	core_audited_marked_sibling	swe_skills_bench::nx-workspace-patterns::deterministic_oracle	core_marked_sibling	L0_CORE_MARKED_SIBLING	swe_skills_bench	extension_swe	1	core_all694_pool	swe_skills_bench::nx-workspace-patterns::deterministic_oracle::helpful	swe_skills_bench::nx-workspace-patterns::deterministic_oracle::execution_risk	no	core_admission_carried_forward	core_static_cue_clean_rebuilt	none	3c2dfdeb431eb451e99237c26940ca1458e21f4587273e8e2b8223dc35e4045a	00b5887b940ed5c1d418d349eca3c435bfd94dc539fa41a03529af2d33a12df0	87a143bb93a0eaf1abae2a7d11f64238a78591c970441cec4928aa0808566802
core::swe_skills_bench::prompt-engineering-patterns::deterministic_oracle	core_audited_marked_sibling	swe_skills_bench::prompt-engineering-patterns::deterministic_oracle	core_marked_sibling	L0_CORE_MARKED_SIBLING	swe_skills_bench	extension_swe	1	core_all694_pool	swe_skills_bench::prompt-engineering-patterns::deterministic_oracle::helpful	swe_skills_bench::prompt-engineering-patterns::deterministic_oracle::execution_risk	no	core_admission_carried_forward	core_static_cue_clean_rebuilt	none	e7cd32a3a500a5fd872af63775a2c5cefbfad018d98d32026b8b3c988faa4549	ed340d91570ef80dc871d0270b8aa3c2c8e9804b42172a1558b6c48da64bb58d	ed0ac26255f3720d94a1bdb8bff38dd86965b4d30400f1368016c037159e31a2
core::swe_skills_bench::python-anti-patterns::deterministic_oracle	core_audited_marked_sibling	swe_skills_bench::python-anti-patterns::deterministic_oracle	core_marked_sibling	L0_CORE_MARKED_SIBLING	swe_skills_bench	extension_swe	1	core_all694_pool	swe_skills_bench::python-anti-patterns::deterministic_oracle::helpful	swe_skills_bench::python-anti-patterns::deterministic_oracle::execution_risk	no	core_admission_carried_forward	core_static_cue_clean_rebuilt	none	bfe100010996e7a68f0a838d3a9f43399c9a78da5db81f63ab175f99c8cf3f82	01fe758a817e202061f12422d0674cc2fc04609c84bb550b7e251e97dcd2831f	aeaa65cff0d5c1f44d981c5722a6a6bfc3ac07b9c30d459564037fecc904ca4d
core::swe_skills_bench::python-background-jobs::deterministic_oracle	core_audited_marked_sibling	swe_skills_bench::python-background-jobs::deterministic_oracle	core_marked_sibling	L0_CORE_MARKED_SIBLING	swe_skills_bench	extension_swe	1	core_all694_pool	swe_skills_bench::python-background-jobs::deterministic_oracle::helpful	swe_skills_bench::python-background-jobs::deterministic_oracle::execution_risk	no	core_admission_carried_forward	core_static_cue_clean_rebuilt	none	c45bc0847c34506f7368c2f6cc3d99517cdd5c910eac001c5d12b5b62000e9b2	18326a62e5af79968704429d79b315797d87aa7e4d841e228fdf77901f4750f6	05f96857948c9c5e77b9cf82240074510b64d5d8d0335199e301cba6b632fba1
core::swe_skills_bench::python-configuration::deterministic_oracle	core_audited_marked_sibling	swe_skills_bench::python-configuration::deterministic_oracle	core_marked_sibling	L0_CORE_MARKED_SIBLING	swe_skills_bench	extension_swe	1	core_all694_pool	swe_skills_bench::python-configuration::deterministic_oracle::helpful	swe_skills_bench::python-configuration::deterministic_oracle::execution_risk	no	core_admission_carried_forward	core_static_cue_clean_rebuilt	none	8379e9bdf63d71ce90027e93ae89ede4f67064c8048304df50bdd8ed0615992e	d99fc2d43b7da52b5df2ca990fa437a9207b8552448c677a8bbec75206f153bf	45ede7ac0f41fdc00c0a73f5ce7983f2eeef1539954087a0a12936a0954dd044
core::swe_skills_bench::python-observability::deterministic_oracle	core_audited_marked_sibling	swe_skills_bench::python-observability::deterministic_oracle	core_marked_sibling	L0_CORE_MARKED_SIBLING	swe_skills_bench	extension_swe	1	core_all694_pool	swe_skills_bench::python-observability::deterministic_oracle::helpful	swe_skills_bench::python-observability::deterministic_oracle::execution_risk	no	core_admission_carried_forward	core_static_cue_clean_rebuilt	none	4c6edbe1349e912e40b2a5e0cb695c23305b78898fadd1c41910c80b652b69b1	0f8d0ca540d2fe671e48d3a963be8ed6840e1f5ae40b084a21f0d22ca9d43d94	e8305aa0c63cd7f9f77c1eca9d58efaf440ae6126a6e5dad82293655b1a43e40
core::swe_skills_bench::python-packaging::deterministic_oracle	core_audited_marked_sibling	swe_skills_bench::python-packaging::deterministic_oracle	core_marked_sibling	L0_CORE_MARKED_SIBLING	swe_skills_bench	extension_swe	1	core_all694_pool	swe_skills_bench::python-packaging::deterministic_oracle::helpful	swe_skills_bench::python-packaging::deterministic_oracle::execution_risk	no	core_admission_carried_forward	core_static_cue_clean_rebuilt	none	1da3fa9916c4bc8f5a5593ebc217fdae5d0b53500711661486f53395bc27424c	33b3e876df862e4209253b7f9384bf3ceb4c7f485dbb6e8c8d64e01eb590082c	a1832475e21455fad96bdaa3912cb3295cd75be1779be644b2fe04a1309ba3ee
core::swe_skills_bench::python-performance-optimization::deterministic_oracle	core_audited_marked_sibling	swe_skills_bench::python-performance-optimization::deterministic_oracle	core_marked_sibling	L0_CORE_MARKED_SIBLING	swe_skills_bench	extension_swe	1	core_all694_pool	swe_skills_bench::python-performance-optimization::deterministic_oracle::helpful	swe_skills_bench::python-performance-optimization::deterministic_oracle::execution_risk	no	core_admission_carried_forward	core_static_cue_clean_rebuilt	none	330a78d65e416971d0f4df11168595c52de8746e31f3396b593d0bd26df92ade	485203c990c348629c3c8e1ba30ddcccef834a131b62b40bc197defe117d7103	32d129b5c959875424b9f247c807101d53adc90c620f14c397eb4ebe6e49a014
core::swe_skills_bench::python-resilience::deterministic_oracle	core_audited_marked_sibling	swe_skills_bench::python-resilience::deterministic_oracle	core_marked_sibling	L0_CORE_MARKED_SIBLING	swe_skills_bench	extension_swe	1	core_all694_pool	swe_skills_bench::python-resilience::deterministic_oracle::helpful	swe_skills_bench::python-resilience::deterministic_oracle::execution_risk	no	core_admission_carried_forward	core_static_cue_clean_rebuilt	none	eb1ef9460d90dbb6ac329b26885574ce748cbc177b58b14e049701604f242dae	5662dd15560beaaa3373ecbba5dba6b90c7f398fcd3e5a718d669f5a161be953	af57eebc7e7a2e514eda976638359db7bfc335f5028e695e2cdeed4d0fc0cab6
core::swe_skills_bench::rag-implementation::deterministic_oracle	core_audited_marked_sibling	swe_skills_bench::rag-implementation::deterministic_oracle	core_marked_sibling	L0_CORE_MARKED_SIBLING	swe_skills_bench	extension_swe	1	core_all694_pool	swe_skills_bench::rag-implementation::deterministic_oracle::helpful	swe_skills_bench::rag-implementation::deterministic_oracle::execution_risk	no	core_admission_carried_forward	core_static_cue_clean_rebuilt	none	c0f986bed588251273b0fef7f192c5e1f66dd249c239a4cc365d7a76b5c1c47d	4f90a5cc7272ff4f59aebb12da0e01e97ac6f914f1442585f1d521e3b1eaa547	754222caef3f9eaf86807edfc2867455900a68acafcd7eb3b734839cea2054dd
core::swe_skills_bench::risk-metrics-calculation::deterministic_oracle	core_audited_marked_sibling	swe_skills_bench::risk-metrics-calculation::deterministic_oracle	core_marked_sibling	L0_CORE_MARKED_SIBLING	swe_skills_bench	extension_swe	1	core_all694_pool	swe_skills_bench::risk-metrics-calculation::deterministic_oracle::helpful	swe_skills_bench::risk-metrics-calculation::deterministic_oracle::execution_risk	no	core_admission_carried_forward	core_static_cue_clean_rebuilt	none	d8b12edbfb0dfa55f25c647517e863e7c0328dd7cb65416a9bcab4f80b1b324c	cb46aeecb27cbab2f73959c67ff2a32eb186c28cc6ac541e447a020ffb04a089	1f0dc501fabfd7c3b63f864584f3b4d45490241f0d775ca1858ec671ea8bd651
core::swe_skills_bench::similarity-search-patterns::deterministic_oracle	core_audited_marked_sibling	swe_skills_bench::similarity-search-patterns::deterministic_oracle	core_marked_sibling	L0_CORE_MARKED_SIBLING	swe_skills_bench	extension_swe	1	core_all694_pool	swe_skills_bench::similarity-search-patterns::deterministic_oracle::helpful	swe_skills_bench::similarity-search-patterns::deterministic_oracle::execution_risk	no	core_admission_carried_forward	core_static_cue_clean_rebuilt	none	f2bb52a1375769bb9f426042f0ae2f1042d976894978c113bb5b4a44854c3008	054d53f2d1ce9fde61643bf5180191c7e8df2fc28c6427eb9d2425aba10334a3	d1123c48c6614df9d1375b1b1dd9dce09df5490300ce8147da3949ac6e4788af
core::swe_skills_bench::slo-implementation::deterministic_oracle	core_audited_marked_sibling	swe_skills_bench::slo-implementation::deterministic_oracle	core_marked_sibling	L0_CORE_MARKED_SIBLING	swe_skills_bench	extension_swe	1	core_all694_pool	swe_skills_bench::slo-implementation::deterministic_oracle::helpful	swe_skills_bench::slo-implementation::deterministic_oracle::execution_risk	no	core_admission_carried_forward	core_static_cue_clean_rebuilt	none	14cedb67b1af1878fa1c033351bbdf3562dc6c7b3dc9d5e503474d7e9ef5b7e1	f61e9a16339d5b1699cabd2b23e8c288d9adeced0c79aee044350074c1b81c66	87c8440d899f9d54744f8c59851c0ada77a136d78dbeb00b45bad9c830e6ca37
core::swe_skills_bench::spark-optimization::deterministic_oracle	core_audited_marked_sibling	swe_skills_bench::spark-optimization::deterministic_oracle	core_marked_sibling	L0_CORE_MARKED_SIBLING	swe_skills_bench	extension_swe	1	core_all694_pool	swe_skills_bench::spark-optimization::deterministic_oracle::helpful	swe_skills_bench::spark-optimization::deterministic_oracle::execution_risk	no	core_admission_carried_forward	core_static_cue_clean_rebuilt	none	7e9dfd5c68352ee50a3e42dfb8af4c8424d37b1b7100b6c990043f2ca94722a7	ea9de9603623bf67921ed2509ae40e8d7bf0dfd2efa94a7424f39ef5bcbe8e99	1e49edcc19cbb92057a4ff13312e9465ebc348e89fbb99df365666f2245e0fd1
core::swe_skills_bench::tdd-workflow::deterministic_oracle	core_audited_marked_sibling	swe_skills_bench::tdd-workflow::deterministic_oracle	core_marked_sibling	L0_CORE_MARKED_SIBLING	swe_skills_bench	extension_swe	1	core_all694_pool	swe_skills_bench::tdd-workflow::deterministic_oracle::helpful	swe_skills_bench::tdd-workflow::deterministic_oracle::execution_risk	no	core_admission_carried_forward	core_static_cue_clean_rebuilt	none	5a3e78bfcdfc9a8b9529754ed3b753e023f814ddc1039d7eca71dbe5a2ecd0d2	67b7874a9a541a4942ccabdc3a3ddab449896ef37bff7b89769f34b1a18cac41	d7d4a8ae77b5dc14bff1dffa49090c3f78956dc94cf8387e58e83b983d1dd5f2
core::swe_skills_bench::turborepo::deterministic_oracle	core_audited_marked_sibling	swe_skills_bench::turborepo::deterministic_oracle	core_marked_sibling	L0_CORE_MARKED_SIBLING	swe_skills_bench	extension_swe	1	core_all694_pool	swe_skills_bench::turborepo::deterministic_oracle::helpful	swe_skills_bench::turborepo::deterministic_oracle::execution_risk	no	core_admission_carried_forward	core_static_cue_clean_rebuilt	none	d0340e7b5857fc75848fd314286982fe069f03cc2494e885b80e9386ee2f5a52	5b318a89e0cacb00ad180775159e23d2255d1cb26be2fdcce1695c12a2b470b1	87a98432b29bf1b31c1d644b7d5adea3ee843630fae11fa60f2e82a97dbafa04
core::swe_skills_bench::vector-index-tuning::deterministic_oracle	core_audited_marked_sibling	swe_skills_bench::vector-index-tuning::deterministic_oracle	core_marked_sibling	L0_CORE_MARKED_SIBLING	swe_skills_bench	extension_swe	1	core_all694_pool	swe_skills_bench::vector-index-tuning::deterministic_oracle::helpful	swe_skills_bench::vector-index-tuning::deterministic_oracle::execution_risk	no	core_admission_carried_forward	core_static_cue_clean_rebuilt	none	b1444700deb75576ef8b354bc2abf300e1651f70f6edf06c63c960c14e6a14d8	4525556e6f76313be057bc50f6909af9159e9924cddf9b5a849d7abd8b37a101	91c526a2cd056b5eea2f28e18ca51bda3154b9a14413be4cdf1cee7416d36af1
hard::hard_role_flip_001	hard_query_conditioned	hard_role_flip_001	hard_role_flip	L3_TARGET_DEFINGERPRINTED	crystallographic Wyckoff analysis	hard	2	hard_role_flip_pool	query_relative	query_relative	yes	pass	blind_gate_pass	none	c19cd1e655f130b94e3cc85304f79207d4cfca67a6ad4aac568fa2785a1703ee;865568b3e4c57e6bbe86a91ce04747e672732e688f852ffba3df19162edd5968	query_relative	query_relative
hard::hard_role_flip_002	hard_query_conditioned	hard_role_flip_002	hard_role_flip	L3_TARGET_DEFINGERPRINTED	Three.js structure parsing	hard	2	hard_role_flip_pool	query_relative	query_relative	yes	pass	blind_gate_pass	none	49b77804f27336df1c333520f046676b3247a026ee814eb3aea8347a06a418de;f7aa4b4715204765e7d05065f25b0b0f3a885ff1a2f77a260fdef4bd65e697d1	query_relative	query_relative
hard::hard_role_flip_003	hard_query_conditioned	hard_role_flip_003	hard_role_flip	L3_TARGET_DEFINGERPRINTED	Three.js object export	hard	2	hard_role_flip_pool	query_relative	query_relative	yes	pass	blind_gate_pass	none	dc74380e214df142ede12e013fb396d283f87c4e8b0dd340f28c5fd6c731f025;30f9026c654b548875311b41ec021aefbe1ceca877c2ce6baba5dedcbb1de8fc	query_relative	query_relative
hard::hard_role_flip_004	hard_query_conditioned	hard_role_flip_004	hard_role_flip	L3_TARGET_DEFINGERPRINTED	flood-risk analysis	hard	2	hard_role_flip_pool	query_relative	query_relative	yes	pass	blind_gate_pass	none	a3816819915ae869565fd7188ba55f021dcdfaac926635e04ebed5b055697a69;231427cd35072eb42c8279b72cc24317c56dbdd9ea1ff37b5b9cdf10538c14b2	query_relative	query_relative
hard::hard_role_flip_005	hard_query_conditioned	hard_role_flip_005	hard_role_flip	L3_TARGET_DEFINGERPRINTED	court form filling	hard	2	hard_role_flip_pool	query_relative	query_relative	yes	pass	blind_gate_pass	none	62b171e5d46b623b3a96560f1e5b8f1a07df0648df8bd155039f0a485984669f;317817602faa1d0e7e2a035fb4142aecc972d1d9eec921846b9710bdbf9db513	query_relative	query_relative
hard::hard_role_flip_006	hard_query_conditioned	hard_role_flip_006	hard_role_flip	L3_TARGET_DEFINGERPRINTED	CI log analysis	hard	2	hard_role_flip_pool	query_relative	query_relative	yes	pass	blind_gate_pass	none	ea15be7c9651799adf56dcd6cb7c2cc0ef07b84b0a4280e5c1dfed86297c89b4;acbfc455eb31e6b17729319a8e075091d3f8f0960a8522662b8651fbbaf28e4f	query_relative	query_relative
hard::hard_role_flip_007	hard_query_conditioned	hard_role_flip_007	hard_role_flip	L3_TARGET_DEFINGERPRINTED	intrusion detection	hard	2	hard_role_flip_pool	query_relative	query_relative	yes	pass	blind_gate_pass	none	e1ec193e1f006c38fd182c2c9b79413fd1717f2a3d0469ae5b2029a37c6e9f26;9176a1dd6d2ca6681421646f67e933a68e69158343ae441aeaa830f3e6471c0a	query_relative	query_relative
hard::hard_role_flip_008	hard_query_conditioned	hard_role_flip_008	hard_role_flip	L3_TARGET_DEFINGERPRINTED	enterprise information search	hard	2	hard_role_flip_pool	query_relative	query_relative	yes	pass	blind_gate_pass	none	7fd0f3d9c90971270de3667009735769fb9a031183a3521699447ee66f6fac79;fe7b770f713adb59cb61ebcade0d7de6cd73ee14f18813879ddcd4424881aca5	query_relative	query_relative
hard::hard_role_flip_009	hard_query_conditioned	hard_role_flip_009	hard_role_flip	L3	Kubernetes rollout diagnosis	hard	2	hard_role_flip_pool	query_relative	query_relative	yes	pass	blind_gate_pass	none	ec5de7b7422e11617963b4752525aea13fbd409969ec47f91c2b058f553548e1;415a21f78747e8515160a2466f66c762449522c30a0f126ce31b6f230e0a1219	query_relative	query_relative
hard::hard_role_flip_010	hard_query_conditioned	hard_role_flip_010	hard_role_flip	L4	API integration debugging	hard	2	hard_role_flip_pool	query_relative	query_relative	yes	pass	blind_gate_pass	none	ef5d0e984c768bf5864475bdb3160730c675b5184eac66992d437b32f8e1185b;315ef5a57c8d36bf77df6e74638ea9685edcc9184390e9df5ebc9e69d629e91f	query_relative	query_relative
hard::hard_role_flip_011	hard_query_conditioned	hard_role_flip_011	hard_role_flip	L3	database migration review	hard	2	hard_role_flip_pool	query_relative	query_relative	yes	pass	blind_gate_pass	none	275c2984c23abdb4106c2b781f293d54a3a34a746f55bb9cb89527339fd3df08;938da6597bfdccdf6e8da39b770af2cd85201eab22493c5cbb6f40c070e287a4	query_relative	query_relative
hard::hard_role_flip_012	hard_query_conditioned	hard_role_flip_012	hard_role_flip	L3	mobile crash triage	hard	2	hard_role_flip_pool	query_relative	query_relative	yes	pass	blind_gate_pass	none	cc100c3f2d3026214bf50a77b5862a3e4a0863c2271a6b87a0f374c728fac2f8;0109b6ccbc0903de18805589e9fd5308642da7c4bdbc6aa0a9f4fd82c3bb5d1a	query_relative	query_relative
hard::hard_role_flip_013	hard_query_conditioned	hard_role_flip_013	hard_role_flip	L4	privacy data request handling	hard	2	hard_role_flip_pool	query_relative	query_relative	yes	pass	blind_gate_pass	none	9c229d554b2898cfd931690bffd9c8af5a1fa224476063cc5c02d270a3de5f48;30ed03b8327e46aa7e9f879ddbc96d79414dd87f0d33e00f283542d1a25aca6f	query_relative	query_relative
hard::hard_role_flip_014	hard_query_conditioned	hard_role_flip_014	hard_role_flip	L3	ad campaign performance analysis	hard	2	hard_role_flip_pool	query_relative	query_relative	yes	pass	blind_gate_pass	none	1510198cc87f44fc9f80d9791f8795017949f8aceeb278c4fb00a2b0ff3d3478;9038fae546a40d283e2d7eb72132ad7b53f9fad9fb3f9d5dcda4524dbcb89635	query_relative	query_relative
hard::hard_role_flip_015	hard_query_conditioned	hard_role_flip_015	hard_role_flip	L4	robot task replay	hard	2	hard_role_flip_pool	query_relative	query_relative	yes	pass	blind_gate_pass	none	faa7ff43e48ab6a4a4bdf1c129daa27b580bc7b4f3edf95b21c57ff545879e09;b6a1cf934eb6fb8b95b8ae6a309e0591e1ebd4e9ff0dd5a4546d55bc18c1a89b	query_relative	query_relative
hard::hard_role_flip_016	hard_query_conditioned	hard_role_flip_016	hard_role_flip	L3	scientific figure reproduction	hard	2	hard_role_flip_pool	query_relative	query_relative	yes	pass	blind_gate_pass	none	e1b17c15d1a5d68de3429a49a5ecb611a21d302b2e5f03a63ab3134aaad2fa3a;ef89893c163a93b39926e77a10d63001a7b8948c88520ca67c8138981d1f9208	query_relative	query_relative
hard::hard_role_flip_017	hard_query_conditioned	hard_role_flip_017	hard_role_flip	L4	warehouse inventory reconciliation	hard	2	hard_role_flip_pool	query_relative	query_relative	yes	pass	blind_gate_pass	none	43ca44f86f85270c2b7548fb51c8d018e30641a5c104631b187c68c885d1c748;9a5dd65caa95022ccd34ddec51579a279e612625e44f3e76197e34bb596ac8dc	query_relative	query_relative
hard::hard_role_flip_018	hard_query_conditioned	hard_role_flip_018	hard_role_flip	L3	clinical cohort extraction	hard	2	hard_role_flip_pool	query_relative	query_relative	yes	pass	blind_gate_pass	none	5bb70750d3777b0d2ff5457c5993c357ed4362d0a3b2238736d8ad9f2195f4cb;aaeeb112f609db1bc36daa575c88797197f8b2c728115535bf398e391d3f4b0a	query_relative	query_relative
hard::hard_role_flip_019	hard_query_conditioned	hard_role_flip_019	hard_role_flip	L4	customer support routing	hard	2	hard_role_flip_pool	query_relative	query_relative	yes	pass	blind_gate_pass	none	485541f05a7ba51639a1968d82be201188df2b1d2292aa4ef29285ed466d45b1;65eb2e1671122180a9ced8bc8bac40b76670ad9b0c216cf910c9d8cd55b4644d	query_relative	query_relative
hard::hard_role_flip_020	hard_query_conditioned	hard_role_flip_020	hard_role_flip	L3	code review triage	hard	2	hard_role_flip_pool	query_relative	query_relative	yes	pass	blind_gate_pass	none	af077e4c3b1fdd4d8f5439a7fcd5e80dc27ee69ddf5683e0efe3b851013f7ab2;8e00bd1d7c263e694849e884162ae0ea8fbb402e19b57251508a40e5cad9afa4	query_relative	query_relative
hard::hard_role_flip_021	hard_query_conditioned	hard_role_flip_021	hard_role_flip	L4	geospatial address matching	hard	2	hard_role_flip_pool	query_relative	query_relative	yes	pass	blind_gate_pass	none	e1b788c8349fd0bea5821baa62a1cb157783ee486dc87e99b3b836b4b6cab7f8;fd11a710d7dc3dcb06304bbe73974903baadab4d26e17edbd8c9c249d510f2d9	query_relative	query_relative
hard::hard_role_flip_022	hard_query_conditioned	hard_role_flip_022	hard_role_flip	L3	logistics route planning	hard	2	hard_role_flip_pool	query_relative	query_relative	yes	pass	blind_gate_pass	none	f646668d50532dda94846c3c7b72287f046a9327e82154e3f637bbc0332fad06;1f898cd4c603fdd871b45ddb51d91dd563155dd260e39a27fbd94e8157fc9af5	query_relative	query_relative
hard::hard_role_flip_023	hard_query_conditioned	hard_role_flip_023	hard_role_flip	L4	financial statement audit	hard	2	hard_role_flip_pool	query_relative	query_relative	yes	pass	blind_gate_pass	none	2b839dc645ecc054b947788ca671c5eb9b096e99f9fa2a1c3950965e4a6a7aff;fdce105b1b12b9849f0b28c647884c96345098546a0c56c19d4aaa43c276241b	query_relative	query_relative
hard::hard_role_flip_024	hard_query_conditioned	hard_role_flip_024	hard_role_flip	L3	education rubric scoring	hard	2	hard_role_flip_pool	query_relative	query_relative	yes	pass	blind_gate_pass	none	cc7c4e1d9af5a5173478766622e6c877285744175f50b65853579be0485458bb;f6d70e472e4bfa2003980712288b42e5c833077db3689206bb355687da3eb0f6	query_relative	query_relative
hard::hard_role_flip_025	hard_query_conditioned	hard_role_flip_025	hard_role_flip	L4	security access review	hard	2	hard_role_flip_pool	query_relative	query_relative	yes	pass	blind_gate_pass	none	33fd4814740d973e3b98d464360a1f6984b50bf43fbe73276e13581c5a8c9496;528c6df23a3cfc5696baf62f097abfd2549361db1ad3db26a910dcfee623f0f5	query_relative	query_relative
hard::hard_role_flip_026	hard_query_conditioned	hard_role_flip_026	hard_role_flip	L3	email campaign QA	hard	2	hard_role_flip_pool	query_relative	query_relative	yes	pass	blind_gate_pass	none	b7237f525ae427164b225e3f657219637823defc407464dd4d5b96a647a1490c;ff7d4407dbe504f92e19babe631c689510e2793cbf739157fa04cb8aed9c2e72	query_relative	query_relative
hard::hard_role_flip_027	hard_query_conditioned	hard_role_flip_027	hard_role_flip	L4	energy usage analysis	hard	2	hard_role_flip_pool	query_relative	query_relative	yes	pass	blind_gate_pass	none	75c44e2d81381b27b6c4061bf78b2ea25a0bbff37563e94e276b30f000796414;f176582b02779065f6fb4776e39d8b45f2cf67783ac3fe01f9a5e0fd43297029	query_relative	query_relative
hard::hard_role_flip_028	hard_query_conditioned	hard_role_flip_028	hard_role_flip	L3	legal discovery review	hard	2	hard_role_flip_pool	query_relative	query_relative	yes	pass	blind_gate_pass	none	82c49b78bc95f32c834c3d6ee011c0f847333040fe0c87352c74df0114470234;f6dcab025641cca370dcd0589b88ef98a1de0a1001948287166dbe48341f71a6	query_relative	query_relative
hard::hard_role_flip_029	hard_query_conditioned	hard_role_flip_029	hard_role_flip	L4	manufacturing defect analysis	hard	2	hard_role_flip_pool	query_relative	query_relative	yes	pass	blind_gate_pass	none	986a81fda2e698a6056d65fbdb6b5bac69e2a194c46dd11104007fb27ed207d0;654555b1c86e6cb883779ad4bc4f9a404c94d820187c07cb59da2730de0f745f	query_relative	query_relative
hard::hard_role_flip_030	hard_query_conditioned	hard_role_flip_030	hard_role_flip	L3	product analytics funnel	hard	2	hard_role_flip_pool	query_relative	query_relative	yes	pass	blind_gate_pass	none	77e64b44e6dee58c39dc3ffea7d274ee211f1a0cbf3be5c45592c47109534b2b;a35bf3ba06906468ee22004a2e3ec9e17d0aa6e5899b42773e2177d1169789ed	query_relative	query_relative
hard::hard_role_flip_031	hard_query_conditioned	hard_role_flip_031	hard_role_flip	L4	cloud cost analysis	hard	2	hard_role_flip_pool	query_relative	query_relative	yes	pass	blind_gate_pass	none	dd924db5229402c44d30c01327af50bbc48fb7cf0884eae3d39026625b7f7334;5b3b77b76bce5d45422e1971fdf34a96eaa63e485919dc5c49bf702097aaaa16	query_relative	query_relative
hard::hard_role_flip_032	hard_query_conditioned	hard_role_flip_032	hard_role_flip	L3	survey response analysis	hard	2	hard_role_flip_pool	query_relative	query_relative	yes	pass	blind_gate_pass	none	eeb41bdf63cf727b4290d350aa561966590b884001fa66726cc44843987aaa65;df201fd65939c166f58f75dfc612467d2aa6a82fd6ed559eaa64718e26988b2c	query_relative	query_relative
hard::hard_role_flip_033	hard_query_conditioned	hard_role_flip_033	hard_role_flip	L4	video moderation review	hard	2	hard_role_flip_pool	query_relative	query_relative	yes	pass	blind_gate_pass	none	3a82ca9c933eac48eec11b785a7101daa7028b9bc151a8baa2ddb6729f28dfeb;3350328d6490541771d9ab3478458d02ec5ebd0621ce675d9d8e366ea525d2c4	query_relative	query_relative
hard::hard_role_flip_034	hard_query_conditioned	hard_role_flip_034	hard_role_flip	L3	network capacity planning	hard	2	hard_role_flip_pool	query_relative	query_relative	yes	pass	blind_gate_pass	none	d70fece5358c79af79a16a80d476f098d7d32d18911630a26878655cd430255a;3186ab15270ac33617d42f97acc1ef8bcbd461551a3de65259992fdc11685c46	query_relative	query_relative
hard::hard_role_flip_035	hard_query_conditioned	hard_role_flip_035	hard_role_flip	L4	HR compensation review	hard	2	hard_role_flip_pool	query_relative	query_relative	yes	pass	blind_gate_pass	none	eb999f4b83578732cf37a585e29463bccc9574b6f96c19447a2665631fbed19c;2223606b990913d28dedfa0f234b78025cecce73b020d3c1176e24054bcd6d77	query_relative	query_relative
hard::hard_role_flip_036	hard_query_conditioned	hard_role_flip_036	hard_role_flip	L3	insurance claim triage	hard	2	hard_role_flip_pool	query_relative	query_relative	yes	pass	blind_gate_pass	none	a612587366fa11ea9f549c724a497359e51ff5881a7a4efb148b4d0eb32f5676;ac4f4c469a822e758f551e0526adae6f68978106491b1715320d2192d32b6f53	query_relative	query_relative
hard::hard_role_flip_037	hard_query_conditioned	hard_role_flip_037	hard_role_flip	L4	translation memory maintenance	hard	2	hard_role_flip_pool	query_relative	query_relative	yes	pass	blind_gate_pass	none	6bea13da1f4703fb1d2839ed79a7bf03aff6a47159f2e5404ede3d17a45241cb;f3cac6d2e0ba001ba5cd5efe3c925bd1079756c69917a71150f74222b8c2dd11	query_relative	query_relative
hard::hard_role_flip_038	hard_query_conditioned	hard_role_flip_038	hard_role_flip	L3	data quality incident	hard	2	hard_role_flip_pool	query_relative	query_relative	yes	pass	blind_gate_pass	none	2e22ad9bcd62b94b8284904c52ed25af314da65800ba4b6f940756679e7babc2;43b435c7342bdc72d041d57d658f37ff4e1b095c05e9b10e89994b5b82fb1ebf	query_relative	query_relative
hard::hard_role_flip_039	hard_query_conditioned	hard_role_flip_039	hard_role_flip	L4	search relevance evaluation	hard	2	hard_role_flip_pool	query_relative	query_relative	yes	pass	blind_gate_pass	none	8a35da5cba80aa9f05e94c6a07adc4b4287b4e953c9a4f50721f4c27512f3597;cedd4eb89c1a687be36b1e55bc13530cc1d321c64724d97dd13d480f5ec02b17	query_relative	query_relative
hard::hard_role_flip_040	hard_query_conditioned	hard_role_flip_040	hard_role_flip	L3	procurement bid comparison	hard	2	hard_role_flip_pool	query_relative	query_relative	yes	pass	blind_gate_pass	none	fe2f3bc5bd71e76f7cafa370187c48594b25949e368921f39ea6d2832360388a;0a8ec696f6fb2a1620026e46e1c57da9c3010cb1171f7862f8391359ac5fa43f	query_relative	query_relative
hard::hard_role_flip_041	hard_query_conditioned	hard_role_flip_041	hard_role_flip	L4	IoT sensor calibration	hard	2	hard_role_flip_pool	query_relative	query_relative	yes	pass	blind_gate_pass	none	6e38ace9866fbe37060ba85446bc0f56d9bfeb5d87f3f0ada73c22d1faaf9d28;a26d9aa4cb80e1681b02f4620c85a8164d658f7e8366d32ddc1e4b3da4475aec	query_relative	query_relative
hard::hard_role_flip_042	hard_query_conditioned	hard_role_flip_042	hard_role_flip	L3	subscription churn analysis	hard	2	hard_role_flip_pool	query_relative	query_relative	yes	pass	blind_gate_pass	none	88f502c456c6d69c181692206ba98913a0189b17b151601b06b4d7c737817968;c61b0cfecae2a8291706ab87ef6a1b407ee4adbc5a53c3b7bbab82a5deb8827f	query_relative	query_relative
hard::hard_role_flip_043	hard_query_conditioned	hard_role_flip_043	hard_role_flip	L4	content taxonomy mapping	hard	2	hard_role_flip_pool	query_relative	query_relative	yes	pass	blind_gate_pass	none	e89680d185c058339f014ee300c89968c9287efe3f9094f80c2c6baa4270e433;9c4c055cb1a330f18fd1f0dd313365dde5e04f1265228588977e78a00e77ff9f	query_relative	query_relative
hard::hard_role_flip_044	hard_query_conditioned	hard_role_flip_044	hard_role_flip	L3	call center quality audit	hard	2	hard_role_flip_pool	query_relative	query_relative	yes	pass	blind_gate_pass	none	e9e6b82504c71d721756b01fe8de036e1dd72879eb530ad54c8cd7f7c3483e46;e545d7980223b121a099460d6a870f6cdf53edec4551d1967066595d8a45e320	query_relative	query_relative
hard::hard_role_flip_045	hard_query_conditioned	hard_role_flip_045	hard_role_flip	L4	environmental permit review	hard	2	hard_role_flip_pool	query_relative	query_relative	yes	pass	blind_gate_pass	none	c7c59c6fd0df3c84d649202e90c45f39aef0e80f73d8848a358f44be6587cd3d;29e41276391e06c6159da6503082a1a063ef4db7b6b8c63aac27c33d44396847	query_relative	query_relative
hard::hard_role_flip_046	hard_query_conditioned	hard_role_flip_046	hard_role_flip	L3	repository dependency review	hard	2	hard_role_flip_pool	query_relative	query_relative	yes	pass	blind_gate_pass	none	db99eadee051a53aaa0e452208b9e635948954d4ec6d5c0758754be48273b6b6;a596762b1a1dff66a17915237bb4d00a568af711dab60ad31b5e7e6d76b1438f	query_relative	query_relative
hard::hard_role_flip_047	hard_query_conditioned	hard_role_flip_047	hard_role_flip	L4	market research coding	hard	2	hard_role_flip_pool	query_relative	query_relative	yes	pass	blind_gate_pass	none	4e869fd5dd6c57bb3b007fdb9e7b8b839cf5bd8ddec234f1b932edb340600069;4f69a18b0ce7793a5b4562902fab88b6976587f2cc940a3408c4b1ffdc921ee7	query_relative	query_relative
hard::hard_role_flip_048	hard_query_conditioned	hard_role_flip_048	hard_role_flip	L4	Kubernetes rollout	hard	2	hard_role_flip_pool	query_relative	query_relative	yes	pass	blind_gate_pass	none	851877c8097db8a46ac3891488c3142266a46abad3efd782b1f67f8e1d518a8c;faf4dd3ab3ad0304f091d7f29675ba3ddd6885d17a7161df878dd81161c9f710	query_relative	query_relative
hard::hard_role_flip_049	hard_query_conditioned	hard_role_flip_049	hard_role_flip	L4	Kubernetes rollout	hard	2	hard_role_flip_pool	query_relative	query_relative	yes	pass	blind_gate_pass	none	89d1026f48fe396dc5325c002ade228597a93836253c56599abc9347432df598;bd1af37e9fea381b5a98bbb5a5bca6f74f1938e4663352d19c0450b3678cdadd	query_relative	query_relative
hard::hard_role_flip_050	hard_query_conditioned	hard_role_flip_050	hard_role_flip	L4	Kubernetes rollout	hard	2	hard_role_flip_pool	query_relative	query_relative	yes	pass	blind_gate_pass	none	1ee7bf04a729d4740f091c0438dd909b9fc533824c07e3657bd749b6dca65ddb;953721cd90c256b695a36c9dd72d4bf67fef2af13026046b1c290ca66bd9fb17	query_relative	query_relative
hard::hard_role_flip_051	hard_query_conditioned	hard_role_flip_051	hard_role_flip	L3	Kubernetes rollout	hard	2	hard_role_flip_pool	query_relative	query_relative	yes	pass	blind_gate_pass	none	aa69ad860e391794f21f91d5667a8c1fe66c1fe2fd023a11ca5fa505957e0d01;189a6becbe91e30ccb81399740ae1de98f43cafb105b92c6872105cacfa661c7	query_relative	query_relative
hard::hard_role_flip_052	hard_query_conditioned	hard_role_flip_052	hard_role_flip	L3	Kubernetes rollout	hard	2	hard_role_flip_pool	query_relative	query_relative	yes	pass	blind_gate_pass	none	46d66fcc30b51e6ccb1fcf7953d4a1c0a838f377888b807d7e93ac5c65411ea1;0f8226d4d15c713313ebc68c8f1517f192fbeb781f71a428a134e0d03efb8a5e	query_relative	query_relative
hard::hard_role_flip_053	hard_query_conditioned	hard_role_flip_053	hard_role_flip	L4	Kubernetes rollout	hard	2	hard_role_flip_pool	query_relative	query_relative	yes	pass	blind_gate_pass	none	bec6150773c358811f145ed1e164a5cbbcf98388412b0aa85caa545e205b2bd7;e3a5ecb258a4691c668a7f0061389f81eb9b3a76c46cc2b353e3378fd5bad051	query_relative	query_relative
hard::hard_role_flip_054	hard_query_conditioned	hard_role_flip_054	hard_role_flip	L3	Kubernetes rollout	hard	2	hard_role_flip_pool	query_relative	query_relative	yes	pass	blind_gate_pass	none	3c53ee9e6524d99a609f47d1304c6fbbf535c8ea7bb11fda5eeb6187be7d9d50;46dd00f7a3bc1905f03905a068f4182a65e5945a5227f56d0a75de05b77ebd87	query_relative	query_relative
hard::hard_role_flip_055	hard_query_conditioned	hard_role_flip_055	hard_role_flip	L4	Kubernetes rollout	hard	2	hard_role_flip_pool	query_relative	query_relative	yes	pass	blind_gate_pass	none	965ebca07f918cded748e09002a1a36d30de344d7bb894820252fc8b856b1855;fbf917a54ecb0a6afcde98a90726c5219b361f7f3907664ea203dabbfdc72b80	query_relative	query_relative
hard::hard_role_flip_056	hard_query_conditioned	hard_role_flip_056	hard_role_flip	L3	Kubernetes rollout	hard	2	hard_role_flip_pool	query_relative	query_relative	yes	pass	blind_gate_pass	none	0c7d0eae54bcaca6f648ec6309b2cc9db0fb87ed144a69be65ba7daf29cf6d19;1a1c31bd51274c584f8a3770bb59a2a0181f5fa335c92f2d926749d18d0c21fe	query_relative	query_relative
hard::hard_role_flip_057	hard_query_conditioned	hard_role_flip_057	hard_role_flip	L4	API integration	hard	2	hard_role_flip_pool	query_relative	query_relative	yes	pass	blind_gate_pass	none	b807ba1ad5a9dd65d1780bd8977f8bab095f8122483441dd2ab87c69162c8c72;e4d2cc21b4e9b86cdd8b6cf7579cfb1790d63a9837974b4c29250c2e7e43f0f4	query_relative	query_relative
hard::hard_role_flip_058	hard_query_conditioned	hard_role_flip_058	hard_role_flip	L4	API integration	hard	2	hard_role_flip_pool	query_relative	query_relative	yes	pass	blind_gate_pass	none	7b7475b8c8fa65de53ba0bba5988f373eddc89cf5f2af11f5e860091ff975e12;e55df5571ff06c0fefbdc98f8842e696509023f9e1b0a537a2d192040fe69dad	query_relative	query_relative
hard::hard_role_flip_059	hard_query_conditioned	hard_role_flip_059	hard_role_flip	L4	API integration	hard	2	hard_role_flip_pool	query_relative	query_relative	yes	pass	blind_gate_pass	none	33b34a4e3f135beec9a1097499f25bc428b178cd43ae1aeed991d9b0facdc766;04cd471bd19e7b8d4790b9ca3a1c6a0cffaab74bcc4c52f4021ef983d7428da5	query_relative	query_relative
hard::hard_role_flip_060	hard_query_conditioned	hard_role_flip_060	hard_role_flip	L3	API integration	hard	2	hard_role_flip_pool	query_relative	query_relative	yes	pass	blind_gate_pass	none	6e9a7c605230463ab2354afeda7a11e826407adffc498bf88990a656ca192a90;12e21332396f6fc4a7950ff97c0905ff63ade36389ae3c800dc72bcf1f0060eb	query_relative	query_relative
hard::hard_role_flip_061	hard_query_conditioned	hard_role_flip_061	hard_role_flip	L3	API integration	hard	2	hard_role_flip_pool	query_relative	query_relative	yes	pass	blind_gate_pass	none	810678eaf8cb1c5858e2571386f44ec8cd01a086c24daa4609443b1db2de96aa;13a8dd36c115bfe7441e0535c7c7a441b6e86028d687a9cc6ad8359d004d69eb	query_relative	query_relative
hard::hard_role_flip_062	hard_query_conditioned	hard_role_flip_062	hard_role_flip	L4	API integration	hard	2	hard_role_flip_pool	query_relative	query_relative	yes	pass	blind_gate_pass	none	2e64cd1e8526e6b8bb0dd0fa0607e2f2e713b7af066506e8f4a71fb786f7b3c8;9102cbe115c1a244b7caec19591da0938af018dc7d03f8d7e1bdb0aaa6c8912f	query_relative	query_relative
hard::hard_role_flip_063	hard_query_conditioned	hard_role_flip_063	hard_role_flip	L3	API integration	hard	2	hard_role_flip_pool	query_relative	query_relative	yes	pass	blind_gate_pass	none	45e16e75843d74caa5f87e6311ab1564c0c041043fd39e94f8f1213114d5e4a8;0012cadedfc27f94df47cea8cbe6d3e33ec9d876b2f65fcef3b2483fb3ea23f6	query_relative	query_relative
hard::hard_role_flip_064	hard_query_conditioned	hard_role_flip_064	hard_role_flip	L4	API integration	hard	2	hard_role_flip_pool	query_relative	query_relative	yes	pass	blind_gate_pass	none	67939e2ec3b6ef73454f7e5c158dac61c6360505fa313b71c3d95888ddb19c11;da3cb1255dc87c26193939c239de6604190b7bfc8e18f65375897ebb1d69f4c4	query_relative	query_relative
hard::hard_role_flip_065	hard_query_conditioned	hard_role_flip_065	hard_role_flip	L3	API integration	hard	2	hard_role_flip_pool	query_relative	query_relative	yes	pass	blind_gate_pass	none	0a5afb16212cc17ca502762ef522ba5a49187210785f322d2c870cd063f55f18;0295ceef144cc97258bb2b4fca8b528c44edb627bb938458e9bda6eefda51edf	query_relative	query_relative
hard::hard_role_flip_066	hard_query_conditioned	hard_role_flip_066	hard_role_flip	L4	database migration	hard	2	hard_role_flip_pool	query_relative	query_relative	yes	pass	blind_gate_pass	none	8d3bc8f171763e6217a51d7d015950e3f731e934250b126828b8e15dca77af4e;d85344779d8ad90f8ae345e362c8a80e59e53b9f8a6cf893c72b1ff5b5f71c87	query_relative	query_relative
hard::hard_role_flip_067	hard_query_conditioned	hard_role_flip_067	hard_role_flip	L4	database migration	hard	2	hard_role_flip_pool	query_relative	query_relative	yes	pass	blind_gate_pass	none	6a4da886e8ac5cfbd5b1bc638001b098b5261433eeca98352920e91f27c4929b;67e665a74f387fe649fdfe6442fddc06461641effa58da492c63cd5e187a5a6d	query_relative	query_relative
hard::hard_role_flip_068	hard_query_conditioned	hard_role_flip_068	hard_role_flip	L4	database migration	hard	2	hard_role_flip_pool	query_relative	query_relative	yes	pass	blind_gate_pass	none	ce21c530ba2ed532c38e62e39680e11ed51c2343cbe3a63fc88942a87a0fa0a3;1f334edb4bf4bae81b0f1080c4b271f334664e852fcc30ef76bf4d673237cebc	query_relative	query_relative
hard::hard_role_flip_069	hard_query_conditioned	hard_role_flip_069	hard_role_flip	L3	database migration	hard	2	hard_role_flip_pool	query_relative	query_relative	yes	pass	blind_gate_pass	none	0941999e19171a7a48c8bc77d26976d4be8c17e8616711a933a03fc949b7447d;5919f3bc759ea55d109aa297050d87d5f6ae6e5702395e24502602e834d26cb3	query_relative	query_relative
hard::hard_role_flip_070	hard_query_conditioned	hard_role_flip_070	hard_role_flip	L3	database migration	hard	2	hard_role_flip_pool	query_relative	query_relative	yes	pass	blind_gate_pass	none	8f853725363d143516a102b38841728976e987e7ac9c02811cc94c61a9236692;18d88a8c83ec662bd7b41c9ae92e960769725b12466a097ed36ae42806971287	query_relative	query_relative
hard::hard_role_flip_071	hard_query_conditioned	hard_role_flip_071	hard_role_flip	L4	database migration	hard	2	hard_role_flip_pool	query_relative	query_relative	yes	pass	blind_gate_pass	none	a01b207a7c6c1df99dc7cedf31a32091f8166fd15546f0ca0c2dde3932be776d;773833a628bdfc3657bd14da93c37c40b0110fb103e4c6ca723b764653864a77	query_relative	query_relative
hard::hard_role_flip_072	hard_query_conditioned	hard_role_flip_072	hard_role_flip	L3	database migration	hard	2	hard_role_flip_pool	query_relative	query_relative	yes	pass	blind_gate_pass	none	521fc40e27188467ade64a049bda43439022b229d4910f3a9af77aaef034adf2;a322590a23b385cf38e15add0c257e9512da93373c46a7aa1e0549f25ea35681	query_relative	query_relative
hard::hard_role_flip_073	hard_query_conditioned	hard_role_flip_073	hard_role_flip	L4	database migration	hard	2	hard_role_flip_pool	query_relative	query_relative	yes	pass	blind_gate_pass	none	1e62267e280861a40a616ec26b9cfad364b6fb27a2e86531c49aa5bcb6242a73;4d8d473726ad1a1c5199c2ccf2a901b28d4b4f423e06b8b87c943e5f5bddd9b7	query_relative	query_relative
hard::hard_role_flip_074	hard_query_conditioned	hard_role_flip_074	hard_role_flip	L3	database migration	hard	2	hard_role_flip_pool	query_relative	query_relative	yes	pass	blind_gate_pass	none	27db169e324730340799c0551a94ac50667378454824227b5e15785c1ab3adef;e925bb537db728da6c831db6c159800be377d9b4acb390855b996708345e21b3	query_relative	query_relative
hard::hard_role_flip_075	hard_query_conditioned	hard_role_flip_075	hard_role_flip	L4	mobile crash triage	hard	2	hard_role_flip_pool	query_relative	query_relative	yes	pass	blind_gate_pass	none	9db27e27635fe708e34ac3734463f72d3e0ac3fdb2d95c82d6b6b0c697ab06f7;670c67fe6c381b7b032f90d79d8c56d88277ee5ba070ae2153c8ffdd7d82d5cf	query_relative	query_relative
hard::hard_role_flip_076	hard_query_conditioned	hard_role_flip_076	hard_role_flip	L4	mobile crash triage	hard	2	hard_role_flip_pool	query_relative	query_relative	yes	pass	blind_gate_pass	none	f7fbe39c50258933779012d070b567a9d4783f18f9012503a9b13f47b83d3093;d6bbb4c1fc1eaf1d3d47c7226ff7160f5a874fac134a2751fc193d418333a943	query_relative	query_relative
hard::hard_role_flip_077	hard_query_conditioned	hard_role_flip_077	hard_role_flip	L4	mobile crash triage	hard	2	hard_role_flip_pool	query_relative	query_relative	yes	pass	blind_gate_pass	none	61e1f106ad87d0ddd9fd20f9f1a716c2ce2fa770fdfd189d6d48d7e8f5af10f7;29055ec7e377fbe27c8ce7813da7268ae78e80441eb9ad6ba558aa328499e81a	query_relative	query_relative
hard::hard_role_flip_078	hard_query_conditioned	hard_role_flip_078	hard_role_flip	L3	mobile crash triage	hard	2	hard_role_flip_pool	query_relative	query_relative	yes	pass	blind_gate_pass	none	c5413e65df2206974195d076d701c0004beaf7253f90aa3ba89ec461e0153c7d;d8570c1b3f215cd271fcae07988fe1201f3df6a0a3dcc6f726adf8e7e3f6ea71	query_relative	query_relative
hard::hard_role_flip_079	hard_query_conditioned	hard_role_flip_079	hard_role_flip	L3	mobile crash triage	hard	2	hard_role_flip_pool	query_relative	query_relative	yes	pass	blind_gate_pass	none	68165e7b834f682808730d40b649b2684a29a742b772fc6dc9bc9939fbee62c3;6aa4ec8712fd7bb573b5df952a19f4a901e3269a97ae8a185efc1d2d0729b632	query_relative	query_relative
hard::hard_role_flip_080	hard_query_conditioned	hard_role_flip_080	hard_role_flip	L4	mobile crash triage	hard	2	hard_role_flip_pool	query_relative	query_relative	yes	pass	blind_gate_pass	none	081c273e5508baded88165bc63b19c59efdb8e10e755bf9acd58b42e1630e9a0;4fe0f21eaaffff84859d54d70f189c8b5e8b4c060eb6711bbf5a3e049bb1cc6c	query_relative	query_relative
hard::hard_role_flip_081	hard_query_conditioned	hard_role_flip_081	hard_role_flip	L3	mobile crash triage	hard	2	hard_role_flip_pool	query_relative	query_relative	yes	pass	blind_gate_pass	none	2554dbfc1358d57f0a2475f93af5b9ccded77b571bcd281ddf9d93a795116b45;7fb73d99fa61600f1895da50924f465c19bca4a8320f22ded5be3a8bb59b9b36	query_relative	query_relative
hard::hard_role_flip_082	hard_query_conditioned	hard_role_flip_082	hard_role_flip	L4	mobile crash triage	hard	2	hard_role_flip_pool	query_relative	query_relative	yes	pass	blind_gate_pass	none	49ba962ca99ff6a240bc19726fc3430f58ca1b3ada5c8415c05a4b58a492d81f;af81956ab3041f6ce753ed6cd23e8214eb38e12e52136885cae059b7630fcdd2	query_relative	query_relative
hard::hard_role_flip_083	hard_query_conditioned	hard_role_flip_083	hard_role_flip	L3	mobile crash triage	hard	2	hard_role_flip_pool	query_relative	query_relative	yes	pass	blind_gate_pass	none	37ce78dfa28e3c5f0d0a92709a4e85b24af4fe82ed0b21e47953d67980c8f271;3ec88b3c756839abae33d5cc294587a2e6835a5cc78920861461a2aae36a05e8	query_relative	query_relative
hard::hard_role_flip_084	hard_query_conditioned	hard_role_flip_084	hard_role_flip	L4	privacy request handling	hard	2	hard_role_flip_pool	query_relative	query_relative	yes	pass	blind_gate_pass	none	bb2ebdd79335594c9c1bf9c406639f8c4b89e8e69c98f4fa6418908352000ba3;145a5e441dfaec7968357b66fb642a6795ca0e01fbe3b6f36bbbe61c63f023c4	query_relative	query_relative
hard::hard_role_flip_085	hard_query_conditioned	hard_role_flip_085	hard_role_flip	L4	privacy request handling	hard	2	hard_role_flip_pool	query_relative	query_relative	yes	pass	blind_gate_pass	none	bb874c2a4623c283a26f67395377d9d231295fae1edfc129468478fa1145d264;61c95c73483cec63231e85318ca9d9bf0dc80c19760973bfe48d5b3ee859c7f4	query_relative	query_relative
hard::hard_role_flip_086	hard_query_conditioned	hard_role_flip_086	hard_role_flip	L4	privacy request handling	hard	2	hard_role_flip_pool	query_relative	query_relative	yes	pass	blind_gate_pass	none	786ae91a2a002d04142b1ad86e8b300a1d6a12fd2f8eacbc06fd6d4fac347aa8;f103922d852f7259b9e6549b3042df19158426c2ba8ffc6504f83bfdcabf8a8b	query_relative	query_relative
hard::hard_role_flip_087	hard_query_conditioned	hard_role_flip_087	hard_role_flip	L3	privacy request handling	hard	2	hard_role_flip_pool	query_relative	query_relative	yes	pass	blind_gate_pass	none	ff6d0013b636a73654040329a617600565a77c6ee23f2182ba674d50182eb6aa;4dd137fe799e722d26250e60bab2fc902781dfe3b01a0115ba4033b4c147eb9a	query_relative	query_relative
hard::hard_role_flip_088	hard_query_conditioned	hard_role_flip_088	hard_role_flip	L3	privacy request handling	hard	2	hard_role_flip_pool	query_relative	query_relative	yes	pass	blind_gate_pass	none	d7e4dad5b34c640daf43569add13320c99fff30dc2b0962a17aeeb4a8b695018;2443e67a361bd8b7aa5e080ffe13fa8fcb3286feccb9655526f5760f6516d2ae	query_relative	query_relative
hard::hard_role_flip_089	hard_query_conditioned	hard_role_flip_089	hard_role_flip	L4	privacy request handling	hard	2	hard_role_flip_pool	query_relative	query_relative	yes	pass	blind_gate_pass	none	5e13ea360bfab87dd49ef9021147c9b0cd8cb706993bac2c9fcd3ce63a5454b3;6ea8200c8acbb5b5e6dd997ef4a6df26ad58686a59cde543e9934f466029f768	query_relative	query_relative
hard::hard_role_flip_090	hard_query_conditioned	hard_role_flip_090	hard_role_flip	L3	privacy request handling	hard	2	hard_role_flip_pool	query_relative	query_relative	yes	pass	blind_gate_pass	none	4fa17cb922793b430a252ff652c5d12f5ef194ff7013a8b8016b9c59ce64ba52;961f88ce8b8d9429107300bd50e388b0aad1cc82275000fdb82de8a40865c02b	query_relative	query_relative
hard::hard_role_flip_091	hard_query_conditioned	hard_role_flip_091	hard_role_flip	L4	privacy request handling	hard	2	hard_role_flip_pool	query_relative	query_relative	yes	pass	blind_gate_pass	none	899751a2cdebfd5f0b3262c298c473875dc1ebcf3be33736c42da4340cbf5f33;64adde304ec0470df31cdf204319b5af7a7dcc10427656ad8c7ffb2058b614b7	query_relative	query_relative
hard::hard_role_flip_092	hard_query_conditioned	hard_role_flip_092	hard_role_flip	L3	privacy request handling	hard	2	hard_role_flip_pool	query_relative	query_relative	yes	pass	blind_gate_pass	none	afa1af6140aed5c759db9ba16be851306ab15ec56bd044c1cbb5c7bf1e7f3ab2;b95ead21f5bb1adbfc33a182fea9119052ef3048f0f4cb3e0e271c127723c5a6	query_relative	query_relative
hard::hard_role_flip_093	hard_query_conditioned	hard_role_flip_093	hard_role_flip	L4	ad campaign analysis	hard	2	hard_role_flip_pool	query_relative	query_relative	yes	pass	blind_gate_pass	none	46ff5fb963a5ad62aa09bc68632f9b27e598da9a1c50a953313d592cbedd71e3;52ecbfd8feaeb5d931a2f42fd4eab22571f58239ecaebf8f6681ca1d2515a459	query_relative	query_relative
hard::hard_role_flip_094	hard_query_conditioned	hard_role_flip_094	hard_role_flip	L4	ad campaign analysis	hard	2	hard_role_flip_pool	query_relative	query_relative	yes	pass	blind_gate_pass	none	60a9ecd66148df2bbc18acac1535af416a87cd36da8ea96667d012928983e146;527d49dc94fc51124891badd36323bfaa28b36e8c92fc62204dbf6675e8a9525	query_relative	query_relative
hard::hard_role_flip_095	hard_query_conditioned	hard_role_flip_095	hard_role_flip	L4	ad campaign analysis	hard	2	hard_role_flip_pool	query_relative	query_relative	yes	pass	blind_gate_pass	none	fee26e985ce15310428cfe6753e0f2c5263d21cd29408c809a78ac77b42daa49;156645a683a5ecd3fb5e8447fa7e4c0d77d3099999b60f176ba8e668cd8cea33	query_relative	query_relative
hard::hard_role_flip_096	hard_query_conditioned	hard_role_flip_096	hard_role_flip	L3	ad campaign analysis	hard	2	hard_role_flip_pool	query_relative	query_relative	yes	pass	blind_gate_pass	none	9f26a83f4e8803cc619a75aa601ab9f1831422a9090193e721a68cb8a976dda7;94290439a99b5112f5fcafc50781fc30fdcd9506599baf233fca4f55c2b84aaa	query_relative	query_relative
hard::hard_role_flip_097	hard_query_conditioned	hard_role_flip_097	hard_role_flip	L3	ad campaign analysis	hard	2	hard_role_flip_pool	query_relative	query_relative	yes	pass	blind_gate_pass	none	ba6225b3e84a9854ae40c53fda0cc8e777ce0ac96c003a4e5ba316d80a8786bd;66c4ebd77d2cefe785cc418424fabae1de88cf768aa4071620bff352d5e636dc	query_relative	query_relative
hard::hard_role_flip_098	hard_query_conditioned	hard_role_flip_098	hard_role_flip	L4	ad campaign analysis	hard	2	hard_role_flip_pool	query_relative	query_relative	yes	pass	blind_gate_pass	none	37aa74149d3635138b8f841947b38c35d00a0041b0954b5de59bdb0bf18af34b;138de8c2eef676626f7db119d7c04e9887bf9ef47a8ae39e8631efd8b2cd372f	query_relative	query_relative
hard::hard_role_flip_099	hard_query_conditioned	hard_role_flip_099	hard_role_flip	L3	ad campaign analysis	hard	2	hard_role_flip_pool	query_relative	query_relative	yes	pass	blind_gate_pass	none	dce5c3c84d9696cd7a442734e64acb0af3a4342d014a53ce02f3340f45faf20f;4edc1c63e399eacc5ef75c7b613917b760ebd8bed515bf887302b4b56301be94	query_relative	query_relative
hard::hard_role_flip_100	hard_query_conditioned	hard_role_flip_100	hard_role_flip	L4	ad campaign analysis	hard	2	hard_role_flip_pool	query_relative	query_relative	yes	pass	blind_gate_pass	none	ee677e7447e667f40e5e42c67e77e677ecd76d418a59885831f6b67a7ad79bf4;f85cda86878b182d3f529769046c37d67143149ec93849fd35900442776d2221	query_relative	query_relative
hard::hard_role_flip_101	hard_query_conditioned	hard_role_flip_101	hard_role_flip	L3	ad campaign analysis	hard	2	hard_role_flip_pool	query_relative	query_relative	yes	pass	blind_gate_pass	none	692ab3f8a55c47dd491fd560a3d8429e41c6959549744b55288c24686b0731ba;fca4b6c81978b71b39f2e6ec65331e325f3673f9c630285e81c1f3e018de6e9c	query_relative	query_relative
hard::hard_role_flip_102	hard_query_conditioned	hard_role_flip_102	hard_role_flip	L4	robot task replay	hard	2	hard_role_flip_pool	query_relative	query_relative	yes	pass	blind_gate_pass	none	79e7d27e07d95e4951f10af06c4df85b532d33e9059fda2ced7f14e33ad2b8fe;64168763d23b54983e8a7c2f0d3b2a2dac2e32d69c480b3b8737249c8eeacb5b	query_relative	query_relative
hard::hard_role_flip_103	hard_query_conditioned	hard_role_flip_103	hard_role_flip	L4	robot task replay	hard	2	hard_role_flip_pool	query_relative	query_relative	yes	pass	blind_gate_pass	none	48eb253f7e5f31fe177b62c0e5630a37dfd58bbaec14ca299969b19c119926eb;974f7351419e6c19bbf99916a2b3ba845cac68d3a2ca76dbbec7291a29ad2fd9	query_relative	query_relative
hard::hard_role_flip_104	hard_query_conditioned	hard_role_flip_104	hard_role_flip	L4	robot task replay	hard	2	hard_role_flip_pool	query_relative	query_relative	yes	pass	blind_gate_pass	none	4cd461c901e618b61f124b255fdbecab16eb3b0014fe644630bd4cc92a3e8173;79654c74233506c7297d96a026a9b3e3887714775f2149c01c5dfbaa07508109	query_relative	query_relative
hard::hard_role_flip_105	hard_query_conditioned	hard_role_flip_105	hard_role_flip	L3	robot task replay	hard	2	hard_role_flip_pool	query_relative	query_relative	yes	pass	blind_gate_pass	none	53ab4b9e5cdf7468fb0cc3636c022f156566e285e72836fc564a2dbd33243d0b;0f127de12f3ad767dca034f395767b332fbcf9c6102047fc244516cffe9be2b6	query_relative	query_relative
hard::hard_role_flip_106	hard_query_conditioned	hard_role_flip_106	hard_role_flip	L3	robot task replay	hard	2	hard_role_flip_pool	query_relative	query_relative	yes	pass	blind_gate_pass	none	e7900136be800928d2ed09167b53d4180bfe0637942a60a98b67c80aaa94e927;51a4037ff165f37615d72ec908c4b184b59e61441c3e9f382547aa4fae8e24e4	query_relative	query_relative
hard::hard_role_flip_107	hard_query_conditioned	hard_role_flip_107	hard_role_flip	L4	robot task replay	hard	2	hard_role_flip_pool	query_relative	query_relative	yes	pass	blind_gate_pass	none	fddd5185d49bf335d04438d9d9e174f4eac77e4a2bb3fe6ef3f0dd18c8a50cb2;91344d772b923d01102b2f2f1d95bbb457695af9e754e45011c2831911c2be75	query_relative	query_relative
hard::hard_role_flip_108	hard_query_conditioned	hard_role_flip_108	hard_role_flip	L3	robot task replay	hard	2	hard_role_flip_pool	query_relative	query_relative	yes	pass	blind_gate_pass	none	4170c5fc8a9cbf2bc25891b7e89bc0f1310392e6bcfba4e836df544186d29bf0;936d5b712d6bdd2668ebb9b31e593208e482c94877942d5af0afb4534cc52d40	query_relative	query_relative
hard::hard_role_flip_109	hard_query_conditioned	hard_role_flip_109	hard_role_flip	L4	robot task replay	hard	2	hard_role_flip_pool	query_relative	query_relative	yes	pass	blind_gate_pass	none	2524a9f2a77e27c3d80c16b16135e80af33e7f569acce4ddac01d4adf3bd666d;e64aa5eeedd48ab5273d71a49ab1a141e68265438a33ed3adb7d5bb7a2844338	query_relative	query_relative
hard::hard_role_flip_110	hard_query_conditioned	hard_role_flip_110	hard_role_flip	L3	robot task replay	hard	2	hard_role_flip_pool	query_relative	query_relative	yes	pass	blind_gate_pass	none	d113b8c71c4f8a88d2ba9b4f32e675ffa93e769b4e489d45c863ef6e574d9453;f460dadc81da919189e93666a25352ab4154411f00fb72672663c78a0cd64c8c	query_relative	query_relative
hard::hard_role_flip_111	hard_query_conditioned	hard_role_flip_111	hard_role_flip	L4	scientific figure reproduction	hard	2	hard_role_flip_pool	query_relative	query_relative	yes	pass	blind_gate_pass	none	273a2bb9e3a722c35a6c07b304f2b300ce0662b3d8e43dee5a9c8414fb5dfdc0;510c04421a0bcefdbb46e87cdf7f96995f661a53e73eb9a99cc68305d7010dd2	query_relative	query_relative
hard::hard_role_flip_112	hard_query_conditioned	hard_role_flip_112	hard_role_flip	L4	scientific figure reproduction	hard	2	hard_role_flip_pool	query_relative	query_relative	yes	pass	blind_gate_pass	none	13e02dd28296fe7139ec127f2d74cec1244ca2ffc4a53509de0dee5bb58df6d0;7d92e9b930648bf08455bedfa73422b8514e725abeaefb0aac499b9444f9ccf2	query_relative	query_relative
hard::hard_role_flip_113	hard_query_conditioned	hard_role_flip_113	hard_role_flip	L4	scientific figure reproduction	hard	2	hard_role_flip_pool	query_relative	query_relative	yes	pass	blind_gate_pass	none	3fc6723a4c75f22d1398c693039d62640ee386c8b1b8a175f6b9f855a28fe3de;a8cbf06a8574e746ff9b0db50fdb1ac363233be6e4e58eabee4fd5884dd5842d	query_relative	query_relative
hard::hard_role_flip_114	hard_query_conditioned	hard_role_flip_114	hard_role_flip	L3	scientific figure reproduction	hard	2	hard_role_flip_pool	query_relative	query_relative	yes	pass	blind_gate_pass	none	40cf47d437da9e82eaf4dc3cfc62c20c8be1385e7f236816c6a5b4583b8fdc0d;77fb9fdbd13e32f7b508000792d467fd192155329383ed11def2f87dad29137f	query_relative	query_relative
hard::hard_role_flip_115	hard_query_conditioned	hard_role_flip_115	hard_role_flip	L3	scientific figure reproduction	hard	2	hard_role_flip_pool	query_relative	query_relative	yes	pass	blind_gate_pass	none	26ddc17c396ee21ae5cf288d59258a1e7aee60dc19349745d818520c960e44bd;ab103c260bcb32be21f787004c3076ebf7bb087c5533c8b530c5c70cc10dbbd5	query_relative	query_relative
hard::hard_role_flip_116	hard_query_conditioned	hard_role_flip_116	hard_role_flip	L4	scientific figure reproduction	hard	2	hard_role_flip_pool	query_relative	query_relative	yes	pass	blind_gate_pass	none	29c7db954d36d6f4d513819f9dfdc13889be40224ebf8d123feab8992b880443;ee945fc988c650626e808e40bfd4e43fe46a4a1176eae509bc9ed56588252dff	query_relative	query_relative
hard::hard_role_flip_117	hard_query_conditioned	hard_role_flip_117	hard_role_flip	L3	scientific figure reproduction	hard	2	hard_role_flip_pool	query_relative	query_relative	yes	pass	blind_gate_pass	none	6c9f719a9567a2a84cc2c62a1c9f453caf2febd5d7bb25c258bfd6a94e2c8130;f2ac21e1232e196f96b161d9c93b33f3516c36d91d8e2051d457cb9106081612	query_relative	query_relative
hard::hard_role_flip_118	hard_query_conditioned	hard_role_flip_118	hard_role_flip	L4	scientific figure reproduction	hard	2	hard_role_flip_pool	query_relative	query_relative	yes	pass	blind_gate_pass	none	8cb57c6bcb4fd6ee6435f02822a930552e1aef0193262427718a60f1ceb4694e;027449fd8a4f38a131f8e52e9c59678455b5cc2d2338ed7f72c0fbbf334530a5	query_relative	query_relative
hard::hard_role_flip_119	hard_query_conditioned	hard_role_flip_119	hard_role_flip	L3	scientific figure reproduction	hard	2	hard_role_flip_pool	query_relative	query_relative	yes	pass	blind_gate_pass	none	57e5491fc3b3210b7abc2d39114e591f9500dc53b716d29032eca148070c8da8;210d0553f8b4fc4a195377b227320ce6aef4bee12c900e9afa1a834aab97721b	query_relative	query_relative
hard::hard_role_flip_120	hard_query_conditioned	hard_role_flip_120	hard_role_flip	L4	warehouse reconciliation	hard	2	hard_role_flip_pool	query_relative	query_relative	yes	pass	blind_gate_pass	none	c0b132fb4b8d65c07c792f619b8acc054762b5332456e2ee69883265589c5c31;62d0cfadd8da5fd82af05cbd3f9c5cd7399b1fa951a2bf5410f63ba66a8fc0c0	query_relative	query_relative
hard::hard_role_flip_121	hard_query_conditioned	hard_role_flip_121	hard_role_flip	L4	warehouse reconciliation	hard	2	hard_role_flip_pool	query_relative	query_relative	yes	pass	blind_gate_pass	none	14a8ad756ff2269c418a92ebde37c930c4f7ae059ac50337d6ad34996fd2d851;2af9043cd63044c03f2c63a78911be33f37d8880c411bee5d4cb2e26fd8e3d8f	query_relative	query_relative
hard::hard_role_flip_122	hard_query_conditioned	hard_role_flip_122	hard_role_flip	L4	warehouse reconciliation	hard	2	hard_role_flip_pool	query_relative	query_relative	yes	pass	blind_gate_pass	none	336c730e2081e27a348933e872c76483190ebc113421a55b1ae2e4273f6e6e97;dae3f1f8c2b188810a597ea7a8fe327aa5888cd7f65e22a1274619c98af42b45	query_relative	query_relative
hard::hard_role_flip_123	hard_query_conditioned	hard_role_flip_123	hard_role_flip	L3	warehouse reconciliation	hard	2	hard_role_flip_pool	query_relative	query_relative	yes	pass	blind_gate_pass	none	0f601c5ec2023a58fd4296edabc11f37393ebd4610d34d9e92b8960ddfba2540;a449b02a099a4df5423832f4b26dd9a2d3d5d7f353a57cc644ec503fce8edf7d	query_relative	query_relative
hard::hard_role_flip_124	hard_query_conditioned	hard_role_flip_124	hard_role_flip	L3	warehouse reconciliation	hard	2	hard_role_flip_pool	query_relative	query_relative	yes	pass	blind_gate_pass	none	b00483a848354e91c71f1a9f192e6ec71e30f1ecec49226db8ae306a6bada770;02f8ffef2b1c6360c1703424589a068437246214df97bf73b2aab36c8d497114	query_relative	query_relative
hard::hard_role_flip_125	hard_query_conditioned	hard_role_flip_125	hard_role_flip	L4	warehouse reconciliation	hard	2	hard_role_flip_pool	query_relative	query_relative	yes	pass	blind_gate_pass	none	a373b31e82d3fe344f53c27a4cb1acc74bbfe156fda5c82e0015c7304a793939;388b455f37a63569ca690396793ad6630d5bd76d0333c056fa9b98581dc681ce	query_relative	query_relative
hard::hard_role_flip_126	hard_query_conditioned	hard_role_flip_126	hard_role_flip	L3	warehouse reconciliation	hard	2	hard_role_flip_pool	query_relative	query_relative	yes	pass	blind_gate_pass	none	5dca32e182802bfd1a08df52acdbcd56dde09f0bdc9f9d651866d7119431ae9d;3c9f43242270ae8ea761b5814c3acac2ac94984f1f6aa6793b617ca8aa8c05fb	query_relative	query_relative
hard::hard_role_flip_127	hard_query_conditioned	hard_role_flip_127	hard_role_flip	L4	warehouse reconciliation	hard	2	hard_role_flip_pool	query_relative	query_relative	yes	pass	blind_gate_pass	none	abf958f1acc6c0060979b73a8c101b3e1b37fe21494c910be0bf2cd0b9539b1d;54cd01c51522a855525790e1bedad2a90971cd64dc2a65189d9e641cacde41ec	query_relative	query_relative
hard::hard_role_flip_128	hard_query_conditioned	hard_role_flip_128	hard_role_flip	L3	warehouse reconciliation	hard	2	hard_role_flip_pool	query_relative	query_relative	yes	pass	blind_gate_pass	none	715a77dc1f4a0e8620da9ffab50123f4a0e903933502b9e50304680b83bebd70;8d79b9607ac862f4c2fd4d2e498d471e806d0a955dff7b916d2c37d9d5af7a13	query_relative	query_relative
hard::hard_role_flip_129	hard_query_conditioned	hard_role_flip_129	hard_role_flip	L4	clinical cohort extraction	hard	2	hard_role_flip_pool	query_relative	query_relative	yes	pass	blind_gate_pass	none	07ca1dd9aeb726a436b08200dfcdbb28c8a791bb019dd47790f9bdf528696a3b;caa5b369126232cf2c5932afb43fa0306af5ed9a6d0d5d06dc6b1740232b7c59	query_relative	query_relative
hard::hard_role_flip_130	hard_query_conditioned	hard_role_flip_130	hard_role_flip	L4	clinical cohort extraction	hard	2	hard_role_flip_pool	query_relative	query_relative	yes	pass	blind_gate_pass	none	866612b6584ad175a205953bc1c5d5d37a32d8401b8782c142b2691de0004690;d24063db4d9ee31d418298c70b71136ce4fb1b2a6bc5f8bfa07c6f7c36562b01	query_relative	query_relative
hard::hard_role_flip_131	hard_query_conditioned	hard_role_flip_131	hard_role_flip	L4	clinical cohort extraction	hard	2	hard_role_flip_pool	query_relative	query_relative	yes	pass	blind_gate_pass	none	e9b002a2c5de477a914f0028056b57dfdf669296f290957c1c98143805bca6c0;b816ac4a0e5c53d2996b915a1e8edf72b9ebeabbea32d8431bc423e0a0e1a2c1	query_relative	query_relative
hard::hard_role_flip_132	hard_query_conditioned	hard_role_flip_132	hard_role_flip	L3	clinical cohort extraction	hard	2	hard_role_flip_pool	query_relative	query_relative	yes	pass	blind_gate_pass	none	2f7c98ac37884f24b01df22e99e5595c200ae8cdbd72ee56d7be489c48dcf97e;501590b18dc51efa4d0eb69c128ace39a28d8230ba57112675df000fcc73752f	query_relative	query_relative
hard::hard_role_flip_133	hard_query_conditioned	hard_role_flip_133	hard_role_flip	L3	clinical cohort extraction	hard	2	hard_role_flip_pool	query_relative	query_relative	yes	pass	blind_gate_pass	none	8cbaff673c38fc901bd6bd80fa302fa02809c57464dd5fdd0bf1486006003f17;4acb0a93c94d358df616a5d79c39ac3a7489f3aafe587bdaa70d5f546cde20ed	query_relative	query_relative
hard::hard_role_flip_134	hard_query_conditioned	hard_role_flip_134	hard_role_flip	L4	clinical cohort extraction	hard	2	hard_role_flip_pool	query_relative	query_relative	yes	pass	blind_gate_pass	none	75f44db6d4ebab10396985090a924540086728583e17dd67c80bb0fccf065850;6d7df7bfbaea4f3e7ccfed488ea914851d3deaceaf4d76747bb35e18fd37c72b	query_relative	query_relative
hard::hard_role_flip_135	hard_query_conditioned	hard_role_flip_135	hard_role_flip	L3	clinical cohort extraction	hard	2	hard_role_flip_pool	query_relative	query_relative	yes	pass	blind_gate_pass	none	12739fc3dc0ac8fcf206c2dd3b9f4f46cbb94c47db197b9b34ecb93f994f4355;76e482b1fd4b5875df7ecaa3949681dc98996b13788afd41b686690a510f9bfa	query_relative	query_relative
hard::hard_role_flip_136	hard_query_conditioned	hard_role_flip_136	hard_role_flip	L4	clinical cohort extraction	hard	2	hard_role_flip_pool	query_relative	query_relative	yes	pass	blind_gate_pass	none	75d36ce8324f5765739550f6f767f26fc6fe3bb2aa34f0ce7092c10b694c0085;47ddecb2ced0fed53885a184123421f15afc9d5b53f756ad61dbfc79347234e3	query_relative	query_relative
hard::hard_role_flip_137	hard_query_conditioned	hard_role_flip_137	hard_role_flip	L3	clinical cohort extraction	hard	2	hard_role_flip_pool	query_relative	query_relative	yes	pass	blind_gate_pass	none	af7955d596a45186407ea12cfd30df4873eb74eee1463cfc54e9c5c0562d8fd2;6ca281562314db70979e7a08287142a2a4005ec3f3ba7339e18a6924fefcd587	query_relative	query_relative
hard::hard_role_flip_138	hard_query_conditioned	hard_role_flip_138	hard_role_flip	L4	customer support routing	hard	2	hard_role_flip_pool	query_relative	query_relative	yes	pass	blind_gate_pass	none	9b56a84a203dae91be085a4975acae5a0728c7634a7f281e3c44669267b3971b;65a8a5edd03ddaefc2a878f8baed8e960c9f3c12d27a899934eb6ccfef96ea79	query_relative	query_relative
hard::hard_role_flip_139	hard_query_conditioned	hard_role_flip_139	hard_role_flip	L4	customer support routing	hard	2	hard_role_flip_pool	query_relative	query_relative	yes	pass	blind_gate_pass	none	b71f5d0ee1e37f6f369c1aa60090a8b4bff12c2edc327184cec70233d1cceabd;e6f5d388e26a5394d7101ca775b3a1e48999e4607996fe6c3167b3b084223af6	query_relative	query_relative
hard::hard_role_flip_140	hard_query_conditioned	hard_role_flip_140	hard_role_flip	L4	customer support routing	hard	2	hard_role_flip_pool	query_relative	query_relative	yes	pass	blind_gate_pass	none	9360bde23a3ce9590733ce98e69ce3d76f8134b42e4a7b951fb2ed5b27eee18f;e599815526d32bcc473c115d4042a56431c34b4c550bdff80040a7a72f24bbde	query_relative	query_relative
hard::hard_role_flip_141	hard_query_conditioned	hard_role_flip_141	hard_role_flip	L3	customer support routing	hard	2	hard_role_flip_pool	query_relative	query_relative	yes	pass	blind_gate_pass	none	5cfa34851a93d9962c8a10681d559c12e8b586fcda901d7c06f658c039b2ec2c;5e44d276db2ff7a90a648bccc91593dfbcead4a0b36b2fb4cac93b9bcddb7a30	query_relative	query_relative
hard::hard_role_flip_142	hard_query_conditioned	hard_role_flip_142	hard_role_flip	L3	customer support routing	hard	2	hard_role_flip_pool	query_relative	query_relative	yes	pass	blind_gate_pass	none	a96cd79db990dff6ffd1713d909bb7817607eb38dab710e93ee92d427cbbf4da;226b904d8e77923c4b7a974d25178bde0c834af097d46fd60ef58ce576a46bae	query_relative	query_relative
hard::hard_role_flip_143	hard_query_conditioned	hard_role_flip_143	hard_role_flip	L4	customer support routing	hard	2	hard_role_flip_pool	query_relative	query_relative	yes	pass	blind_gate_pass	none	6dddf3766d66e146d7e511777a8449340534f54406a1e09a720ee0674299bdb8;2c12259d00a69e738ad5684a0f2c174aea8a18eb33939c569ec0c0b937a8fa86	query_relative	query_relative
hard::hard_role_flip_144	hard_query_conditioned	hard_role_flip_144	hard_role_flip	L3	customer support routing	hard	2	hard_role_flip_pool	query_relative	query_relative	yes	pass	blind_gate_pass	none	4187b96a311100c0810fb7b553d7c2655a22add4eaae9c34c615423ada1d612c;2b2bc1cd851b5fa800765d9e6ad6186ea0c8fe858215658cd4228c5efe460ae0	query_relative	query_relative
hard::hard_role_flip_145	hard_query_conditioned	hard_role_flip_145	hard_role_flip	L4	customer support routing	hard	2	hard_role_flip_pool	query_relative	query_relative	yes	pass	blind_gate_pass	none	9ecc1fa00d5e293116add7a10f3a2eee274b30457f43db54e539544da496f665;980cc479ff7d774928017150f2e290d41f272a8368fad1649d222e9e26469d92	query_relative	query_relative
hard::hard_role_flip_146	hard_query_conditioned	hard_role_flip_146	hard_role_flip	L3	customer support routing	hard	2	hard_role_flip_pool	query_relative	query_relative	yes	pass	blind_gate_pass	none	60ce251f06b43ceb751e40696ff4bf1e1eef6b0398475226bcf72fb1b04e4961;db140356fd2c3eac0d0920217c7d3c79c5fba5bb79112cf98b9c7aa76e12fb94	query_relative	query_relative
hard::hard_role_flip_147	hard_query_conditioned	hard_role_flip_147	hard_role_flip	L4	code review triage	hard	2	hard_role_flip_pool	query_relative	query_relative	yes	pass	blind_gate_pass	none	135ef98a02314c65019972d852e3f70b3392799f13da78071cdfb396d648e249;47622b911be02daf9952525c89b7a22a7c22d2b23acde84eee93d4bf959cad4d	query_relative	query_relative
hard::hard_role_flip_148	hard_query_conditioned	hard_role_flip_148	hard_role_flip	L4	code review triage	hard	2	hard_role_flip_pool	query_relative	query_relative	yes	pass	blind_gate_pass	none	9d967b5828ea4c68f38796ed44b6bfd54a99abea020eff5dbfcb84ef9aabcfff;f45d560d6a9dccb9639872d59282ae88ea60f322919af6c7bf29dea1c8e6b9dc	query_relative	query_relative
hard::hard_role_flip_149	hard_query_conditioned	hard_role_flip_149	hard_role_flip	L4	code review triage	hard	2	hard_role_flip_pool	query_relative	query_relative	yes	pass	blind_gate_pass	none	33c577e96b64061bd95be1d172faf65b1fc97242d903331ef17e35286f086d5b;22e454725911367f4a6fe7903e81bef4c019ea3364c23ad09501cc9ea72dbdc2	query_relative	query_relative
hard::hard_role_flip_150	hard_query_conditioned	hard_role_flip_150	hard_role_flip	L3	code review triage	hard	2	hard_role_flip_pool	query_relative	query_relative	yes	pass	blind_gate_pass	none	1227b8915053337bec241e40c6c4c8129636bceaf48ec486e683604178b79c0f;6bd03488a3dccc9676a6a33f7b4a2cc0e6d09c36b778050730d0695e6f577ea7	query_relative	query_relative
hard::hard_role_flip_151	hard_query_conditioned	hard_role_flip_151	hard_role_flip	L3	code review triage	hard	2	hard_role_flip_pool	query_relative	query_relative	yes	pass	blind_gate_pass	none	d4f33027980dc4d3e00f870c4ad5f772d3d0eef05e238fa98e47dafef5a2eafc;ff8b7c8a93f8a6dd5128099b16a3e1a76ef9adcb5a4325ddd01adca024839356	query_relative	query_relative
hard::hard_role_flip_152	hard_query_conditioned	hard_role_flip_152	hard_role_flip	L4	code review triage	hard	2	hard_role_flip_pool	query_relative	query_relative	yes	pass	blind_gate_pass	none	5866c8bc478274b91ec6272fdce687955acd51a7c73df92ab646b6522df1ddd0;ab0ff59e000351ffbf7e668eeeca841a110aaf08f2d5f7b49521c1f3a06dd059	query_relative	query_relative
hard::hard_role_flip_153	hard_query_conditioned	hard_role_flip_153	hard_role_flip	L3	code review triage	hard	2	hard_role_flip_pool	query_relative	query_relative	yes	pass	blind_gate_pass	none	9b44ecb60a8d7ece9cc748b4c556575c9a9ebf0fdb8db7eae87c4eb058144b9d;927a318ff588cfab0c2449613c9bf29a030b0a0a1b9c03cf59b9f53f3468b02e	query_relative	query_relative
hard::hard_role_flip_154	hard_query_conditioned	hard_role_flip_154	hard_role_flip	L4	code review triage	hard	2	hard_role_flip_pool	query_relative	query_relative	yes	pass	blind_gate_pass	none	250cf0d2b0c22194a3cbfe5f9e2be85ee491e1bfd67c6965506564cc184dac79;33c833b2f5ea75b4532bce364b7e29dec699a794d64376c1589db8bfb043d1d2	query_relative	query_relative
hard::hard_role_flip_155	hard_query_conditioned	hard_role_flip_155	hard_role_flip	L3	code review triage	hard	2	hard_role_flip_pool	query_relative	query_relative	yes	pass	blind_gate_pass	none	5d4fa5504ac551f53944b48f6eff543479f00f81f65502490c3bf510badac97c;99db068d347ed24eed128f2fe36bede3e350f2556be29d1f31755cb20863887d	query_relative	query_relative
hard::hard_role_flip_156	hard_query_conditioned	hard_role_flip_156	hard_role_flip	L4	geospatial address matching	hard	2	hard_role_flip_pool	query_relative	query_relative	yes	pass	blind_gate_pass	none	cdb7ccbc33218a3ee4bddf4c3cf64f5addd65c7a62691a8bfb748cd761e6c28b;b02b63dfbf7f8dc9179719c1843f55a59b5d7914fcbe68ffc1fbd611bedeccd6	query_relative	query_relative
hard::hard_role_flip_157	hard_query_conditioned	hard_role_flip_157	hard_role_flip	L4	geospatial address matching	hard	2	hard_role_flip_pool	query_relative	query_relative	yes	pass	blind_gate_pass	none	ed6003625624e8989676ae7c26c74e1d3aef62f9af492e5967b0d601480607f1;dcf65a184c9e07e7c3e8fc712657cc7b63ca88f12b71559082ddb254eb6ecc36	query_relative	query_relative
hard::hard_role_flip_158	hard_query_conditioned	hard_role_flip_158	hard_role_flip	L4	geospatial address matching	hard	2	hard_role_flip_pool	query_relative	query_relative	yes	pass	blind_gate_pass	none	1d85a7c40292584ddd329c32f6d28c4d0e18bc50f2f6e8e9184e9a21e4e48abf;95a37c38190411bfaa70411a5323cf1e961ee5e940e82481ad60d9880fa756f9	query_relative	query_relative
hard::hard_role_flip_159	hard_query_conditioned	hard_role_flip_159	hard_role_flip	L3	geospatial address matching	hard	2	hard_role_flip_pool	query_relative	query_relative	yes	pass	blind_gate_pass	none	80894df83a8385a8e6399452c29f78b9f6cba4f14d262510d6ef16c58d87b8ce;399daa69a981c1208f35dec51b2187a1adad38987d92f16f3dbe8402eda0ae24	query_relative	query_relative
hard::hard_role_flip_160	hard_query_conditioned	hard_role_flip_160	hard_role_flip	L3	geospatial address matching	hard	2	hard_role_flip_pool	query_relative	query_relative	yes	pass	blind_gate_pass	none	cd497ca9742dbf26c9f22dfe77caf21d65a37f12e9087ed2605f7c24e9cdc303;878699fa308655312e091c009677e2a49caee08a759e8ac9525db46cd34b3713	query_relative	query_relative
hard::hard_role_flip_161	hard_query_conditioned	hard_role_flip_161	hard_role_flip	L4	geospatial address matching	hard	2	hard_role_flip_pool	query_relative	query_relative	yes	pass	blind_gate_pass	none	e91c764ec5560bd09a905cadec462e05fadf0750d7580b85d9dba6534a125f09;0d6834171501d1832fb1d80f3cb6b7c7f7634a3adbc8f84d21330be6aa9741a8	query_relative	query_relative
hard::hard_role_flip_162	hard_query_conditioned	hard_role_flip_162	hard_role_flip	L3	geospatial address matching	hard	2	hard_role_flip_pool	query_relative	query_relative	yes	pass	blind_gate_pass	none	d0f3167c2ed676ca312909b2d72a96a83b16b666643c20b03d011cfb34ba4547;4bb712578a8bc7cb2313ec6320a1c3f45a5e8798e50224785428a63a15db4527	query_relative	query_relative
hard::hard_role_flip_163	hard_query_conditioned	hard_role_flip_163	hard_role_flip	L4	geospatial address matching	hard	2	hard_role_flip_pool	query_relative	query_relative	yes	pass	blind_gate_pass	none	9c462a93b047c963a1dbabebc208d07a726ac405b0bb6d62bbf06752f65da9fd;f54fd949ec140e6b687a8dbca62e9041bf3f351b918e559ca64126bd1c865ddf	query_relative	query_relative
hard::hard_role_flip_164	hard_query_conditioned	hard_role_flip_164	hard_role_flip	L3	geospatial address matching	hard	2	hard_role_flip_pool	query_relative	query_relative	yes	pass	blind_gate_pass	none	eb2061e66e7479393b7727b7c14e098e1000430300ad817094654ca5198917ec;00cf5ced130059be37d62ad136b412a75393b6d13ed4f16ab18b6d99389f5ae2	query_relative	query_relative
hard::hard_role_flip_165	hard_query_conditioned	hard_role_flip_165	hard_role_flip	L4	logistics route planning	hard	2	hard_role_flip_pool	query_relative	query_relative	yes	pass	blind_gate_pass	none	8b4e2bcca43a5cb88fd9e1c7946fc84af27a2286126dee858ec0868fd3834cbb;ff4410be72ebfff13755e8f47f2954951f778e463106427ef943ce38908c0663	query_relative	query_relative
hard::hard_role_flip_166	hard_query_conditioned	hard_role_flip_166	hard_role_flip	L4	logistics route planning	hard	2	hard_role_flip_pool	query_relative	query_relative	yes	pass	blind_gate_pass	none	259cafcf3938d69cfcf5d84983cb1788b049c615316aa6a73aa63e0a412d054f;2a9d3b779371b1e013e4e1e8ff1c8e3cb07cfc71e4166e1ae48121ef875408c8	query_relative	query_relative
hard::hard_role_flip_167	hard_query_conditioned	hard_role_flip_167	hard_role_flip	L4	logistics route planning	hard	2	hard_role_flip_pool	query_relative	query_relative	yes	pass	blind_gate_pass	none	517cf65b81a4fc0bcad6cce180ab3a8c82dd02a9e938da209ab7edea9b6b292a;c4bc57b7c6d043c1a717dcda44230d508cec51344f65320cb4d6c6c0350f4b43	query_relative	query_relative
hard::hard_role_flip_168	hard_query_conditioned	hard_role_flip_168	hard_role_flip	L3	logistics route planning	hard	2	hard_role_flip_pool	query_relative	query_relative	yes	pass	blind_gate_pass	none	aec316cdf0619c9d21d618b0e871c5809a0f4be384607153660f4c2059304572;02a5b036250127ee813285bccdee5ab7965c5bba844e90b3ba970bed05277626	query_relative	query_relative
hard::hard_role_flip_169	hard_query_conditioned	hard_role_flip_169	hard_role_flip	L3	logistics route planning	hard	2	hard_role_flip_pool	query_relative	query_relative	yes	pass	blind_gate_pass	none	4b5f6cbdfab9ca400a28e1050869d2276a4dfa888485f2780e95c472a1e9b3cd;ad377fa4486a3c1eaafcfb2a48f871052e26ee3f4e224c9e149ec3b5d7afbe51	query_relative	query_relative
hard::hard_role_flip_170	hard_query_conditioned	hard_role_flip_170	hard_role_flip	L4	logistics route planning	hard	2	hard_role_flip_pool	query_relative	query_relative	yes	pass	blind_gate_pass	none	8e6299bbf41e51aef591d2719779cb8483d9bd963b9a5c74fbe00344683e10e6;3e832c24ad1138ffe4f63fb78349b96b9acb9369f99c959f06649475265df542	query_relative	query_relative
hard::hard_role_flip_171	hard_query_conditioned	hard_role_flip_171	hard_role_flip	L3	logistics route planning	hard	2	hard_role_flip_pool	query_relative	query_relative	yes	pass	blind_gate_pass	none	cb7470d47cb6fed1c46648c126c4a506f0c6f46f893e544c668a1344b0ecccee;28bd75d8f622ceb60ee99b44ad2675de27e4909f55391d25fc473e9ca0e70b4b	query_relative	query_relative
hard::hard_role_flip_172	hard_query_conditioned	hard_role_flip_172	hard_role_flip	L4	logistics route planning	hard	2	hard_role_flip_pool	query_relative	query_relative	yes	pass	blind_gate_pass	none	ce47224b083c243e0a9941f03a950ed2c2374144bb426fd9f835b081b9e6fb6b;c68f0f6fc8a2a8adc6482d9499aa0fc46bc7071a78b60621f763cb1c05f8b823	query_relative	query_relative
hard::hard_role_flip_173	hard_query_conditioned	hard_role_flip_173	hard_role_flip	L3	logistics route planning	hard	2	hard_role_flip_pool	query_relative	query_relative	yes	pass	blind_gate_pass	none	b80151ad4946039a4ddda4e92e504205b2deb5b44dda37d3b6ba6b79e4cfd11b;713b71b5862d38f594e8243a796effc718e6d63d6a843afad0b9c73ff7df5a17	query_relative	query_relative
hard::hard_role_flip_174	hard_query_conditioned	hard_role_flip_174	hard_role_flip	L4	financial statement audit	hard	2	hard_role_flip_pool	query_relative	query_relative	yes	pass	blind_gate_pass	none	6dd75c76cee1dc66d66f988c1fbc902babd7959d7b607ae28dc517ea814ef2ce;870ad38a597f346256d73e2d0c0912f02bdd083c52a55f622e6a2aac1362345b	query_relative	query_relative
hard::hard_role_flip_175	hard_query_conditioned	hard_role_flip_175	hard_role_flip	L4	financial statement audit	hard	2	hard_role_flip_pool	query_relative	query_relative	yes	pass	blind_gate_pass	none	2b115b08f13da7567e70a07072120a266ced37cff1fb1d299a98f5c5c0a9799e;c707a03648b8aea14b1555033eacae6952639f5fe38f83657ddfcacca473fa07	query_relative	query_relative
hard::hard_role_flip_176	hard_query_conditioned	hard_role_flip_176	hard_role_flip	L4	financial statement audit	hard	2	hard_role_flip_pool	query_relative	query_relative	yes	pass	blind_gate_pass	none	7bc90ba3d3c4b95237b983dc1b0f8dd65ab603ae14b91bdaabaf2f3d52a1ce5a;1ece24deccdf413cba72b69b2aadf303658131065f8b6df54a02ff73d9cee6f2	query_relative	query_relative
hard::hard_role_flip_177	hard_query_conditioned	hard_role_flip_177	hard_role_flip	L3	financial statement audit	hard	2	hard_role_flip_pool	query_relative	query_relative	yes	pass	blind_gate_pass	none	91bd08c1698f19b14c5561c522958f434050c7e2c717b9c55d66253b1f68d2a3;9e59cd921c1640c0d978aa722c235185cebd0e4101d004f3d2bb28a966c9f04e	query_relative	query_relative
hard::hard_role_flip_178	hard_query_conditioned	hard_role_flip_178	hard_role_flip	L3	financial statement audit	hard	2	hard_role_flip_pool	query_relative	query_relative	yes	pass	blind_gate_pass	none	21d35a2d4e3b5664121e7896ce8b64088018e22c3d03f70651bab603a3ecfe8d;5e7462f37e2408c0925f15b1e9cd335b411a64e31d4665a979535e408e7b5c22	query_relative	query_relative
hard::hard_role_flip_179	hard_query_conditioned	hard_role_flip_179	hard_role_flip	L4	financial statement audit	hard	2	hard_role_flip_pool	query_relative	query_relative	yes	pass	blind_gate_pass	none	15665c7f91ba9ca684f0493e498f02ffc1d849eaf596a61758ce5f7c902401db;f279851add57a189dfcf6aed51d4d2fa42e217fcd31b9e5d440c829fc7ad6693	query_relative	query_relative
hard::hard_role_flip_180	hard_query_conditioned	hard_role_flip_180	hard_role_flip	L3	financial statement audit	hard	2	hard_role_flip_pool	query_relative	query_relative	yes	pass	blind_gate_pass	none	c34be29d99596e38507168e13c88251d82d45cd8eb6abe0e2f124208f2b516d7;e147342940aaa3da001128974a5d9c595e59a30d3d623865fd13152c4e776602	query_relative	query_relative
hard::hard_role_flip_181	hard_query_conditioned	hard_role_flip_181	hard_role_flip	L4	financial statement audit	hard	2	hard_role_flip_pool	query_relative	query_relative	yes	pass	blind_gate_pass	none	9b8ed7ca64382b48a95a4f2feb0b832ee067474c2978ce5ca89d8c3092ff21cd;dfd3546ad04a1c2443a8bba7582ef791c94f19fe490a0958a164a356668f3931	query_relative	query_relative
hard::hard_role_flip_182	hard_query_conditioned	hard_role_flip_182	hard_role_flip	L3	financial statement audit	hard	2	hard_role_flip_pool	query_relative	query_relative	yes	pass	blind_gate_pass	none	85b735a8190375e1819cff395c599b9f5b7b97a342bc40f7a0c72471740970f6;fad1ba53e25970b5c1e84586c325c7fe70ee73843643d9a6da6ea78c620593a8	query_relative	query_relative
hard::hard_role_flip_183	hard_query_conditioned	hard_role_flip_183	hard_role_flip	L4	education rubric scoring	hard	2	hard_role_flip_pool	query_relative	query_relative	yes	pass	blind_gate_pass	none	c9fa2e14beabaa25dcccbb5a98dccf414971625aee6057579f53299a10ce4204;4700a3aedd948f7f38cc1d2c3242ffc9e92a94c621ec5cc6a3c55036fbaa1646	query_relative	query_relative
hard::hard_role_flip_184	hard_query_conditioned	hard_role_flip_184	hard_role_flip	L4	education rubric scoring	hard	2	hard_role_flip_pool	query_relative	query_relative	yes	pass	blind_gate_pass	none	00f924041b6e657fcfdc5a4cdf3e9f5568c1cef5316a8255832186527d2b4efc;bf3908ffce383644d9672f312513df7cd4be64ad85989820ff4999a8a67c7f52	query_relative	query_relative
hard::hard_role_flip_185	hard_query_conditioned	hard_role_flip_185	hard_role_flip	L4	education rubric scoring	hard	2	hard_role_flip_pool	query_relative	query_relative	yes	pass	blind_gate_pass	none	d06b12dba3dc730f0d2640b88cee6d7e7c758723c2efcf42d3313bd1881c5ec6;b8308bbc456db67af9c03f89b46534851aa83c294362c1a6cce005ff6d544d3b	query_relative	query_relative
hard::hard_role_flip_186	hard_query_conditioned	hard_role_flip_186	hard_role_flip	L3	education rubric scoring	hard	2	hard_role_flip_pool	query_relative	query_relative	yes	pass	blind_gate_pass	none	3c06e9747ffc27133127517bb5b80a09ef2206729dd1bb54ff9b13fb1a4c7375;abfb93dccf126df132b251829768dc420a683474d2a910ac3626fe06f6cce663	query_relative	query_relative
hard::hard_role_flip_187	hard_query_conditioned	hard_role_flip_187	hard_role_flip	L3	education rubric scoring	hard	2	hard_role_flip_pool	query_relative	query_relative	yes	pass	blind_gate_pass	none	930f3c8c642f352510b5fb3913bb811cc319a633207f4afef4cfa116684b79b9;9da71b525b6951545ca2886c0483b8e32d246f903f1586400aea35f7ce4c85ed	query_relative	query_relative
hard::hard_role_flip_188	hard_query_conditioned	hard_role_flip_188	hard_role_flip	L4	education rubric scoring	hard	2	hard_role_flip_pool	query_relative	query_relative	yes	pass	blind_gate_pass	none	583bcee184bda4dfd8678de61d701e4e9977c0d4039563fd1d1de437b7bcde6a;abf3fced612414eb61183ee01bcc800a239ce586d5380cd565f37d3674962ef3	query_relative	query_relative
hard::hard_role_flip_189	hard_query_conditioned	hard_role_flip_189	hard_role_flip	L3	education rubric scoring	hard	2	hard_role_flip_pool	query_relative	query_relative	yes	pass	blind_gate_pass	none	51680e7d19e4a6e9c2744e83a9269345ffd7133eb232d69569e85cceb5c149d0;ed89b7e24123c1469053e1fdfe17e15dd35c1b9c11c5d24d2079f555ff857383	query_relative	query_relative
hard::hard_role_flip_190	hard_query_conditioned	hard_role_flip_190	hard_role_flip	L4	education rubric scoring	hard	2	hard_role_flip_pool	query_relative	query_relative	yes	pass	blind_gate_pass	none	2ef893b95d104f6540da3ebe237fb6903c8ae0a31188a0e8714b4b2e96143f1f;cd0e0f4f0cfa77664dd93dfe34f924a951bb6533910bb16b4a6d864107b81640	query_relative	query_relative
hard::hard_role_flip_191	hard_query_conditioned	hard_role_flip_191	hard_role_flip	L3	education rubric scoring	hard	2	hard_role_flip_pool	query_relative	query_relative	yes	pass	blind_gate_pass	none	b7b7685809e70cc4e800f07a2c2a275a921e6f7ee744614b6d078fdc3a9523e6;78dd0775e22aace52c51bb4eea4b4cb949692d24ad9899de93f8b3231d73af7c	query_relative	query_relative
hard::hard_role_flip_192	hard_query_conditioned	hard_role_flip_192	hard_role_flip	L4	security access review	hard	2	hard_role_flip_pool	query_relative	query_relative	yes	pass	blind_gate_pass	none	bcbac72884e66495d6d9bfb1f47e6ea3adc19d57a768a844686e30b1ad8b42ba;df39a484d95fb281325df77587636d0385e116662a84d2b2950407ffb1b75668	query_relative	query_relative
hard::hard_role_flip_193	hard_query_conditioned	hard_role_flip_193	hard_role_flip	L4	security access review	hard	2	hard_role_flip_pool	query_relative	query_relative	yes	pass	blind_gate_pass	none	700bea5ce14a26ee8bba0145b49da9081cb9f5b04dc0d1242ac5898fa90e734b;430197124e32c05a4053796222894f17ccf524a9006fa2e8209cb8f1b2c45a2f	query_relative	query_relative
hard::hard_role_flip_194	hard_query_conditioned	hard_role_flip_194	hard_role_flip	L4	security access review	hard	2	hard_role_flip_pool	query_relative	query_relative	yes	pass	blind_gate_pass	none	f9809eb259597e5f63bb8966f13106f377160e3874de74115ec654a87e9e7868;b05c853b745074dfa20d9dde3dd12462856302a1bf739da8b55d28fadc4bacdf	query_relative	query_relative
hard::hard_role_flip_195	hard_query_conditioned	hard_role_flip_195	hard_role_flip	L3	security access review	hard	2	hard_role_flip_pool	query_relative	query_relative	yes	pass	blind_gate_pass	none	7f875e1f20660a9a4f5cb4e0ad924a9fb56a598242e9a9c9c5cd715185ff0ae8;7f18133bf1693b2c7ada8fc1706680820989c5bdc1c459b12285ebdb3501b171	query_relative	query_relative
hard::hard_role_flip_196	hard_query_conditioned	hard_role_flip_196	hard_role_flip	L3	security access review	hard	2	hard_role_flip_pool	query_relative	query_relative	yes	pass	blind_gate_pass	none	e2a30046fd5621e1aa2d7e58b0990a99103690a9131b6bebc5cbc8b6ed343e41;1a1623468b005d0290524b19a6920914f78f4a67f59d4ebce4cdfbc543e5faa0	query_relative	query_relative
hard::hard_role_flip_197	hard_query_conditioned	hard_role_flip_197	hard_role_flip	L4	security access review	hard	2	hard_role_flip_pool	query_relative	query_relative	yes	pass	blind_gate_pass	none	2cf931dc52fbc5a4fbc067d39a6d18e647acc8767838c96873f641750088eab7;836afd17c9c752308904fb52aa349a3e9d2bee09e8112bd0af9d3ac6260ef935	query_relative	query_relative
hard::hard_role_flip_198	hard_query_conditioned	hard_role_flip_198	hard_role_flip	L3	security access review	hard	2	hard_role_flip_pool	query_relative	query_relative	yes	pass	blind_gate_pass	none	03e55440a033307fcd3bad9876e480216464db88654cfbb31eee2677363edc9c;08ee65c76b60004853e402bcbc37957cf4f8c741b0b464a78fc034f344199cf3	query_relative	query_relative
hard::hard_role_flip_199	hard_query_conditioned	hard_role_flip_199	hard_role_flip	L4	security access review	hard	2	hard_role_flip_pool	query_relative	query_relative	yes	pass	blind_gate_pass	none	3ef925a2ef52b19bf131837e3dcbf2fb734185355cceee43e0cb0bfa315ba323;306d39bd8ead3cc85f3b709b72dbe7d973d45e1b0368339638b1ae82cf2ac29c	query_relative	query_relative
hard::hard_role_flip_200	hard_query_conditioned	hard_role_flip_200	hard_role_flip	L3	security access review	hard	2	hard_role_flip_pool	query_relative	query_relative	yes	pass	blind_gate_pass	none	0a24558dffbd8da48a3ec5fb6c509e45ea8d9b87b9a7cb30620c05ed1d13815a;eeccece2f9e9db4815d421b73b7b432e021b0891b67ae3f5d1273e6f645489a9	query_relative	query_relative
hard::hard_role_flip_201	hard_query_conditioned	hard_role_flip_201	hard_role_flip	L4	email campaign QA	hard	2	hard_role_flip_pool	query_relative	query_relative	yes	pass	blind_gate_pass	none	9e1d08f0ac5847d33dea3a39e949786c486a3a59ab40c10aca362a80f8b2e332;55146056cdff0149cbb12c401c1b18c736826cc569e28485ec4fe989af9cb039	query_relative	query_relative
hard::hard_role_flip_202	hard_query_conditioned	hard_role_flip_202	hard_role_flip	L4	email campaign QA	hard	2	hard_role_flip_pool	query_relative	query_relative	yes	pass	blind_gate_pass	none	e02e940d10c89f938c8268dfe7e4495a5f3b9e726ba323efcdbec1bf5ea3825c;bcf576286ab951412fb5c0b8fd09bb90bdb1b81f4a91542580d1c202c368fe9e	query_relative	query_relative
hard::hard_role_flip_203	hard_query_conditioned	hard_role_flip_203	hard_role_flip	L4	email campaign QA	hard	2	hard_role_flip_pool	query_relative	query_relative	yes	pass	blind_gate_pass	none	0107687e0989debc35ca45d81f0136bf3944bd0fe226374c2235dd00b59c3bae;fb76d806c7c2b074b1c1e32ae6bedd0c09e278f8d0d56fe217fe564b5d48e5e3	query_relative	query_relative
hard::hard_role_flip_204	hard_query_conditioned	hard_role_flip_204	hard_role_flip	L3	email campaign QA	hard	2	hard_role_flip_pool	query_relative	query_relative	yes	pass	blind_gate_pass	none	087668ed73d51fa96a29f23cd843884a762c2a047cdeb5d5c3ef7ca158992502;854f9dbb1bf082a79e15987e9bdeb4c9636d7cfaa6617848524dcbf62aa0930b	query_relative	query_relative
hard::hard_role_flip_205	hard_query_conditioned	hard_role_flip_205	hard_role_flip	L3	email campaign QA	hard	2	hard_role_flip_pool	query_relative	query_relative	yes	pass	blind_gate_pass	none	688c515ecd777af2d65b0b64f94728950bd7ec62f874b2eede5009b803b14da3;8e432d5e504ff8cc45c378dcfbc0a70bd07e5c14fab12a338cc447142dbd6eba	query_relative	query_relative
hard::hard_role_flip_206	hard_query_conditioned	hard_role_flip_206	hard_role_flip	L4	email campaign QA	hard	2	hard_role_flip_pool	query_relative	query_relative	yes	pass	blind_gate_pass	none	5d646977c0716331b70f189f564bc86fbf90003265a9c8f0efda416c1979786f;2fa0be6f83d2d4289642a10d6972846790313af12cc1b7efaa33413e58754371	query_relative	query_relative
hard::hard_role_flip_207	hard_query_conditioned	hard_role_flip_207	hard_role_flip	L3	email campaign QA	hard	2	hard_role_flip_pool	query_relative	query_relative	yes	pass	blind_gate_pass	none	fe86e87d67164d62cd2c833722fb7071b5514141067f6bf79015a387c00825df;ac6985d1d9e4ca13b38214e88e8a8a7d7bb5f98028f480ec7db7856496ed920b	query_relative	query_relative
hard::hard_role_flip_208	hard_query_conditioned	hard_role_flip_208	hard_role_flip	L4	email campaign QA	hard	2	hard_role_flip_pool	query_relative	query_relative	yes	pass	blind_gate_pass	none	4c6f6fd54fd34d7aed7bb0780ac0141ff0dd6aaa3e20ca3fe131975cc477d7ab;9eb52e1d7f76e474caf6688eca92944edf76da532744d8a4c7e162377120b0be	query_relative	query_relative
hard::hard_role_flip_209	hard_query_conditioned	hard_role_flip_209	hard_role_flip	L3	email campaign QA	hard	2	hard_role_flip_pool	query_relative	query_relative	yes	pass	blind_gate_pass	none	c09cd5bd929c1a4f0585a363c66ad951773f127579a518c562707130572e42fd;aca4c3e8f855d00793a056677385a5c0997d8425cefc183fc45e06e7b7d7ad06	query_relative	query_relative
hard::hard_role_flip_210	hard_query_conditioned	hard_role_flip_210	hard_role_flip	L4	energy usage analysis	hard	2	hard_role_flip_pool	query_relative	query_relative	yes	pass	blind_gate_pass	none	d949cab52da292ca31aa0a5375fa8f68c833826ef8de481f835ef19bb443d270;d1908eed246950c918eefb4944a06d36a7581ec527f78b95cd56ba014c077c87	query_relative	query_relative
hard::hard_role_flip_211	hard_query_conditioned	hard_role_flip_211	hard_role_flip	L4	energy usage analysis	hard	2	hard_role_flip_pool	query_relative	query_relative	yes	pass	blind_gate_pass	none	56f5ca2c7ddb05176229251236d27d3a31326a671a0db38ba0bd541690b2869a;e719151f38a6ca82fb255f17a67045eb01c8cc0e1f448afad213924728b0024d	query_relative	query_relative
hard::hard_role_flip_212	hard_query_conditioned	hard_role_flip_212	hard_role_flip	L4	energy usage analysis	hard	2	hard_role_flip_pool	query_relative	query_relative	yes	pass	blind_gate_pass	none	8ebf47a023c6fb91358df3b644b8c795de7c89e8ed0cc3a222e87e1ca8f6e6b9;52a87debc39a514cbea3390a18b469886bee46f221813e2b1a0c19128a01473c	query_relative	query_relative
hard::hard_role_flip_213	hard_query_conditioned	hard_role_flip_213	hard_role_flip	L3	energy usage analysis	hard	2	hard_role_flip_pool	query_relative	query_relative	yes	pass	blind_gate_pass	none	4c29adb11b60a874a3543e01d2b5a25a4e6de570b117a5b247757bda3c7754fd;2ae0d1dff5577e5985ae2cdf57ed88f744a2952af1a784e83a1d2efe0d856748	query_relative	query_relative
hard::hard_role_flip_214	hard_query_conditioned	hard_role_flip_214	hard_role_flip	L3	energy usage analysis	hard	2	hard_role_flip_pool	query_relative	query_relative	yes	pass	blind_gate_pass	none	4f743b3c8b8c5c4594252529aa90c3ac87dd33c55490137ff8825d1278787ff1;7796e1223655ce4378255576d09abe9f276f7ee8ac02b425c904a84fbfe7af42	query_relative	query_relative
hard::hard_role_flip_215	hard_query_conditioned	hard_role_flip_215	hard_role_flip	L4	energy usage analysis	hard	2	hard_role_flip_pool	query_relative	query_relative	yes	pass	blind_gate_pass	none	e9135a442d44a58cf9d6d7a6263125b202eae3362be9592454f5dee125d04abe;ba248f81f95cbc470cbe97522665619a7f38bcd8a544b87e148270a660d80db7	query_relative	query_relative
hard::hard_role_flip_216	hard_query_conditioned	hard_role_flip_216	hard_role_flip	L3	energy usage analysis	hard	2	hard_role_flip_pool	query_relative	query_relative	yes	pass	blind_gate_pass	none	2302f68b63af16787fcd33b06103bdb98ae653b31d381b8f928f71a29748f40a;46170cbcc531a589429c9ec52397acea051842e90c8a9ad49e759fb3c2feaed9	query_relative	query_relative
hard::hard_role_flip_217	hard_query_conditioned	hard_role_flip_217	hard_role_flip	L4	energy usage analysis	hard	2	hard_role_flip_pool	query_relative	query_relative	yes	pass	blind_gate_pass	none	463423df5e0d8b62280e2560d7a8af9a87529e1dfc57a1bded506738fa0c4d79;195c64ae1d93038cfaef0348069e1bd8e6c9e01718f09af716a40584d1db71f1	query_relative	query_relative
hard::hard_role_flip_218	hard_query_conditioned	hard_role_flip_218	hard_role_flip	L3	energy usage analysis	hard	2	hard_role_flip_pool	query_relative	query_relative	yes	pass	blind_gate_pass	none	3f5d2d115c76a628b802786ef512746f10cb9b50716b4ddb5cf425f352d169e8;c48299d696eb4015c38e48efc089b69df471e5d2eaed12f9f986efbadc413ab5	query_relative	query_relative
hard::hard_role_flip_219	hard_query_conditioned	hard_role_flip_219	hard_role_flip	L4	legal discovery review	hard	2	hard_role_flip_pool	query_relative	query_relative	yes	pass	blind_gate_pass	none	696349568ebe2c473fed8ea1a541ab2383499bae7f8f8d98d104a9b9f59d6be3;5d10947062fd8db3fb0644f3e6fb1e10e557d113cbaba8719f217a6d38133574	query_relative	query_relative
hard::hard_role_flip_220	hard_query_conditioned	hard_role_flip_220	hard_role_flip	L4	legal discovery review	hard	2	hard_role_flip_pool	query_relative	query_relative	yes	pass	blind_gate_pass	none	f35cbb76e35137bd7cf8090756c21181e9dcca291d712d2ba009396f6fc20034;1e22b8887e771ffeaa15a9d1229d47b38da25635bc1c127f2af8a476174377b0	query_relative	query_relative
hard::hard_role_flip_221	hard_query_conditioned	hard_role_flip_221	hard_role_flip	L4	legal discovery review	hard	2	hard_role_flip_pool	query_relative	query_relative	yes	pass	blind_gate_pass	none	6afd2ebba5d4297a59006e4d2631c64e5bc02080f0360677cdc6b71dc879bb4c;0f88919970fdcd13bffcadbbe1965ca31a11cbaf33bcdbc4b6c59fb3554caa14	query_relative	query_relative
hard::hard_role_flip_222	hard_query_conditioned	hard_role_flip_222	hard_role_flip	L3	legal discovery review	hard	2	hard_role_flip_pool	query_relative	query_relative	yes	pass	blind_gate_pass	none	05692bdf82e0ad281006cc082d9b19454ab35ddd1917444226f48d7c2f0aa3ec;43d3a880740dc998c6472f22ecd4087b8afbaaea8f8d19c37e7950c3515248c1	query_relative	query_relative
hard::hard_role_flip_223	hard_query_conditioned	hard_role_flip_223	hard_role_flip	L3	legal discovery review	hard	2	hard_role_flip_pool	query_relative	query_relative	yes	pass	blind_gate_pass	none	73e6ea43d70924b9f41e4b66de6f590f3f1d592f237343848ffae03fedb921fb;b5693782b075d08c8d10b480e0f50de82c0297e1671b0aa4b3446e0fbcd4d932	query_relative	query_relative
hard::hard_role_flip_224	hard_query_conditioned	hard_role_flip_224	hard_role_flip	L4	legal discovery review	hard	2	hard_role_flip_pool	query_relative	query_relative	yes	pass	blind_gate_pass	none	ef523797bd7480338c5c56b3a3fa1bac49a3fd3dd4e26f51527c45f4bd274e40;6d7eb6bde4488b8994d380bc5f9b6082760e2926150615c86890425e588461cf	query_relative	query_relative
hard::hard_role_flip_225	hard_query_conditioned	hard_role_flip_225	hard_role_flip	L3	legal discovery review	hard	2	hard_role_flip_pool	query_relative	query_relative	yes	pass	blind_gate_pass	none	529f296e1620e3651a9724872dc91f3857efa46b9fc9434a37bd62da4df0a070;bfe29bba37cfe2385172c3e4860164851d543856c0cf1640bb7a53f874ff9afb	query_relative	query_relative
hard::hard_role_flip_226	hard_query_conditioned	hard_role_flip_226	hard_role_flip	L4	legal discovery review	hard	2	hard_role_flip_pool	query_relative	query_relative	yes	pass	blind_gate_pass	none	a8be0b8d598e3e3f51f1fe1e5b56fcc63a16ee77d59dbbc525e30f3ced5aa2f2;2c88e9d2e349391045fb4c045593098f7d83825cf58455cefce7bfe7c2772ac3	query_relative	query_relative
hard::hard_role_flip_227	hard_query_conditioned	hard_role_flip_227	hard_role_flip	L3	legal discovery review	hard	2	hard_role_flip_pool	query_relative	query_relative	yes	pass	blind_gate_pass	none	393440a301938c612fe8b1bb9ca9df9f6020b934e814a25f3d9f012645c3a355;2cf4c01115b5d10a2676c522ad508869bb4f9097cb5a68aac3fb8b769706ea1c	query_relative	query_relative
hard::hard_role_flip_228	hard_query_conditioned	hard_role_flip_228	hard_role_flip	L4	manufacturing defect analysis	hard	2	hard_role_flip_pool	query_relative	query_relative	yes	pass	blind_gate_pass	none	0f54ce0a4b5ed9aee074dd1eaaf4a731c682f456285548778a5e220c738c256a;474f9714cf3b779834825481d4d9e115155bf415ce7f01076ed342155cef3dbe	query_relative	query_relative
hard::hard_role_flip_229	hard_query_conditioned	hard_role_flip_229	hard_role_flip	L4	manufacturing defect analysis	hard	2	hard_role_flip_pool	query_relative	query_relative	yes	pass	blind_gate_pass	none	e96059b64f1b09712b8ba50c082d9dfb88491b583b7a0f5f11aef38b06ccd76e;93bc5f8ec9a8baf1f097c43354c72ebb8a5b20fd2e96bd866902a0e3057e95c9	query_relative	query_relative
hard::hard_role_flip_230	hard_query_conditioned	hard_role_flip_230	hard_role_flip	L4	manufacturing defect analysis	hard	2	hard_role_flip_pool	query_relative	query_relative	yes	pass	blind_gate_pass	none	a51020bec60e3649305641bfcaff5eeee02b09f4c26b30a77e729b8e122b70f1;728f4fc4978449d0602515a20a955fe81aa39a3485fe351d1370a9bebf3cfe5d	query_relative	query_relative
hard::hard_role_flip_231	hard_query_conditioned	hard_role_flip_231	hard_role_flip	L3	manufacturing defect analysis	hard	2	hard_role_flip_pool	query_relative	query_relative	yes	pass	blind_gate_pass	none	03f09b596f051ae768222ca12481ef0e64b32b1ebf6f346360331f9229799360;fa01edfe2cd3d5b24a1580a02a44fb91693a6f5d2e0ac3cdffd9d5c5c1ca57a6	query_relative	query_relative
hard::hard_role_flip_232	hard_query_conditioned	hard_role_flip_232	hard_role_flip	L3	manufacturing defect analysis	hard	2	hard_role_flip_pool	query_relative	query_relative	yes	pass	blind_gate_pass	none	e85a954218064adf28ba5d5e31415f329ae44b637ce5f9219ed8ab5267b40790;b6ad266c2fafbaaf1826161c6d149c6308fe93bdcf358e485a46711e77e89b2f	query_relative	query_relative
hard::hard_role_flip_233	hard_query_conditioned	hard_role_flip_233	hard_role_flip	L4	manufacturing defect analysis	hard	2	hard_role_flip_pool	query_relative	query_relative	yes	pass	blind_gate_pass	none	c8f0a949ab28449cfad545ddd7f24298d5a15be51c2bdd0089188bc4ec72e67a;d8bf7e684b07f7755717b956aaace4678401be5ac84018ccf9fb80c944edd7d3	query_relative	query_relative
hard::hard_role_flip_234	hard_query_conditioned	hard_role_flip_234	hard_role_flip	L3	manufacturing defect analysis	hard	2	hard_role_flip_pool	query_relative	query_relative	yes	pass	blind_gate_pass	none	d12981134cd8027f7502c9a2e1fd60b9893335eef6a9f272155e5ad27d035a0d;240fefefea2be5f28c3bbabedf2635a9dad2d50278330b3c40c4b64219050039	query_relative	query_relative
hard::hard_role_flip_235	hard_query_conditioned	hard_role_flip_235	hard_role_flip	L4	manufacturing defect analysis	hard	2	hard_role_flip_pool	query_relative	query_relative	yes	pass	blind_gate_pass	none	4fe98ce45e129df58c7d66be6e14955ba8ce1733e51e54e6ccc7579f306e84ab;ac2d3b2a45aff74ca4e10807a1e43622f88977f731a7413250707a9f6eb1e10d	query_relative	query_relative
hard::hard_role_flip_236	hard_query_conditioned	hard_role_flip_236	hard_role_flip	L3	manufacturing defect analysis	hard	2	hard_role_flip_pool	query_relative	query_relative	yes	pass	blind_gate_pass	none	f9691fb231845b10d55ffc097461423d3181c96439f3eef3f618bfa8821427bd;03e850f0f70ff45da72e49080db4310de790472c0578b088a24ef6f15beb1838	query_relative	query_relative
hard::hard_role_flip_237	hard_query_conditioned	hard_role_flip_237	hard_role_flip	L4	product analytics funnel	hard	2	hard_role_flip_pool	query_relative	query_relative	yes	pass	blind_gate_pass	none	5fdd7b3bfbd49b1928f135c6970ed284caaaa928790ac1fe71dd97d89909d6c3;f02999f4a4433e88a7da869788ae0b2793c01f8720f14ce527611586ac57e57f	query_relative	query_relative
hard::hard_role_flip_238	hard_query_conditioned	hard_role_flip_238	hard_role_flip	L4	product analytics funnel	hard	2	hard_role_flip_pool	query_relative	query_relative	yes	pass	blind_gate_pass	none	3cbc148b8a40afa1335dee638e7d542c907f729dccd9610a942ebf58e2e82c6e;e5cb9f0db6b1f036e3afbdb1f58555ccbb3a5072dbb87f2cd30df9681be02dcd	query_relative	query_relative
hard::hard_role_flip_239	hard_query_conditioned	hard_role_flip_239	hard_role_flip	L4	product analytics funnel	hard	2	hard_role_flip_pool	query_relative	query_relative	yes	pass	blind_gate_pass	none	a9efeb20f73c4b7296693c1cfb4c78b7c7f6ed8e9921534cdb9043b626b989c1;e8c2b8617413249dccc813ed35a0260c08f74eb2aac2a4f4a8e0aa7ee7a856f8	query_relative	query_relative
hard::hard_role_flip_240	hard_query_conditioned	hard_role_flip_240	hard_role_flip	L3	product analytics funnel	hard	2	hard_role_flip_pool	query_relative	query_relative	yes	pass	blind_gate_pass	none	01911512b36b080ac0f08bbca94c838d31cc133fbdd2bd508d0899391ca4885f;255201bae6114bfcd94ac8b13f77cad25f8c0d8da86af3fc9a2308ec24469dfb	query_relative	query_relative
hard::hard_role_flip_241	hard_query_conditioned	hard_role_flip_241	hard_role_flip	L3	product analytics funnel	hard	2	hard_role_flip_pool	query_relative	query_relative	yes	pass	blind_gate_pass	none	a9a229868d511d72361ea4e6d8626ceb3191dcd97e2510382aad4d02cbde54a9;8864fe6761c96f47a5985c18362213c79775b613781e829fe748e1b111a15e1c	query_relative	query_relative
hard::hard_role_flip_242	hard_query_conditioned	hard_role_flip_242	hard_role_flip	L4	product analytics funnel	hard	2	hard_role_flip_pool	query_relative	query_relative	yes	pass	blind_gate_pass	none	7947c7601d52c00f5bf6ef092b462293442a943f0008d027da838b49ffa6a75e;d7ce969151f503efbad244635c527907fe0014fffa2d543933dc5aaf36a93c71	query_relative	query_relative
hard::hard_role_flip_243	hard_query_conditioned	hard_role_flip_243	hard_role_flip	L3	product analytics funnel	hard	2	hard_role_flip_pool	query_relative	query_relative	yes	pass	blind_gate_pass	none	03717ba2fa8f0295657281ad7b132aae0da299e8bbf340754cb163281f392196;89ca099b6bccc777a08f9dce01797811f486a82cc80c305f3e9f05160fb988e0	query_relative	query_relative
hard::hard_role_flip_244	hard_query_conditioned	hard_role_flip_244	hard_role_flip	L4	product analytics funnel	hard	2	hard_role_flip_pool	query_relative	query_relative	yes	pass	blind_gate_pass	none	a28e2fdf7b78f3d0902bc103a66cb8daa5427f2c954c436c2793b8f2aaf94620;661b79fa8a9dc82c46d91648058061ffbf8f19a40faf2b59d7e49f7e949dcf47	query_relative	query_relative
hard::hard_role_flip_245	hard_query_conditioned	hard_role_flip_245	hard_role_flip	L3	product analytics funnel	hard	2	hard_role_flip_pool	query_relative	query_relative	yes	pass	blind_gate_pass	none	d4e854c712801eb4ca45e4d1f91b6fcf4abf0fc389c7215f76f96c330b520cf5;d2dac7efee6997b98124ac23f531acf84c6bd82e210fd35ecc5021725f5baea1	query_relative	query_relative
hard::hard_role_flip_246	hard_query_conditioned	hard_role_flip_246	hard_role_flip	L4	cloud cost analysis	hard	2	hard_role_flip_pool	query_relative	query_relative	yes	pass	blind_gate_pass	none	77b6ed86d95f7080e052a74e6277e1a41990742dfed8b9e806577f94876dd653;9c0aed65deda5f8379d85e343986de1d7a715e5f9b5dce84cda51b14a9b25d33	query_relative	query_relative
hard::hard_role_flip_247	hard_query_conditioned	hard_role_flip_247	hard_role_flip	L4	cloud cost analysis	hard	2	hard_role_flip_pool	query_relative	query_relative	yes	pass	blind_gate_pass	none	019897c9140889193711dd77ba92f36a4ca779d0e98270eb1e84cf3e77cda267;e2795808feadf620791b0441c1d56ef99ab2137a189881af7db788abe9ea9344	query_relative	query_relative
hard::hard_role_flip_248	hard_query_conditioned	hard_role_flip_248	hard_role_flip	L4	cloud cost analysis	hard	2	hard_role_flip_pool	query_relative	query_relative	yes	pass	blind_gate_pass	none	b3e40286655cc45a0f0691d16ab8d1d274330950b282d4812d6ace69b55908b0;c37fa1757b4d7cb29a3a217bc75f5e4298c8bc5cffa893d244ce885bf18b288b	query_relative	query_relative
hard::hard_role_flip_249	hard_query_conditioned	hard_role_flip_249	hard_role_flip	L3	cloud cost analysis	hard	2	hard_role_flip_pool	query_relative	query_relative	yes	pass	blind_gate_pass	none	fd200418c0a4133b39ad246d5f122972c04e6fbe8d8b0380e764d57907193882;aa76fc230b58137044383262823ba2a9e93e4100c92285b778158e0b9f356f84	query_relative	query_relative
hard::hard_role_flip_250	hard_query_conditioned	hard_role_flip_250	hard_role_flip	L3	cloud cost analysis	hard	2	hard_role_flip_pool	query_relative	query_relative	yes	pass	blind_gate_pass	none	d1a232d2a1fa1540f04fd16460cfcd8c398297013686b5ade6e1a091099282cd;e329bedb41472eeafb39d900cc12a25ca0e1476ec2ebe80dbcdf3bad2391b622	query_relative	query_relative
hard::hard_role_flip_251	hard_query_conditioned	hard_role_flip_251	hard_role_flip	L4	cloud cost analysis	hard	2	hard_role_flip_pool	query_relative	query_relative	yes	pass	blind_gate_pass	none	798a217fc75df2d3b4670bcf40e2425f47006ef021591d6e9f461b48113c13a8;e8d61d59319c6d9cc701af60217a6a407478d1ecb8ede00394e86e443d3f5fd4	query_relative	query_relative
hard::hard_role_flip_252	hard_query_conditioned	hard_role_flip_252	hard_role_flip	L3	cloud cost analysis	hard	2	hard_role_flip_pool	query_relative	query_relative	yes	pass	blind_gate_pass	none	ee3c5c0fded5b1e63124d40fed0e5eb344cbdaeb3f48a3ab7deed6ad5b62f019;16fd881ecbf0f3e4502c0aeb4da85e7f194e006561a92b54be9a7b738a9f4419	query_relative	query_relative
hard::hard_role_flip_253	hard_query_conditioned	hard_role_flip_253	hard_role_flip	L4	cloud cost analysis	hard	2	hard_role_flip_pool	query_relative	query_relative	yes	pass	blind_gate_pass	none	a3abd999d58f546ff9b34fe6db13fa7ba4d09a773bd3c50048c7e35a3123f091;2492777502ed4ac9af81e2f2446524c74bf5acd1db32472f19885ab871e2adf5	query_relative	query_relative
hard::hard_role_flip_254	hard_query_conditioned	hard_role_flip_254	hard_role_flip	L3	cloud cost analysis	hard	2	hard_role_flip_pool	query_relative	query_relative	yes	pass	blind_gate_pass	none	42f0363f5a14454c45fac76d8a9766f06592feeab9143bdf868c8c67ae851e1f;aa05b8eb01d48afc01b8fb39f0f116861e354dc917414a9e7ae33ef75d56a76b	query_relative	query_relative
hard::hard_role_flip_255	hard_query_conditioned	hard_role_flip_255	hard_role_flip	L4	survey response analysis	hard	2	hard_role_flip_pool	query_relative	query_relative	yes	pass	blind_gate_pass	none	c839aed70d11b29a6ef74343ab7835dff2e61a1f640742a3388ec9ad75581fc0;b51026a2796241fec60334704f94d0e866c05c39b0c205308c2d6898b28b2f13	query_relative	query_relative
hard::hard_role_flip_256	hard_query_conditioned	hard_role_flip_256	hard_role_flip	L4	survey response analysis	hard	2	hard_role_flip_pool	query_relative	query_relative	yes	pass	blind_gate_pass	none	a3920ef756b3d63a9e092d2b018084db41394f19419eb98d30c4e46c6024028c;ec9d1fcdf47e1180d109405e5acd9eaea80f34ddad0b9e03e207bf79e54f06b4	query_relative	query_relative
hard::hard_role_flip_257	hard_query_conditioned	hard_role_flip_257	hard_role_flip	L4	survey response analysis	hard	2	hard_role_flip_pool	query_relative	query_relative	yes	pass	blind_gate_pass	none	5211dea4da0d228acdb6c373ca4fe06d86ac4af8371aac09793216bbcc40d7bb;3cb77450115f61832e111d4a924f5ad83b144e44e58029f0ca9b2a5cd89500b0	query_relative	query_relative
hard::hard_role_flip_258	hard_query_conditioned	hard_role_flip_258	hard_role_flip	L3	survey response analysis	hard	2	hard_role_flip_pool	query_relative	query_relative	yes	pass	blind_gate_pass	none	d5a5f97439243f1a635eec0af52492a4e846462cd3c48826892e773a06e23b4b;af81e012d36fb24db86c0d8a6e224875e6828a0ba64d4278c1776d5d05e499bc	query_relative	query_relative
hard::hard_role_flip_259	hard_query_conditioned	hard_role_flip_259	hard_role_flip	L3	survey response analysis	hard	2	hard_role_flip_pool	query_relative	query_relative	yes	pass	blind_gate_pass	none	eb5dcd64a2779fceb472ee45457f074c343337f565e7087addeafa09c4d8c897;49bedde653f279917f331a623b0a823fc129fdac9499fe47375ba8569e77e376	query_relative	query_relative
hard::hard_role_flip_260	hard_query_conditioned	hard_role_flip_260	hard_role_flip	L4	survey response analysis	hard	2	hard_role_flip_pool	query_relative	query_relative	yes	pass	blind_gate_pass	none	5b65e444c2a57958fd7830d4fbbaa44419468b0741751378278625a528076db5;2bd0e1621c543b45e2ecef069958b95c8acc954d2e0f2f8a017ee82504b36df5	query_relative	query_relative
hard::hard_role_flip_261	hard_query_conditioned	hard_role_flip_261	hard_role_flip	L3	survey response analysis	hard	2	hard_role_flip_pool	query_relative	query_relative	yes	pass	blind_gate_pass	none	6f5e49ad4218967fd0c5170edc492a88f93268ff10b9c174a6d188360b74cebe;667f16248c0821c5ec7db3e321489646647e3f7e529cc6bcead50d57b69b6d44	query_relative	query_relative
hard::hard_role_flip_262	hard_query_conditioned	hard_role_flip_262	hard_role_flip	L4	survey response analysis	hard	2	hard_role_flip_pool	query_relative	query_relative	yes	pass	blind_gate_pass	none	7132fac0c1ea44d6ee0c178f67b72c1a6cdff603a2baaa4770eee78a4a71f886;e5b0ec603958988d3594c2ffada8a087e82c7ea5c746de7ce229311369bc984a	query_relative	query_relative
hard::hard_role_flip_263	hard_query_conditioned	hard_role_flip_263	hard_role_flip	L3	survey response analysis	hard	2	hard_role_flip_pool	query_relative	query_relative	yes	pass	blind_gate_pass	none	0a6a4fba82225fb85958cfd1e378349aab19faa7c3998779c6acb5f29bf10f94;5bd216fb6e45b90b85b521294b4faf502478a14413263a4cd5640ac88bb0e349	query_relative	query_relative
hard::hard_role_flip_264	hard_query_conditioned	hard_role_flip_264	hard_role_flip	L4	video moderation review	hard	2	hard_role_flip_pool	query_relative	query_relative	yes	pass	blind_gate_pass	none	b4cd0bf26a493ebef4c5df7f72d35be87e17b4eed3d50fa2872a6ad02025a4cc;aa2796373d6557a36056c6168ded2142ec322748722379fc7cf792d07637dab0	query_relative	query_relative
hard::hard_role_flip_265	hard_query_conditioned	hard_role_flip_265	hard_role_flip	L4	video moderation review	hard	2	hard_role_flip_pool	query_relative	query_relative	yes	pass	blind_gate_pass	none	fbec2b1a370305447ff264129fb7b8b4e415f71a9735e68c51621cf6ba1dddb2;7ce769dddd2b3f86809663bf8129781d4890b20877d9a2b31967faedb1319477	query_relative	query_relative
hard::hard_role_flip_266	hard_query_conditioned	hard_role_flip_266	hard_role_flip	L4	video moderation review	hard	2	hard_role_flip_pool	query_relative	query_relative	yes	pass	blind_gate_pass	none	ad14fc54109adda8998f307234af80df93937907d9f6c2f1c4b986e936e8045e;e7537de0aeba171e73ef77d9959930f020e0a51d0eb938783b14aab4e7f60ac3	query_relative	query_relative
hard::hard_role_flip_267	hard_query_conditioned	hard_role_flip_267	hard_role_flip	L3	video moderation review	hard	2	hard_role_flip_pool	query_relative	query_relative	yes	pass	blind_gate_pass	none	3ef272551a93bd838ba2232cd3328146b013c94913766e737829c4a36702afc5;de9a335c1b43707540fcac2a31ada3f27f4a7970e6a32c6fd6fddfd3181c9985	query_relative	query_relative
hard::hard_role_flip_268	hard_query_conditioned	hard_role_flip_268	hard_role_flip	L3	video moderation review	hard	2	hard_role_flip_pool	query_relative	query_relative	yes	pass	blind_gate_pass	none	fb8ed4817094d11cf7bdc13ae6138f77bce1335d1e274dbde68f300853e7bf08;6c0aa517edb295d1e6754d01dec1e123cd9f748047ab2c0a25df312b8812bd60	query_relative	query_relative
hard::hard_role_flip_269	hard_query_conditioned	hard_role_flip_269	hard_role_flip	L4	video moderation review	hard	2	hard_role_flip_pool	query_relative	query_relative	yes	pass	blind_gate_pass	none	53b855e6d13e6574a9653b7f54de07f42ff7e2ceca987ac3b76b23f13c2cb897;5093327abb6f2598c25b0b0217ea995f3f4658d5a21e0e97628c3f21d4dd6012	query_relative	query_relative
hard::hard_role_flip_270	hard_query_conditioned	hard_role_flip_270	hard_role_flip	L3	video moderation review	hard	2	hard_role_flip_pool	query_relative	query_relative	yes	pass	blind_gate_pass	none	d53d83b20728289adafecdc1730c27197a9e04b3f548aff077a44ad31161ee59;e07e1ef2ba034e8c647f20fb1e77cacf7cefadd7269e58e00fb040af431f0dc5	query_relative	query_relative
hard::hard_role_flip_271	hard_query_conditioned	hard_role_flip_271	hard_role_flip	L4	video moderation review	hard	2	hard_role_flip_pool	query_relative	query_relative	yes	pass	blind_gate_pass	none	19a8b32e378e2b77813c37883f9a216271ec2f2f0cb0737000342fc34c884685;3a3698ffedc5fe127ede82f7a491c3cddc8e422f54ad27bebfb784971684a386	query_relative	query_relative
hard::hard_role_flip_272	hard_query_conditioned	hard_role_flip_272	hard_role_flip	L3	video moderation review	hard	2	hard_role_flip_pool	query_relative	query_relative	yes	pass	blind_gate_pass	none	0c06c1e253b0d8a3019ac3fb486816a05174057cf4fb33d9e6ed1d7c21c373a0;f65e3b1e78b96f4711a58da1586fca54dbcb3769eae48f1ddfafa0c1ff5aface	query_relative	query_relative
hard::hard_role_flip_273	hard_query_conditioned	hard_role_flip_273	hard_role_flip	L4	network capacity planning	hard	2	hard_role_flip_pool	query_relative	query_relative	yes	pass	blind_gate_pass	none	56b13b8247428b688126dcc826325c5f79205b72b16bd3f5dc169209f8ddc397;ee42b3216f22c80e53803db48ab883a98913853725d8bd7c8752b24b5f80a5df	query_relative	query_relative
hard::hard_role_flip_274	hard_query_conditioned	hard_role_flip_274	hard_role_flip	L4	network capacity planning	hard	2	hard_role_flip_pool	query_relative	query_relative	yes	pass	blind_gate_pass	none	d52bebe92f2e60c2ad46ce6f4c138d768066b0d90f1a4c67fa0f36fa3cbcc9b5;f57619ae6c70dc7b920f7ada39c5381a667d0841cc7cea8389a0341d89543647	query_relative	query_relative
hard::hard_role_flip_275	hard_query_conditioned	hard_role_flip_275	hard_role_flip	L4	network capacity planning	hard	2	hard_role_flip_pool	query_relative	query_relative	yes	pass	blind_gate_pass	none	b505c89843fdd1af3ea3b265cc7c766b80bf56c2f4fd70e524d7b6564babab75;c5df66cc466885abfa11a66ebe672676dff97d6e7b71e3c588a368893859f120	query_relative	query_relative
hard::hard_role_flip_276	hard_query_conditioned	hard_role_flip_276	hard_role_flip	L3	network capacity planning	hard	2	hard_role_flip_pool	query_relative	query_relative	yes	pass	blind_gate_pass	none	c9851ed83dfa7bfc30e696fc4abfe493095aa9dbe4c0fb0dd85f14a6b073b6ce;800fdec276c7dfeb1764a41189e926bf58a8651e4ce2a21e994989805b014ab3	query_relative	query_relative
hard::hard_role_flip_277	hard_query_conditioned	hard_role_flip_277	hard_role_flip	L3	network capacity planning	hard	2	hard_role_flip_pool	query_relative	query_relative	yes	pass	blind_gate_pass	none	d058d4aade12893bf0e50162a7a48c396af9bf3dc5a51320681515c364c3ca88;4e589e4694329a7e93e99e18b0ad6d6d0a3c299f51a001e8e16d4aebf99da693	query_relative	query_relative
hard::hard_role_flip_278	hard_query_conditioned	hard_role_flip_278	hard_role_flip	L4	network capacity planning	hard	2	hard_role_flip_pool	query_relative	query_relative	yes	pass	blind_gate_pass	none	d015bd6174e5ba4f44630de57d85b69c69142fd4b38f2bfa7de279f274972096;1889f0b82526c2374d02e70c6fc75929f6f6e69df938c3c3cebf6e3cf9befda1	query_relative	query_relative
hard::hard_role_flip_279	hard_query_conditioned	hard_role_flip_279	hard_role_flip	L3	network capacity planning	hard	2	hard_role_flip_pool	query_relative	query_relative	yes	pass	blind_gate_pass	none	69e8710fdc56dcf2c2e44644a5568831a1f813d3d92f1f07b81d49b1e33ff224;8dcfada6aa0d177e94b94165586aac46ca61818391281ed4953a159605ad42db	query_relative	query_relative
hard::hard_role_flip_280	hard_query_conditioned	hard_role_flip_280	hard_role_flip	L4	network capacity planning	hard	2	hard_role_flip_pool	query_relative	query_relative	yes	pass	blind_gate_pass	none	222e70f4f122ab2f37c09f3280b93a939e6044581e70bcef5cd7c32d10d9b61e;fb12fdb03e3fe0b1ebd6f167c918fa5073786541d0d2a9a9cc2bc2ed97a2f97d	query_relative	query_relative
hard::hard_role_flip_281	hard_query_conditioned	hard_role_flip_281	hard_role_flip	L3	network capacity planning	hard	2	hard_role_flip_pool	query_relative	query_relative	yes	pass	blind_gate_pass	none	539fd1d7b339ee06f8e4cdc67f375e0dd2ff7b0badfb36142578d2411605ae3e;4fa6f377ebfbfda2a8a6979b4d8e16a96a4b4916d0510172de1b445666fdf1ba	query_relative	query_relative
hard::hard_role_flip_282	hard_query_conditioned	hard_role_flip_282	hard_role_flip	L4	HR compensation review	hard	2	hard_role_flip_pool	query_relative	query_relative	yes	pass	blind_gate_pass	none	d7c179cd2bb0a603019d14e44a0584095f438b663b9407f8db9abe1b7cacf1f7;debbf9616214fc54ec456f6cf4566dae39ebfa37f2b67970fdf97f52c98f47cd	query_relative	query_relative
hard::hard_role_flip_283	hard_query_conditioned	hard_role_flip_283	hard_role_flip	L4	HR compensation review	hard	2	hard_role_flip_pool	query_relative	query_relative	yes	pass	blind_gate_pass	none	aeb9997ac813d3470b7a2ebddda9bef9df394325c562003eb55b4f5d3a69ba49;53a0fa7e57c66ba6ad9757d26787036324b99f65b9f4d00027c4bcaed9515d9c	query_relative	query_relative
hard::hard_role_flip_284	hard_query_conditioned	hard_role_flip_284	hard_role_flip	L4	HR compensation review	hard	2	hard_role_flip_pool	query_relative	query_relative	yes	pass	blind_gate_pass	none	23f3d176612572b5ac1696db9c7dbaf8bf489e652b04cd42ae99f47d87335d0d;a214b09f264675caa28417f7500bfe3b6ef8e8e0366025b723825e9d794bddc6	query_relative	query_relative
hard::hard_role_flip_285	hard_query_conditioned	hard_role_flip_285	hard_role_flip	L3	HR compensation review	hard	2	hard_role_flip_pool	query_relative	query_relative	yes	pass	blind_gate_pass	none	28aefc264b1ae0490e9c6b0c97e998ef24362a19bc2452e10dfcb10389260468;f459102050c70145e2bd170f325baf9d70879b088c88e9c13e284214dbeed251	query_relative	query_relative
hard::hard_role_flip_286	hard_query_conditioned	hard_role_flip_286	hard_role_flip	L3	HR compensation review	hard	2	hard_role_flip_pool	query_relative	query_relative	yes	pass	blind_gate_pass	none	0415c835a24016aaf9714c439c80dd8f28aa92cf106cd8d148c9c81392f6bcbe;d2b19e1d1404a2e5fa3e53aa62de80a1ecc38adac29b80a51ed491e4113e9698	query_relative	query_relative
hard::hard_role_flip_287	hard_query_conditioned	hard_role_flip_287	hard_role_flip	L4	HR compensation review	hard	2	hard_role_flip_pool	query_relative	query_relative	yes	pass	blind_gate_pass	none	bda3f14e1db4db3f02e5896fcf50337acc2fe15bbd512d776061d6bb0170b0e6;c86640de86010c9e7194a6d21dc31c985f2b6dc9387c3903bfac20ee878cc329	query_relative	query_relative
hard::hard_role_flip_288	hard_query_conditioned	hard_role_flip_288	hard_role_flip	L3	HR compensation review	hard	2	hard_role_flip_pool	query_relative	query_relative	yes	pass	blind_gate_pass	none	fe535db1a2e429396473fbed5426a61f373bebbfe20527abae73bac2f278aa00;961028ecb7f4e1cc9b0cb6f50fab890374e503719f8aacc6dba259f9fe8d4598	query_relative	query_relative
hard::hard_role_flip_289	hard_query_conditioned	hard_role_flip_289	hard_role_flip	L4	HR compensation review	hard	2	hard_role_flip_pool	query_relative	query_relative	yes	pass	blind_gate_pass	none	0972d24e6640c452298a4e92f6b2982753746f0625fd539c1989ebbb2fbb68d4;27d5aecfaa415bf10f330ff3fe9f964e7f4023dc8c2340db2153fefb931ecfbb	query_relative	query_relative
hard::hard_role_flip_290	hard_query_conditioned	hard_role_flip_290	hard_role_flip	L3	HR compensation review	hard	2	hard_role_flip_pool	query_relative	query_relative	yes	pass	blind_gate_pass	none	a933c3902aadce3500d7495243cd240f6f73bcf8df0eb75f3fa0c082d1071a1e;2d916bfebf435603857303b58ebddd59c356d053f4fba37a0e160fb270909d39	query_relative	query_relative
hard::hard_role_flip_291	hard_query_conditioned	hard_role_flip_291	hard_role_flip	L4	insurance claim triage	hard	2	hard_role_flip_pool	query_relative	query_relative	yes	pass	blind_gate_pass	none	66f5dbd50da2f3b787dda24b8976161a948b3b985678b5144669edf6490f3d7a;f3003a6003395f73f452bef5416a2aedf19042c195a1036024097d14b1abcb59	query_relative	query_relative
hard::hard_role_flip_292	hard_query_conditioned	hard_role_flip_292	hard_role_flip	L4	insurance claim triage	hard	2	hard_role_flip_pool	query_relative	query_relative	yes	pass	blind_gate_pass	none	dfeee8a6e734472731c5ac25d2ddfd78a2a95fec4413ea1a704f7120009757bd;26c1f6078bf8a4a121502a1e767c32e5f2a609ca21bfd69f9219d3e5437df667	query_relative	query_relative
hard::hard_role_flip_293	hard_query_conditioned	hard_role_flip_293	hard_role_flip	L4	insurance claim triage	hard	2	hard_role_flip_pool	query_relative	query_relative	yes	pass	blind_gate_pass	none	18c1fce5f2b902e717bfdd4d09283aa8d832664e5a55974112de9e3c228f6659;e2ad4f3dd61525498262c375724b69fe9b7b729b13fff90daebdcbc83425ed7a	query_relative	query_relative
hard::hard_role_flip_294	hard_query_conditioned	hard_role_flip_294	hard_role_flip	L3	insurance claim triage	hard	2	hard_role_flip_pool	query_relative	query_relative	yes	pass	blind_gate_pass	none	b57846fd1868b3a3f37f30078c5f103fb59123d9f900ccd9344163a3f4bd4bdb;f817008313ca6a671d2af681f6f784cf71a9b66117c3c16dc325ee258029dac2	query_relative	query_relative
hard::hard_role_flip_295	hard_query_conditioned	hard_role_flip_295	hard_role_flip	L3	insurance claim triage	hard	2	hard_role_flip_pool	query_relative	query_relative	yes	pass	blind_gate_pass	none	2686be1a28ec201dd23557e4ff567615ac67a0fa376e49334342c36abf4bd559;797e588ccdccdca0e66424757080a987b0c6773423b99227300b86c601a19559	query_relative	query_relative
hard::hard_role_flip_296	hard_query_conditioned	hard_role_flip_296	hard_role_flip	L4	insurance claim triage	hard	2	hard_role_flip_pool	query_relative	query_relative	yes	pass	blind_gate_pass	none	dbf2bcaae150cf2639b1fbd63a89a5472ce73eb1c486979394ad3fcbd122b597;9721410f04f239b7329a4dc2ef2a82699324d85b0117903cc03ad47af774e6d2	query_relative	query_relative
hard::hard_role_flip_297	hard_query_conditioned	hard_role_flip_297	hard_role_flip	L3	insurance claim triage	hard	2	hard_role_flip_pool	query_relative	query_relative	yes	pass	blind_gate_pass	none	53d7cbbf855c0c217719ab5b63622f0b8a35e70ed21279b6d3eb5c03194bd95a;e1ea4b8442f08ea05c31727d3b7208ef983343563a8a58a77648713da4f5c72a	query_relative	query_relative
hard::hard_role_flip_298	hard_query_conditioned	hard_role_flip_298	hard_role_flip	L4	insurance claim triage	hard	2	hard_role_flip_pool	query_relative	query_relative	yes	pass	blind_gate_pass	none	b0692f53ba3ae41c528248685470d982de27cdc36d511405df1b277228616079;9b4aa192b5241b6551e2fa1608cf404a85e35373fe63d2454660b86c1d4e9c3a	query_relative	query_relative
hard::hard_role_flip_299	hard_query_conditioned	hard_role_flip_299	hard_role_flip	L3	insurance claim triage	hard	2	hard_role_flip_pool	query_relative	query_relative	yes	pass	blind_gate_pass	none	ca196773e338662f49671b930a6a7d573bb30cf50caf6d76326314a921aff6fe;c713b36faaead4bcc2fe245c1862f9a45409146f33178ce79a83e6d954b08fa1	query_relative	query_relative
hard::hard_role_flip_300	hard_query_conditioned	hard_role_flip_300	hard_role_flip	L4	translation memory maintenance	hard	2	hard_role_flip_pool	query_relative	query_relative	yes	pass	blind_gate_pass	none	5f5ae18de5523d0285bf8bdffad769c9f232b16e8cd8c6009cdf7d385f5a9f44;de2affbd1b6461cf242a90e7312d9207eddbbbdcdafe80ddd58b6f79297783c7	query_relative	query_relative
hard::hard_role_flip_301	hard_query_conditioned	hard_role_flip_301	hard_role_flip	L4	translation memory maintenance	hard	2	hard_role_flip_pool	query_relative	query_relative	yes	pass	blind_gate_pass	none	fce907c859624952fe6d3eb0cba324754c7f64cd40e5a72805c11c17064c572f;6ee95d2ad896546c1294731efdce760ed0f297e422b27a3668c19977b01cff52	query_relative	query_relative
hard::hard_role_flip_302	hard_query_conditioned	hard_role_flip_302	hard_role_flip	L4	translation memory maintenance	hard	2	hard_role_flip_pool	query_relative	query_relative	yes	pass	blind_gate_pass	none	bc2fe291649b609df77b03ffb7b0010f42e7bc327a07fdd4d1f0d23517c9f0a0;a314213c132c7cd312fd921ffaa89141c9f4755982d7a04de396de73c685b015	query_relative	query_relative
hard::hard_role_flip_303	hard_query_conditioned	hard_role_flip_303	hard_role_flip	L3	translation memory maintenance	hard	2	hard_role_flip_pool	query_relative	query_relative	yes	pass	blind_gate_pass	none	86edc1f5548284c82de6ddf38bc9481b23868016863528c63502744812712f18;f7180d3fc22a43333fa9b6c4b7e487cc88115faa2ef4761722174970c7c4da7b	query_relative	query_relative
hard::hard_role_flip_304	hard_query_conditioned	hard_role_flip_304	hard_role_flip	L3	translation memory maintenance	hard	2	hard_role_flip_pool	query_relative	query_relative	yes	pass	blind_gate_pass	none	8a46c86b4ccafccb4c58218084e89f650366f0d6ae775f586e3871206da85f8b;90f7d957db22a77849cf7f98b529e7fa5fe99fb0f57881ab039d714d075aee67	query_relative	query_relative
hard::hard_role_flip_305	hard_query_conditioned	hard_role_flip_305	hard_role_flip	L4	translation memory maintenance	hard	2	hard_role_flip_pool	query_relative	query_relative	yes	pass	blind_gate_pass	none	71b7172115fc33126b2fb0cec7340a992e8d7cd6ea39e5679e242ae2d81efb2f;0a63221293c6acbb654185c47ff5b059e56f0bf9efbedd222eaa803442f64fce	query_relative	query_relative
hard::hard_role_flip_306	hard_query_conditioned	hard_role_flip_306	hard_role_flip	L3	translation memory maintenance	hard	2	hard_role_flip_pool	query_relative	query_relative	yes	pass	blind_gate_pass	none	c147c6aba81a346c7126b4fd8a8876d78da5d25aa3c5f7591680fa62ca782e24;648bf930134513b4d653f303f8cd3ce95bbd9adff4c6120f62d02f8f089d4e66	query_relative	query_relative
hard::hard_role_flip_307	hard_query_conditioned	hard_role_flip_307	hard_role_flip	L4	translation memory maintenance	hard	2	hard_role_flip_pool	query_relative	query_relative	yes	pass	blind_gate_pass	none	3dfbb49d3aa7578a5ee9cefbcedcb775d1bfd426b9df017d918da81b30ccfe16;06079e3459d716090a275f287d989a4a582318413a763056aca5147c415d2e47	query_relative	query_relative
hard::hard_role_flip_308	hard_query_conditioned	hard_role_flip_308	hard_role_flip	L3	translation memory maintenance	hard	2	hard_role_flip_pool	query_relative	query_relative	yes	pass	blind_gate_pass	none	53f11c6e191d15f691f1a1f9a7d5be201edd784089dce5146d0a146221625a15;fc030bb3d7a2db63fc6a1c9a392a3b0041fcf31c7f439b70d36190d099c04f81	query_relative	query_relative
hard::hard_role_flip_309	hard_query_conditioned	hard_role_flip_309	hard_role_flip	L4	data quality incident	hard	2	hard_role_flip_pool	query_relative	query_relative	yes	pass	blind_gate_pass	none	259c7e697abe19946632915743f8261362a0a6435de4df65d76a2a94b66d9c90;70f0f038b87e0b1034dbe1d5c606b1bafb7ea090a3bfc55d2b2fb87e942700f2	query_relative	query_relative
hard::hard_role_flip_310	hard_query_conditioned	hard_role_flip_310	hard_role_flip	L4	data quality incident	hard	2	hard_role_flip_pool	query_relative	query_relative	yes	pass	blind_gate_pass	none	f3e0e83220d94a15e6df8f813465676e348b2a577537f944316224bca94f23f5;8aa885a454c96c1315b404fe450d189f5c42014f2136dbbddf0352f0e5cbfdc6	query_relative	query_relative
hard::hard_role_flip_311	hard_query_conditioned	hard_role_flip_311	hard_role_flip	L4	data quality incident	hard	2	hard_role_flip_pool	query_relative	query_relative	yes	pass	blind_gate_pass	none	de5799200f70ed46699997e651ed1abb0216c948ac10d24115c79b7c47a19dcc;b3f0f74becd792cf047c1b1986a7ae9f0ad54eea11347f3aa62dc6b0dac612be	query_relative	query_relative
hard::hard_role_flip_312	hard_query_conditioned	hard_role_flip_312	hard_role_flip	L3	data quality incident	hard	2	hard_role_flip_pool	query_relative	query_relative	yes	pass	blind_gate_pass	none	f995cc6b9321cf233230451ecacda6345cc8cf0a2942bfd33b5ca4cc3ca90b56;6e4c68d3e4dbd2d15a6ce746d25635a4518cdaafe79cf2b0f22b6a38f52329f7	query_relative	query_relative
hard::hard_role_flip_313	hard_query_conditioned	hard_role_flip_313	hard_role_flip	L3	data quality incident	hard	2	hard_role_flip_pool	query_relative	query_relative	yes	pass	blind_gate_pass	none	4ce9a093b6dfdf5e2933ef147457e57dc6b27915d3a75de9bd0ce39e201e9aaf;ae00aefc262e260626f45d2c1712d7b0d7abb4cb40f3b97b16c2d8a5ccc67a4b	query_relative	query_relative
hard::hard_role_flip_314	hard_query_conditioned	hard_role_flip_314	hard_role_flip	L4	data quality incident	hard	2	hard_role_flip_pool	query_relative	query_relative	yes	pass	blind_gate_pass	none	1a45390c129499ab532574f6618faabbb6d8a1c9547b1114967c01ab78969229;9fe05d03337e76f536ad7f0f3cda06737d8ebdd4ec5dabc2e064c63009ea51b2	query_relative	query_relative
hard::hard_role_flip_315	hard_query_conditioned	hard_role_flip_315	hard_role_flip	L3	data quality incident	hard	2	hard_role_flip_pool	query_relative	query_relative	yes	pass	blind_gate_pass	none	de18b75d8fc54f8e4fb6be15535ea8d808a7f998259093b452646fa0a49e2dce;82d632e28ce82717b8af446105a05f1c8d0802edcc158f06420269c499550e3d	query_relative	query_relative
hard::hard_role_flip_316	hard_query_conditioned	hard_role_flip_316	hard_role_flip	L4	data quality incident	hard	2	hard_role_flip_pool	query_relative	query_relative	yes	pass	blind_gate_pass	none	328c0ddd5bfd09838b6903948d0690ff4b552ed33b52fec27da0e0b917f0326c;cdaa80a5b42bc33bd15536f82d35ba059c2da4e237b74aeb9dfeb4dc5c5ae05e	query_relative	query_relative
hard::hard_role_flip_317	hard_query_conditioned	hard_role_flip_317	hard_role_flip	L3	data quality incident	hard	2	hard_role_flip_pool	query_relative	query_relative	yes	pass	blind_gate_pass	none	8b452420712075c9c124e76ccf6912f8851a439b99bf19e3a5e0319e74a1572e;f1a2d2cc257ce156c705ac6c85bef65f20dc3c782288ed72ae26ac0b7790162c	query_relative	query_relative
hard::hard_role_flip_318	hard_query_conditioned	hard_role_flip_318	hard_role_flip	L4	search relevance evaluation	hard	2	hard_role_flip_pool	query_relative	query_relative	yes	pass	blind_gate_pass	none	1bcd7e94c02199d043d426ab73b12a35ecad17eaa94ae074d7b82611a6068c8c;803529647ab4c4ce5c8d650b56e65d1059ff437bc8883e85c5d90ff008e76fc0	query_relative	query_relative
hard::hard_role_flip_319	hard_query_conditioned	hard_role_flip_319	hard_role_flip	L4	search relevance evaluation	hard	2	hard_role_flip_pool	query_relative	query_relative	yes	pass	blind_gate_pass	none	d7b8e2de90ab305ac56eb2356c4784f09fec45d7d1ab46eda23fa3017d34f5f6;f942a72fb465cd9a96a2cf3f18b3b373032a3899c8c7bb105a7e92f9a358abbe	query_relative	query_relative
hard::hard_role_flip_320	hard_query_conditioned	hard_role_flip_320	hard_role_flip	L4	search relevance evaluation	hard	2	hard_role_flip_pool	query_relative	query_relative	yes	pass	blind_gate_pass	none	13e1b1ec6bd6d77148589ed191061fd1bed66dd87fc8da13f4d952289360ace8;933c85174e9b47b98c81ed97962d0539e5083bf769306685319e4d35f6b34e9f	query_relative	query_relative
hard::hard_role_flip_321	hard_query_conditioned	hard_role_flip_321	hard_role_flip	L3	search relevance evaluation	hard	2	hard_role_flip_pool	query_relative	query_relative	yes	pass	blind_gate_pass	none	16f454ae713ea5203d67d3b7cacd0db0dd68b369bc097f5880369d308373bc4b;a2d73457a35cd8bae57aa473ddf242988a0c9751239ee6eb41324f453ff0a16a	query_relative	query_relative
hard::hard_role_flip_322	hard_query_conditioned	hard_role_flip_322	hard_role_flip	L3	search relevance evaluation	hard	2	hard_role_flip_pool	query_relative	query_relative	yes	pass	blind_gate_pass	none	bd9beff9f20f6ccd95721cf09d708614197cce825fbfc4bb822d59c69a5cefd1;86aab97bbb91863d0d55cf06292acb0110ce7fcde75766fee354f492d9737e83	query_relative	query_relative
hard::hard_role_flip_323	hard_query_conditioned	hard_role_flip_323	hard_role_flip	L4	search relevance evaluation	hard	2	hard_role_flip_pool	query_relative	query_relative	yes	pass	blind_gate_pass	none	82f56fa188a1820f700707cfa313ebf3e73818de222c7e0213aa5214598b6a55;6e3c36aac871d1781a7965c7626694eaf72e5e2f8b9e9675ded04abdc211a2cc	query_relative	query_relative
hard::hard_role_flip_324	hard_query_conditioned	hard_role_flip_324	hard_role_flip	L3	search relevance evaluation	hard	2	hard_role_flip_pool	query_relative	query_relative	yes	pass	blind_gate_pass	none	c1680a0a488f979b6bfde573c72c7e0d1e9a5fe26417cb2cf1b31e5f2d9f1d87;66ae02f2331f9511914493dcf512a3ea23d4de6117ac2d2cc3bbcae0898af29e	query_relative	query_relative
hard::hard_role_flip_325	hard_query_conditioned	hard_role_flip_325	hard_role_flip	L4	search relevance evaluation	hard	2	hard_role_flip_pool	query_relative	query_relative	yes	pass	blind_gate_pass	none	963350fd108658c17dc9c89b6368fd8a6ca77326ee0971a4408d978020eb5e29;43691f09989071330ca458174bc5b96b6669c84d4c4fe37d1eca7fa14f3c25c6	query_relative	query_relative
hard::hard_role_flip_326	hard_query_conditioned	hard_role_flip_326	hard_role_flip	L3	search relevance evaluation	hard	2	hard_role_flip_pool	query_relative	query_relative	yes	pass	blind_gate_pass	none	fa42ebe95f50dd3261d344563da6ea2d387ea21b573d329b4855c99fc2fb365c;81577e559e1739ec9743d5f019971a1991b5b6bb7bdc9a464debc9228fbb6755	query_relative	query_relative
hard::hard_role_flip_327	hard_query_conditioned	hard_role_flip_327	hard_role_flip	L4	procurement bid comparison	hard	2	hard_role_flip_pool	query_relative	query_relative	yes	pass	blind_gate_pass	none	850c33854cf51d48989f19069b587bd8e198d624f000ded108f203c6183b86ee;8dd2b6c4b0d3da0030899e5e5e2de801a73b7fb7e369b3bb5bb8c83710a2c7c8	query_relative	query_relative
hard::hard_role_flip_328	hard_query_conditioned	hard_role_flip_328	hard_role_flip	L4	procurement bid comparison	hard	2	hard_role_flip_pool	query_relative	query_relative	yes	pass	blind_gate_pass	none	ecaceee17ceab93c343ecfddad6aa470191f24cb9b16d72a67e43bf953a25b5f;42d7d54cac7713dc4366d1d0ba98d17393ff589ee4a31d724aaca19008dbf8f6	query_relative	query_relative
hard::hard_role_flip_329	hard_query_conditioned	hard_role_flip_329	hard_role_flip	L4	procurement bid comparison	hard	2	hard_role_flip_pool	query_relative	query_relative	yes	pass	blind_gate_pass	none	08ffb6c4d13637eac90031163b9a4d41b5219c011d1044bb672bb27260d6b4ef;c27c00065907dc35b035009effef63e1c43aa43a95e1d72bea5cf5e67ce40e2f	query_relative	query_relative
hard::hard_role_flip_330	hard_query_conditioned	hard_role_flip_330	hard_role_flip	L3	procurement bid comparison	hard	2	hard_role_flip_pool	query_relative	query_relative	yes	pass	blind_gate_pass	none	87f7f4931082e8e7ec8fcf4d12a5a6c3b0e3bfa21dee2d865ca2a8fae9b32be6;2ae3136d0e042041cc97ca7233ebdc5a11a637751f9a79163d0e4610dea09350	query_relative	query_relative
hard::hard_role_flip_331	hard_query_conditioned	hard_role_flip_331	hard_role_flip	L3	procurement bid comparison	hard	2	hard_role_flip_pool	query_relative	query_relative	yes	pass	blind_gate_pass	none	38927e20c3478d7621cc2697d2cebc53973f57c10ea68f7504309520df401c3a;502574dee8ac73130f777d4adb44da193b16a0a37a03b5ad27dbe81461ce2f84	query_relative	query_relative
hard::hard_role_flip_332	hard_query_conditioned	hard_role_flip_332	hard_role_flip	L4	procurement bid comparison	hard	2	hard_role_flip_pool	query_relative	query_relative	yes	pass	blind_gate_pass	none	b255e8a0b34016228bfde6d01d13f13b9fbec07673f80b279b981004c10503b2;0803f4a949157a50630e58eb1dba100318ae4db1a09b42ebf6166989098212ad	query_relative	query_relative
hard::hard_role_flip_333	hard_query_conditioned	hard_role_flip_333	hard_role_flip	L3	procurement bid comparison	hard	2	hard_role_flip_pool	query_relative	query_relative	yes	pass	blind_gate_pass	none	77970cd0ac38e780d4e2b2b6bff62f1d81310e81337bf5dafe3bf6747080b64c;c7568b228236dcd216a5173e9a4167cbbff926c3559c521993ab8bc491db8d36	query_relative	query_relative
hard::hard_role_flip_334	hard_query_conditioned	hard_role_flip_334	hard_role_flip	L4	procurement bid comparison	hard	2	hard_role_flip_pool	query_relative	query_relative	yes	pass	blind_gate_pass	none	19e97819bf7c46b7cb70f636b375ad2126d11057d5cde247183c35c45cb727e6;a03d63fc99d922ea5ab66f4ff04cb370d7c91f2918aabf6122f4edc4e1db0670	query_relative	query_relative
hard::hard_role_flip_335	hard_query_conditioned	hard_role_flip_335	hard_role_flip	L3	procurement bid comparison	hard	2	hard_role_flip_pool	query_relative	query_relative	yes	pass	blind_gate_pass	none	ac7c09dcd043c44506196d0cf1e13d86cfba451770e28c71297242e7a661126e;48427b9499310cfa4c0dc1039502210cbb609263d222daf918675bde9ea88bf1	query_relative	query_relative
hard::hard_role_flip_336	hard_query_conditioned	hard_role_flip_336	hard_role_flip	L4	IoT sensor calibration	hard	2	hard_role_flip_pool	query_relative	query_relative	yes	pass	blind_gate_pass	none	8ea6709c05491da96f145e49d833585168936177453828c474057430f99cf76e;b5dce162b39af6ec575c438d03601e6f1b11ede83ac69850f97326f0f0d556b6	query_relative	query_relative
hard::hard_role_flip_337	hard_query_conditioned	hard_role_flip_337	hard_role_flip	L4	IoT sensor calibration	hard	2	hard_role_flip_pool	query_relative	query_relative	yes	pass	blind_gate_pass	none	8a1a113569155dc15167eab1d239aae4088004baabeef2dc4c02bada47a8ebfd;aabf64f01ae5f4d4997ef3a550b43769b17c2f505f79086a30c54a0a1b3fb192	query_relative	query_relative
hard::hard_role_flip_338	hard_query_conditioned	hard_role_flip_338	hard_role_flip	L4	IoT sensor calibration	hard	2	hard_role_flip_pool	query_relative	query_relative	yes	pass	blind_gate_pass	none	e32a5826e06631cb9183833b630204acd932220adeda48c3eaaf3a75445d42b1;076c3ce70dc307d4eb6f67b6bfb654b11a419747ea737778db3f1582925e5543	query_relative	query_relative
hard::hard_role_flip_339	hard_query_conditioned	hard_role_flip_339	hard_role_flip	L3	IoT sensor calibration	hard	2	hard_role_flip_pool	query_relative	query_relative	yes	pass	blind_gate_pass	none	683b581724b9247b2536b4e05458c0c7cb304508bbb3813013abdfedd677e567;aea3189d27a12ecaf057afc06447ff3aaeb4e0b3c4c414d6221e516baeb5826e	query_relative	query_relative
hard::hard_role_flip_340	hard_query_conditioned	hard_role_flip_340	hard_role_flip	L3	IoT sensor calibration	hard	2	hard_role_flip_pool	query_relative	query_relative	yes	pass	blind_gate_pass	none	6664f74272ece65503e5a880b2ad90a13657b0a4ad23aa79ec390dfcb39bf9bf;72e8b6189c1fd938a32e6c4cb9707c67c1e77c9458974f90c71e4a6903bdec6a	query_relative	query_relative
hard::hard_role_flip_341	hard_query_conditioned	hard_role_flip_341	hard_role_flip	L4	IoT sensor calibration	hard	2	hard_role_flip_pool	query_relative	query_relative	yes	pass	blind_gate_pass	none	dd8235f5b1bea31a4b1a170e4c6e8322e1013b71adeb421faabb0c904d588caf;aa26ab201b7902192cad6629203dc45ebf8d646449459cc7c0325a2ad583cdfc	query_relative	query_relative
hard::hard_role_flip_342	hard_query_conditioned	hard_role_flip_342	hard_role_flip	L3	IoT sensor calibration	hard	2	hard_role_flip_pool	query_relative	query_relative	yes	pass	blind_gate_pass	none	6fd034f8c2dba9cf909d80cbb828c4429d319feb2dffe35103fc5799840461b6;3b95d7eb0054e230830cfc674cc87752559c3ac428b6dae18bf001f4f2090c61	query_relative	query_relative
hard::hard_role_flip_343	hard_query_conditioned	hard_role_flip_343	hard_role_flip	L4	IoT sensor calibration	hard	2	hard_role_flip_pool	query_relative	query_relative	yes	pass	blind_gate_pass	none	025a3dc4c21a963111434078d7a0c3a2bb25e26b19f7eec23fbfffb209748063;6809d33a9a6e228e258337398e3314c2d1ceeee56290a508af7b8e9700c2e91d	query_relative	query_relative
hard::hard_role_flip_344	hard_query_conditioned	hard_role_flip_344	hard_role_flip	L3	IoT sensor calibration	hard	2	hard_role_flip_pool	query_relative	query_relative	yes	pass	blind_gate_pass	none	96f2a9cc06b7b334c5da867ccb93474a50da544de5580c4844e1b8662f65450a;b65684c609a30f193801652527a87a73502a20763345a76e5edd51ddb0594f51	query_relative	query_relative
hard::hard_role_flip_345	hard_query_conditioned	hard_role_flip_345	hard_role_flip	L4	subscription churn analysis	hard	2	hard_role_flip_pool	query_relative	query_relative	yes	pass	blind_gate_pass	none	eac92aadab5c1e84bbe7d1c368f43d16d2e977a898a3b281c8a4457dcb920955;2e85cc85467b9caa585b20ae4c2e8ce370db95d7bc9434a38519f86bf2a0dfa8	query_relative	query_relative
hard::hard_role_flip_346	hard_query_conditioned	hard_role_flip_346	hard_role_flip	L4	subscription churn analysis	hard	2	hard_role_flip_pool	query_relative	query_relative	yes	pass	blind_gate_pass	none	3a46a199871029b595e23f17459c6657e268c9e64a971f1837aceb062e291a17;fa5f98974ab452190fd693cd62bade671d040392a3eb284957d9f9a180c212b9	query_relative	query_relative
hard::hard_role_flip_347	hard_query_conditioned	hard_role_flip_347	hard_role_flip	L4	subscription churn analysis	hard	2	hard_role_flip_pool	query_relative	query_relative	yes	pass	blind_gate_pass	none	6f3c758dd506a8195950c19a92b59708c24c3ad6780b04762c58e5fa39c8cfa9;3cde67efec6b3bea81449a96273280edf39d7d2d4bf02d6bf684e505f2878259	query_relative	query_relative
hard::hard_role_flip_348	hard_query_conditioned	hard_role_flip_348	hard_role_flip	L3	subscription churn analysis	hard	2	hard_role_flip_pool	query_relative	query_relative	yes	pass	blind_gate_pass	none	a41d0271a9bf47f546a8337dc6d689b98d565bb120b3f184f365e629b1d2f98d;faa18dfb6ab72647ee5f8f799a894452b5da4209225b7aa0fa0e40fc1caeab42	query_relative	query_relative
hard::hard_role_flip_349	hard_query_conditioned	hard_role_flip_349	hard_role_flip	L3	subscription churn analysis	hard	2	hard_role_flip_pool	query_relative	query_relative	yes	pass	blind_gate_pass	none	aa85353aa8466e44eafbfac6bacd3bf22de441ef78edb340d43b9e3da94f73ad;66b39d93079ec3c9a84a78fbc464f4b9a2970ecb8bc5a7475f6134d3c742cbd8	query_relative	query_relative
hard::hard_role_flip_350	hard_query_conditioned	hard_role_flip_350	hard_role_flip	L4	subscription churn analysis	hard	2	hard_role_flip_pool	query_relative	query_relative	yes	pass	blind_gate_pass	none	19d6286054dc762284fe00e48da65c99e3f574130c8228b580e8760925666e0a;9878bba891393eca09bb83f26e6b1ef18297ccf907ccb36fd9f4ea4ce3d83516	query_relative	query_relative
hard::hard_role_flip_351	hard_query_conditioned	hard_role_flip_351	hard_role_flip	L3	subscription churn analysis	hard	2	hard_role_flip_pool	query_relative	query_relative	yes	pass	blind_gate_pass	none	0b04b0714922015f827fc0e1d4fbbccf26b0e2616f348e71a0cf24c9e559ce73;d3c8dd2fe7bd1825d8f0a7e558df3b3c1ddc72328b05e13e8f76c2b4e750aa1a	query_relative	query_relative
hard::hard_role_flip_352	hard_query_conditioned	hard_role_flip_352	hard_role_flip	L4	subscription churn analysis	hard	2	hard_role_flip_pool	query_relative	query_relative	yes	pass	blind_gate_pass	none	b89f31f61246ffec2d89f645fb68b5f0fa8242a624f5819a8e7884a863b4062e;fb387d5bcce3a46723bd4dcf3742d1bd84b11396f4ffd666a544ae439fbe8a3e	query_relative	query_relative
hard::hard_role_flip_353	hard_query_conditioned	hard_role_flip_353	hard_role_flip	L3	subscription churn analysis	hard	2	hard_role_flip_pool	query_relative	query_relative	yes	pass	blind_gate_pass	none	9d9d60e18063890aaec1360297634bfa004b2263679979fe35bd06ea46971aa4;c04b1163521f60c45a9a339e88afc2418331c5e61dd015bf3ea5d2d716d510fa	query_relative	query_relative
hard::hard_role_flip_354	hard_query_conditioned	hard_role_flip_354	hard_role_flip	L4	content taxonomy mapping	hard	2	hard_role_flip_pool	query_relative	query_relative	yes	pass	blind_gate_pass	none	88464935d26350724d539e283cfb071d7c87f272fe0166e31492883a1daf2134;af66124006a3c9d354a95372007d4039044b435b7a9b5233bdf6e9eda9cb5681	query_relative	query_relative
hard::hard_role_flip_355	hard_query_conditioned	hard_role_flip_355	hard_role_flip	L4	content taxonomy mapping	hard	2	hard_role_flip_pool	query_relative	query_relative	yes	pass	blind_gate_pass	none	319d220551adfa439bc02c35c4bc429367ead515de532dbf8edc03a18174969b;caae1cdb8087475d7a2f3fb263169b38f354e321be834fb4d564113d289e1864	query_relative	query_relative
hard::hard_role_flip_356	hard_query_conditioned	hard_role_flip_356	hard_role_flip	L4	content taxonomy mapping	hard	2	hard_role_flip_pool	query_relative	query_relative	yes	pass	blind_gate_pass	none	311c4fc176653cae7c49f4ff5875969cde4964f53e4b8594057239c2b150bdb2;d5e8965f5686b0851a5a92d9b83cfd904b0543848c4e968883fa166d5c71a159	query_relative	query_relative
hard::hard_role_flip_357	hard_query_conditioned	hard_role_flip_357	hard_role_flip	L3	content taxonomy mapping	hard	2	hard_role_flip_pool	query_relative	query_relative	yes	pass	blind_gate_pass	none	f6626cfc6c0f82b543ad91d70498c067b907e70fe56348e8fa9994ae458371d6;94940c330f95dc3e29309daaec23d7be659c22e0d72a99a73e5207780627345a	query_relative	query_relative
hard::hard_role_flip_358	hard_query_conditioned	hard_role_flip_358	hard_role_flip	L3	content taxonomy mapping	hard	2	hard_role_flip_pool	query_relative	query_relative	yes	pass	blind_gate_pass	none	aec312d0c9bdb0c4bfa96a21c6dc97cfde062423abece785576a15edc696dee4;1fb708e129b1f9a551c597b68dc0fcd9ea078662c62d1a8ae0fb87993ac486ff	query_relative	query_relative
hard::hard_role_flip_359	hard_query_conditioned	hard_role_flip_359	hard_role_flip	L4	content taxonomy mapping	hard	2	hard_role_flip_pool	query_relative	query_relative	yes	pass	blind_gate_pass	none	d02de5ca26db91a109cf9b94b8878f5124bd8a5321356bc1de8caebb110df9da;b8f79d0f8017f3ab47e5de8798c6b96255d22a60f404172d4dd81b55b85bb695	query_relative	query_relative
hard::hard_role_flip_360	hard_query_conditioned	hard_role_flip_360	hard_role_flip	L3	content taxonomy mapping	hard	2	hard_role_flip_pool	query_relative	query_relative	yes	pass	blind_gate_pass	none	2acbe13c305713b2014813d2bf479b532c5b5c07b4c0cbf174aecfa207305030;f310eda9272585979bdcdd7cc837992c9f3f1af5690bfd1a278cea95b29dbf13	query_relative	query_relative
hard::hard_role_flip_361	hard_query_conditioned	hard_role_flip_361	hard_role_flip	L4	content taxonomy mapping	hard	2	hard_role_flip_pool	query_relative	query_relative	yes	pass	blind_gate_pass	none	b077bee1f045554b64dc91fa33cb4f85d0c2d2d39566e4a1e20f1841c9ff6926;dca3485f161fbbf901e15687efbbfd842354a82235da33c01e62ad81d60a5d29	query_relative	query_relative
hard::hard_role_flip_362	hard_query_conditioned	hard_role_flip_362	hard_role_flip	L3	content taxonomy mapping	hard	2	hard_role_flip_pool	query_relative	query_relative	yes	pass	blind_gate_pass	none	beafa5925603508d92900bbcad8143bf25cd357da454356e6d275a52cacb55af;d3dbd069f62dddfeece2112dfb347299734f1193354cd4fe90ebed33c5d27c36	query_relative	query_relative
hard::hard_role_flip_363	hard_query_conditioned	hard_role_flip_363	hard_role_flip	L4	call center quality audit	hard	2	hard_role_flip_pool	query_relative	query_relative	yes	pass	blind_gate_pass	none	9b2624454e16d4dabe9f3f5b3e9608b87465ca51a29247c4511988f77f7745be;09a1e6e2a0f9e0b4dadd381a3858b51cb3cfaadf963e0abdf804a8e3a3e57040	query_relative	query_relative
hard::hard_role_flip_364	hard_query_conditioned	hard_role_flip_364	hard_role_flip	L4	call center quality audit	hard	2	hard_role_flip_pool	query_relative	query_relative	yes	pass	blind_gate_pass	none	5043816ad71d917217394247884e06ddd5d68bc1c5323681a0a911da61f734cb;eefae49d5d27fffe3c8c45d1a58766bee010f8be929bcdcc17d33330203e0754	query_relative	query_relative
hard::hard_role_flip_365	hard_query_conditioned	hard_role_flip_365	hard_role_flip	L4	call center quality audit	hard	2	hard_role_flip_pool	query_relative	query_relative	yes	pass	blind_gate_pass	none	60a16fec93218b1042bebd3ceb6cd53f71b5f8bb1555e5059b06de0e883fff3d;8aa89ce4bda067eb5eebbaad241ce5240fc6e572751a1ad515fc557d18080c4f	query_relative	query_relative
hard::hard_role_flip_366	hard_query_conditioned	hard_role_flip_366	hard_role_flip	L3	call center quality audit	hard	2	hard_role_flip_pool	query_relative	query_relative	yes	pass	blind_gate_pass	none	2eb20bc08b26aae8b12d58c217e41ba04c53060fb427bec338815789aa73917d;36fb58e2e4a7c2a4bc27978e38593e55413a071dde746bf26cb6f4a8d463a4b2	query_relative	query_relative
hard::hard_role_flip_367	hard_query_conditioned	hard_role_flip_367	hard_role_flip	L3	call center quality audit	hard	2	hard_role_flip_pool	query_relative	query_relative	yes	pass	blind_gate_pass	none	0abecd96869f89966c4e27b42c074ef354e2b3d935952baa4c257f64a37716b9;3f9e762080f580a7d5d159520567dfd02605252e893ec155311c64e3f4fbca1d	query_relative	query_relative
hard::hard_role_flip_368	hard_query_conditioned	hard_role_flip_368	hard_role_flip	L4	call center quality audit	hard	2	hard_role_flip_pool	query_relative	query_relative	yes	pass	blind_gate_pass	none	791d4cccb13add0d109b0f35e308a80afbea8548b85171656a2e944b12d7c91d;0d3e8aefdd667a232a53e5c25abd907b736bc232a734fd84538e7e604603a4d7	query_relative	query_relative
hard::hard_role_flip_369	hard_query_conditioned	hard_role_flip_369	hard_role_flip	L3	call center quality audit	hard	2	hard_role_flip_pool	query_relative	query_relative	yes	pass	blind_gate_pass	none	a7eb41ace8c271ad93889d0353fc318687003eec49fa716840102ebd0209eafc;bca0d74108fa37aaa32376ae3c7d2fbe89c7ed3003720cae655abce9aeb28d30	query_relative	query_relative
hard::hard_role_flip_370	hard_query_conditioned	hard_role_flip_370	hard_role_flip	L4	call center quality audit	hard	2	hard_role_flip_pool	query_relative	query_relative	yes	pass	blind_gate_pass	none	7725aecd80f2de51265d59db7b886dbcd0469f63e6804b1fecca164d81220d49;5089b9f58c18f34d09a58fbeee3497bd9ae5010dacb7409305754aad7c241eeb	query_relative	query_relative
hard::hard_role_flip_371	hard_query_conditioned	hard_role_flip_371	hard_role_flip	L3	call center quality audit	hard	2	hard_role_flip_pool	query_relative	query_relative	yes	pass	blind_gate_pass	none	2d19e79e288b31e1535f18eea9f4b445b004a9a36f486725df2cb1557d3fe335;4cbbc15354b2544493ab05f24e7f2fb6763cc9c231d91aa49e4ef3ba32617a15	query_relative	query_relative
hard::hard_role_flip_372	hard_query_conditioned	hard_role_flip_372	hard_role_flip	L4	environmental permit review	hard	2	hard_role_flip_pool	query_relative	query_relative	yes	pass	blind_gate_pass	none	bd4ad6320745bb0169ab1f09b3b5cd888c3c8c79bc0339349c14cdac0a86c4b2;80927505a750ea4a55316ace825c6e52092e271453fb272ff3131abe91b040fd	query_relative	query_relative
hard::hard_role_flip_373	hard_query_conditioned	hard_role_flip_373	hard_role_flip	L4	environmental permit review	hard	2	hard_role_flip_pool	query_relative	query_relative	yes	pass	blind_gate_pass	none	010d857d1bad9706c4d05b7900679739d07d5ce4da36ec37087e9d1a14f61f37;d09e510f37c824c600873d728402dc9868205f210633e6f429d692fcc2fcafb9	query_relative	query_relative
hard::hard_role_flip_374	hard_query_conditioned	hard_role_flip_374	hard_role_flip	L4	environmental permit review	hard	2	hard_role_flip_pool	query_relative	query_relative	yes	pass	blind_gate_pass	none	e2aee5d14881c23fa6ead3247366e6918461b0f5b76086063cf936a9dae1eb76;4cb062ec6962a222a3326ae249b8cd18d9a80bf4d9b349e9caed8ce7faba7db2	query_relative	query_relative
hard::hard_role_flip_375	hard_query_conditioned	hard_role_flip_375	hard_role_flip	L3	environmental permit review	hard	2	hard_role_flip_pool	query_relative	query_relative	yes	pass	blind_gate_pass	none	607b3cc9ac21df68911e923bd86768401f78c688b6786d7fb708dce758caed22;bc290a0d2fa1217cc9be6ac97bdf2a0f041ec0b59391dd5fa6fbfa15a19ab307	query_relative	query_relative
hard::hard_role_flip_376	hard_query_conditioned	hard_role_flip_376	hard_role_flip	L3	environmental permit review	hard	2	hard_role_flip_pool	query_relative	query_relative	yes	pass	blind_gate_pass	none	a5b9ed9c62524d6817e6a32c199b792d773e3670adbf3007647d504e077c938c;bb431a40dc6b7e79d5b3264ee2be4799e067bd2f17fec065cbcb62b7a62929f6	query_relative	query_relative
hard::hard_role_flip_377	hard_query_conditioned	hard_role_flip_377	hard_role_flip	L4	environmental permit review	hard	2	hard_role_flip_pool	query_relative	query_relative	yes	pass	blind_gate_pass	none	3f79117660fa5cdc469d9380ae8b0a1e5549c222e5c58cddba9ad38855812f4d;2c45bc3611e433aacd76000da993952896edc58822c9002571e7f7c91a7c8e0d	query_relative	query_relative
hard::hard_role_flip_378	hard_query_conditioned	hard_role_flip_378	hard_role_flip	L3	environmental permit review	hard	2	hard_role_flip_pool	query_relative	query_relative	yes	pass	blind_gate_pass	none	4752b191b6cb704335e30d4ceda9d139031828b03b00a0f86567b7f38c9dfa49;bc1acd641c7369de5d1fbc2bd26acd660e1fa6b274c0ba7f1a49566c081189f3	query_relative	query_relative
hard::hard_role_flip_379	hard_query_conditioned	hard_role_flip_379	hard_role_flip	L4	environmental permit review	hard	2	hard_role_flip_pool	query_relative	query_relative	yes	pass	blind_gate_pass	none	9ae28e441db018c84c9f41cc9b61b4071f0832411cefd659d7503f94ec3cef64;4432df4444484423b1d2c2c63680290771c22d6cbe7d78a6c166adca7fddfed7	query_relative	query_relative
hard::hard_role_flip_380	hard_query_conditioned	hard_role_flip_380	hard_role_flip	L3	environmental permit review	hard	2	hard_role_flip_pool	query_relative	query_relative	yes	pass	blind_gate_pass	none	6993cde99196e78b1cc4c1e03ddab54c7a5d29a312d8601264801a07e73fd4b0;d0697687a67e1f2cddefc02efc3ef16839a2e40cb98f541a4120ecf9de3f1e4e	query_relative	query_relative
hard::hard_role_flip_381	hard_query_conditioned	hard_role_flip_381	hard_role_flip	L4	repository dependency review	hard	2	hard_role_flip_pool	query_relative	query_relative	yes	pass	blind_gate_pass	none	f59ec7341ef458d82d0e033e7f84bbbbfd3ee148f898f803dce1bb525b2e6f38;9688b496ce013806736e8c8217305e4ed7e5f20e16ea4c5eb4cc6db636bb34a6	query_relative	query_relative
hard::hard_role_flip_382	hard_query_conditioned	hard_role_flip_382	hard_role_flip	L4	repository dependency review	hard	2	hard_role_flip_pool	query_relative	query_relative	yes	pass	blind_gate_pass	none	88de7dfbbaea58452ae95cd55a5be7c5e2b99d08a4664bb2044c2b1634dcc0a3;7c0f3f87c67f4b8647f5e128677466ca86dc90addd525ce55819782ee7e62056	query_relative	query_relative
hard::hard_role_flip_383	hard_query_conditioned	hard_role_flip_383	hard_role_flip	L4	repository dependency review	hard	2	hard_role_flip_pool	query_relative	query_relative	yes	pass	blind_gate_pass	none	4110af9d3665a7f3d47d9247466e3a8be5f3fb1d6e0bf9ed3f63bb422a52e8f1;acde8f5b99301341f08df4868329952ba2aebc904fb0d4af27fcdca93e2c4e7f	query_relative	query_relative
hard::hard_role_flip_384	hard_query_conditioned	hard_role_flip_384	hard_role_flip	L3	repository dependency review	hard	2	hard_role_flip_pool	query_relative	query_relative	yes	pass	blind_gate_pass	none	810307ed84eb4be2db2020265d35472625c4154e438fe99343422e7208d08061;2e2080a1b5d53480a3125a48a6e9ec1b7d5a85b235dfae9d0382f007c849f34f	query_relative	query_relative
hard::hard_role_flip_385	hard_query_conditioned	hard_role_flip_385	hard_role_flip	L3	repository dependency review	hard	2	hard_role_flip_pool	query_relative	query_relative	yes	pass	blind_gate_pass	none	cb03e2a64ac30a7a143069dabe44739f7f1ebfc98b210bd38f3b493a73d0d46e;ba0420b25c62f4a1408ce1f7a9f62b30a8281b30176114bbb007054aec202523	query_relative	query_relative
hard::hard_role_flip_386	hard_query_conditioned	hard_role_flip_386	hard_role_flip	L4	repository dependency review	hard	2	hard_role_flip_pool	query_relative	query_relative	yes	pass	blind_gate_pass	none	445f15396a2b646094d8f1953f01495c0dc4ac3ad9d32adf7f5146aa20c5815f;ef69e0b26751723034db937ab72c70707a07f1383e02070def0e9289927036a6	query_relative	query_relative
hard::hard_role_flip_387	hard_query_conditioned	hard_role_flip_387	hard_role_flip	L3	repository dependency review	hard	2	hard_role_flip_pool	query_relative	query_relative	yes	pass	blind_gate_pass	none	14ec1a377ed7d37de90e19a312ce1b5e618b2a61031324ece85d657a0062f6bc;eceb4cb95a7ac9df1d1260f272d0665506742a6c4a9b0bb034f98aa82aa616ab	query_relative	query_relative
hard::hard_role_flip_388	hard_query_conditioned	hard_role_flip_388	hard_role_flip	L4	repository dependency review	hard	2	hard_role_flip_pool	query_relative	query_relative	yes	pass	blind_gate_pass	none	f95432542e9304151c496becfba136078c91e4412417f7745dfb298a07310d36;62b767d073b023fbee69b11b545c9fa87138d6913225921e1e82046cec6046f1	query_relative	query_relative
hard::hard_role_flip_389	hard_query_conditioned	hard_role_flip_389	hard_role_flip	L3	repository dependency review	hard	2	hard_role_flip_pool	query_relative	query_relative	yes	pass	blind_gate_pass	none	587cc8eba14c4f6be211e4b4ab2922f9c478f0ea51c37cbcb16c35359e51f4cf;23b43522335c4ce56fa875513d76516ed0571e2484fd3084a60b87512cf9ca26	query_relative	query_relative
hard::hard_role_flip_390	hard_query_conditioned	hard_role_flip_390	hard_role_flip	L4	market research coding	hard	2	hard_role_flip_pool	query_relative	query_relative	yes	pass	blind_gate_pass	none	fd7535020a88ab86781d7e6e8304efe185b95d400bb032f4579717b2015f211d;8c497be31d40e388930e4913d8fade2f05cca8f1dcde42be3959e57afe8a737f	query_relative	query_relative
hard::hard_role_flip_391	hard_query_conditioned	hard_role_flip_391	hard_role_flip	L4	market research coding	hard	2	hard_role_flip_pool	query_relative	query_relative	yes	pass	blind_gate_pass	none	2fcc9fad46ab9328fb3606ec3b6ec5c9056ddf3fbfb6321c279f4e77ad843e51;43ac7778568fc3d787f5783b27f891b63a2e12c7a14a2b957290c4b211f81bda	query_relative	query_relative
hard::hard_role_flip_392	hard_query_conditioned	hard_role_flip_392	hard_role_flip	L4	market research coding	hard	2	hard_role_flip_pool	query_relative	query_relative	yes	pass	blind_gate_pass	none	b7c6cc26116240d184cda52b08e5ae33589968fc72fad941e731d5ec1829fe73;0073efe10668245ccc94a0c181179d22fa9fa350dded674767463f118bca6c77	query_relative	query_relative
hard::hard_role_flip_393	hard_query_conditioned	hard_role_flip_393	hard_role_flip	L3	market research coding	hard	2	hard_role_flip_pool	query_relative	query_relative	yes	pass	blind_gate_pass	none	f19c773c316c94c866e264a89760c66abbc4057bdb17b5a7446b82e764c59529;f64171cc3200c918349dc8bec92fb6a627235a2efec8c941535c1f7409139020	query_relative	query_relative
hard::hard_role_flip_394	hard_query_conditioned	hard_role_flip_394	hard_role_flip	L3	market research coding	hard	2	hard_role_flip_pool	query_relative	query_relative	yes	pass	blind_gate_pass	none	e45c806bf2d991b96eec3e4790228053bee49df4df79f327d9087d68e4b0c722;36afb226cd7c92399a48d2851a69951f2f33c1ce47699ac53b33d89d7a0934c9	query_relative	query_relative
hard::hard_role_flip_395	hard_query_conditioned	hard_role_flip_395	hard_role_flip	L4	market research coding	hard	2	hard_role_flip_pool	query_relative	query_relative	yes	pass	blind_gate_pass	none	516069077bd228246481ef488838520b6351797cea726bd53fd8fb1d30b7df10;492fd1a80a86f7514541790d1d821226305c91f72f4f514c07b42237baea4b8d	query_relative	query_relative
hard::hard_role_flip_396	hard_query_conditioned	hard_role_flip_396	hard_role_flip	L3	market research coding	hard	2	hard_role_flip_pool	query_relative	query_relative	yes	pass	blind_gate_pass	none	5b8a7fdb3b19a65b24719d49a6c1ae9c4abd026d0f11b81e96a48f182ff4ff09;22b8fd25a85e8b3997239941bb606245d1e0060c8bf8232d0c0c2402564193b9	query_relative	query_relative
hard::hard_role_flip_397	hard_query_conditioned	hard_role_flip_397	hard_role_flip	L4	market research coding	hard	2	hard_role_flip_pool	query_relative	query_relative	yes	pass	blind_gate_pass	none	85e46428d88cd4f5652de406f01b1e8b4b9b9d68cb605a293b3f0ae8151812ba;90fcb9d886aff89c117e8d43604d35971826a5d47e3828d87f9a7942d722c7dd	query_relative	query_relative
hard::hard_role_flip_398	hard_query_conditioned	hard_role_flip_398	hard_role_flip	L3	market research coding	hard	2	hard_role_flip_pool	query_relative	query_relative	yes	pass	blind_gate_pass	none	1727cc89eee96fda8cc10bfce2f05a2be3933491486152c4b64e7352006ba4d1;0dbd3de8346a2aa31538fcad1a01a4447535af325b7e98f272e2d87dc98f5cb3	query_relative	query_relative
hard::hard_role_flip_399	hard_query_conditioned	hard_role_flip_399	hard_role_flip	L4	fraud investigation	hard	2	hard_role_flip_pool	query_relative	query_relative	yes	pass	blind_gate_pass	none	34754f0102fa471660fcd2902a2498f60a9277a983f94d328bc54a33828c3d9e;88d723a3a65ea92d2795be7ee8f6659a992fb39637c926d066e80684385f9c38	query_relative	query_relative
hard::hard_role_flip_400	hard_query_conditioned	hard_role_flip_400	hard_role_flip	L4	fraud investigation	hard	2	hard_role_flip_pool	query_relative	query_relative	yes	pass	blind_gate_pass	none	22d2e5f59c7518ad903f44031f2ef656f4b937931e0db3ace2fa43a10e988168;09998164f146ab868357912162a91b04cfecafba8e048055fe322fadb26970c1	query_relative	query_relative
hard::hard_role_flip_401	hard_query_conditioned	hard_role_flip_401	hard_role_flip	L4	fraud investigation	hard	2	hard_role_flip_pool	query_relative	query_relative	yes	pass	blind_gate_pass	none	f2aa12d4573837fe8bc35d77a11ae230ea985f97f12e9a3e0fd0a3dc0e219611;e3688a37d5df9c9f9b139044117cba25ce1b9630025318161edc48543a0bc5b1	query_relative	query_relative
hard::hard_role_flip_402	hard_query_conditioned	hard_role_flip_402	hard_role_flip	L3	fraud investigation	hard	2	hard_role_flip_pool	query_relative	query_relative	yes	pass	blind_gate_pass	none	95fb308e2e780a20803dae5483cda720b08e57a32b30f31dc11e2268e211f158;011c02668659c8367f8d3b4d778044508dabf227487c1e39998b7dd399af36e2	query_relative	query_relative
hard::hard_role_flip_403	hard_query_conditioned	hard_role_flip_403	hard_role_flip	L3	fraud investigation	hard	2	hard_role_flip_pool	query_relative	query_relative	yes	pass	blind_gate_pass	none	81c07499d5e6a1547d41b6b22b38fb138596e6c5a4914e47cbfc89c11e51a8c6;9fa28226e6231a130690c3e5ad90989df79de7dc791702aa20bf7fa55a212236	query_relative	query_relative
hard::hard_role_flip_404	hard_query_conditioned	hard_role_flip_404	hard_role_flip	L4	fraud investigation	hard	2	hard_role_flip_pool	query_relative	query_relative	yes	pass	blind_gate_pass	none	48755400544407b5f780476eb056b7259f74ddf789ce758eb294c122ab4ecee2;191026d2d89d5c0b87a3762556fc57218aa2ba234446a71fb798b2aadaac622f	query_relative	query_relative
hard::hard_role_flip_405	hard_query_conditioned	hard_role_flip_405	hard_role_flip	L3	fraud investigation	hard	2	hard_role_flip_pool	query_relative	query_relative	yes	pass	blind_gate_pass	none	f1a11203dc61619789bfb23e6d480f03609dcd90b2af7717c0ea020d3119cf5d;8ba48cb1ea2eb024206dc3f0fe4a0f517d366947483ebb230e7ba5d1138d76fe	query_relative	query_relative
hard::hard_role_flip_406	hard_query_conditioned	hard_role_flip_406	hard_role_flip	L4	fraud investigation	hard	2	hard_role_flip_pool	query_relative	query_relative	yes	pass	blind_gate_pass	none	80715842cce948f9c8fa6fe7654ebe96d7aa88ada270009dcdc467fdb80845d3;c3d8a1302bf04ec2e4aec48b6c756e88dc955772bca1d118fbe496e2a64ad0f7	query_relative	query_relative
hard::hard_role_flip_407	hard_query_conditioned	hard_role_flip_407	hard_role_flip	L3	fraud investigation	hard	2	hard_role_flip_pool	query_relative	query_relative	yes	pass	blind_gate_pass	none	3077dece23dcc3299c0427fbbaf27d07dd9fdae55b2dbf7d2f700dd1353ec323;36c37cc460f8da0c3f15fe40a0823a4a41fd2a731c9461699d64b3eda99e4837	query_relative	query_relative
hard::hard_role_flip_408	hard_query_conditioned	hard_role_flip_408	hard_role_flip	L4	medical claims coding	hard	2	hard_role_flip_pool	query_relative	query_relative	yes	pass	blind_gate_pass	none	68dc186459054c05876cac701fb9b4fb968795358bd9fe04e302f6c2bc108ddc;f3a3eb6140b5260ef0da0ead7d16cbddbf5ac8621c2c11a34177270bcd3a1c43	query_relative	query_relative
hard::hard_role_flip_409	hard_query_conditioned	hard_role_flip_409	hard_role_flip	L4	medical claims coding	hard	2	hard_role_flip_pool	query_relative	query_relative	yes	pass	blind_gate_pass	none	ec6c9f70a78976ed828fd76d0d5ba17e55e03311f1be99a4a67ef8464016f608;82b9158b7d9e8b835c46b965f28ea1a1e642a7ca1bdc5e21df459db946b0edeb	query_relative	query_relative
hard::hard_role_flip_410	hard_query_conditioned	hard_role_flip_410	hard_role_flip	L4	medical claims coding	hard	2	hard_role_flip_pool	query_relative	query_relative	yes	pass	blind_gate_pass	none	34f15948e073d274afa739d64adbe7f3dd87341a29fab0a7f60c14d0eb357102;96b00c5718ad15e9d2ae8f550fcb4c831b8e5d4f51e75a32687b26b254044493	query_relative	query_relative
hard::hard_role_flip_411	hard_query_conditioned	hard_role_flip_411	hard_role_flip	L3	medical claims coding	hard	2	hard_role_flip_pool	query_relative	query_relative	yes	pass	blind_gate_pass	none	d9ca1e55d177f78e0eea7b5e9bad9e4536f58ed743dc4bf42b0baef9a1973933;2cda9d240a27b5d8cd0e2200129792e827cf3eb6ee7311d1b713e0587ef88ab8	query_relative	query_relative
hard::hard_role_flip_412	hard_query_conditioned	hard_role_flip_412	hard_role_flip	L3	medical claims coding	hard	2	hard_role_flip_pool	query_relative	query_relative	yes	pass	blind_gate_pass	none	8547d619ddb6a62501fd9fe6bfd0d82130cc08f2caf40fe2d27cbf10f6be48c9;43367ff21e3d8dc9295a97608fe37b2626fd684757161f809d6d6aba50646a11	query_relative	query_relative
hard::hard_role_flip_413	hard_query_conditioned	hard_role_flip_413	hard_role_flip	L4	medical claims coding	hard	2	hard_role_flip_pool	query_relative	query_relative	yes	pass	blind_gate_pass	none	0e4f231cb3429a546ceae6d1fdbc394279a2ea6a08f55edcbe0b2e3498787b74;1f78cb2993e664bacb0d83e4626ec1a87007640e604f4630b70b2a3dc9f8cb15	query_relative	query_relative
hard::hard_role_flip_414	hard_query_conditioned	hard_role_flip_414	hard_role_flip	L3	medical claims coding	hard	2	hard_role_flip_pool	query_relative	query_relative	yes	pass	blind_gate_pass	none	69d733806a793f07fc1913e4ffbc33592f3be1aaa47c15870f44b94e0b6b4b59;3cf5cb7ec8d9579ab1c5126501fe7110512ada2b2fb8f4adfa117bcd990e5cc9	query_relative	query_relative
hard::hard_role_flip_415	hard_query_conditioned	hard_role_flip_415	hard_role_flip	L4	medical claims coding	hard	2	hard_role_flip_pool	query_relative	query_relative	yes	pass	blind_gate_pass	none	ce163f2ff878ef3444a3be60ada8dcc83de6cdceb7b36a807d916bd75fc89718;8ad59a31e1bc42392cb66fcb636c7efee48d2baab1ae07a938f0f38738543a53	query_relative	query_relative
hard::hard_role_flip_416	hard_query_conditioned	hard_role_flip_416	hard_role_flip	L3	medical claims coding	hard	2	hard_role_flip_pool	query_relative	query_relative	yes	pass	blind_gate_pass	none	84fab04c405e8ca67e012e8a7ae93571dc85a54698314d945974c94aaa555881;63731888e9ea0788de42eef4c05ac5f5d058f39a0938862cb820736c1e30540e	query_relative	query_relative
hard::hard_role_flip_417	hard_query_conditioned	hard_role_flip_417	hard_role_flip	L4	sales pipeline inspection	hard	2	hard_role_flip_pool	query_relative	query_relative	yes	pass	blind_gate_pass	none	a2f4de843fdc171016ef82b7b62d6ff68cfb5852294e116fbd7b737092e50f2e;0803f802db780682de3dd330da838a5b631d22959e029b5b3faa3637e7431e70	query_relative	query_relative
hard::hard_role_flip_418	hard_query_conditioned	hard_role_flip_418	hard_role_flip	L4	sales pipeline inspection	hard	2	hard_role_flip_pool	query_relative	query_relative	yes	pass	blind_gate_pass	none	5bb9650b4d15b1bd11cb2cd6ca3345c03fa7ef54f42dadd44ffa9a6605407651;e61e8fc03a2b2e4f7e3841c8c5a895a93d90664e511cf29502ede2f17d8e3ef1	query_relative	query_relative
hard::hard_role_flip_419	hard_query_conditioned	hard_role_flip_419	hard_role_flip	L4	sales pipeline inspection	hard	2	hard_role_flip_pool	query_relative	query_relative	yes	pass	blind_gate_pass	none	332150389bf56662f6baa0e08b75ec4b5629e9b2dc10f0d9199256b1c60ff502;72721dc20d9f15d90596ee40fa6fed5a209d7c7608d9f5bbc607fde0dd7f7a0e	query_relative	query_relative
hard::hard_role_flip_420	hard_query_conditioned	hard_role_flip_420	hard_role_flip	L3	sales pipeline inspection	hard	2	hard_role_flip_pool	query_relative	query_relative	yes	pass	blind_gate_pass	none	013a25e27fd91fa7645782535a6d69b9154a73c5132f1e41518ae6b5e184a526;9018f1b7afa570a6f62b9184365c167db3b92143c1a23812056d11165f2e5d6f	query_relative	query_relative
hard::hard_role_flip_421	hard_query_conditioned	hard_role_flip_421	hard_role_flip	L3	sales pipeline inspection	hard	2	hard_role_flip_pool	query_relative	query_relative	yes	pass	blind_gate_pass	none	a4842de61fe650c1a51656eca470e661cde696554453aebd3c3e392e51cf244c;a2c26329828d584353a27eb71435a300a609ebc9dbf448704f688fcf3ad4ff76	query_relative	query_relative
hard::hard_role_flip_422	hard_query_conditioned	hard_role_flip_422	hard_role_flip	L4	sales pipeline inspection	hard	2	hard_role_flip_pool	query_relative	query_relative	yes	pass	blind_gate_pass	none	1eac3ff730a80df8e34a3c6043bd9d705df9c88e33c739210cc64b6afe6a180f;841b9a30029354488d9b57c0a6e2d293d8eeba231ada51874bcf328f27a06f03	query_relative	query_relative
hard::hard_role_flip_423	hard_query_conditioned	hard_role_flip_423	hard_role_flip	L3	sales pipeline inspection	hard	2	hard_role_flip_pool	query_relative	query_relative	yes	pass	blind_gate_pass	none	0caaa025a44ecbeda1edddf0bf6511b67fa66919d30b42b81e3b4f85280f9518;766e92ac8dd817770a43a114086893475fd68a803c694f659530d465a987d7d9	query_relative	query_relative
hard::hard_role_flip_424	hard_query_conditioned	hard_role_flip_424	hard_role_flip	L4	sales pipeline inspection	hard	2	hard_role_flip_pool	query_relative	query_relative	yes	pass	blind_gate_pass	none	49f2e4126ae302223eda54654bfb0a1f9127ccd7db959967d6a8f9820907e7c2;2941cd8f3d965b5ccff7362b930bb7414c9e0eb43c236b6ebca71bc85bbd9776	query_relative	query_relative
hard::hard_role_flip_425	hard_query_conditioned	hard_role_flip_425	hard_role_flip	L3	sales pipeline inspection	hard	2	hard_role_flip_pool	query_relative	query_relative	yes	pass	blind_gate_pass	none	cc153b737563db363e38abdc2058afec8fa33621c4c0b45e77c1acef18498106;ec5a4c86656169402449aae63b3a75316680da93ea8b489a75d095bcd3f68193	query_relative	query_relative
hard::hard_role_flip_426	hard_query_conditioned	hard_role_flip_426	hard_role_flip	L4	retail assortment planning	hard	2	hard_role_flip_pool	query_relative	query_relative	yes	pass	blind_gate_pass	none	1ed2bb4d24eabc5727b362fcac9670a2b1bc145451cab922db533d15aa2bdd72;b3e8247375d7b605ad085a8e46aef61fc53484118ea9e9cd0ed5e745d3f50c20	query_relative	query_relative
hard::hard_role_flip_427	hard_query_conditioned	hard_role_flip_427	hard_role_flip	L4	retail assortment planning	hard	2	hard_role_flip_pool	query_relative	query_relative	yes	pass	blind_gate_pass	none	d123f89b046e28b9044a23fb7afee283d693b0d2fde775573b5870e3e2fc0af2;b6eb97153f7bb6523d77d6798b6dd4311c124c5c2b72c6d52578638ace0fc80f	query_relative	query_relative
hard::hard_role_flip_428	hard_query_conditioned	hard_role_flip_428	hard_role_flip	L4	retail assortment planning	hard	2	hard_role_flip_pool	query_relative	query_relative	yes	pass	blind_gate_pass	none	479a4836f27fe97471196fd437f67b8ef758259ceb39afb6fb80183722975a60;d3079c45411f6abd8d719679224f7857e8bacdc946f6d3a29e6feef68e2e41fb	query_relative	query_relative
hard::hard_role_flip_429	hard_query_conditioned	hard_role_flip_429	hard_role_flip	L3	retail assortment planning	hard	2	hard_role_flip_pool	query_relative	query_relative	yes	pass	blind_gate_pass	none	413dfd7ae5dcec056d3ec53597d129a4fcc215faf0343908c026c6b0baad4d3a;22b7b94018bac4aa8cbaf9b18fd5842729d00219735bd46e4be891f87c43cd18	query_relative	query_relative
hard::hard_role_flip_430	hard_query_conditioned	hard_role_flip_430	hard_role_flip	L3	retail assortment planning	hard	2	hard_role_flip_pool	query_relative	query_relative	yes	pass	blind_gate_pass	none	027dae06d6c9e0a307a1ce015e763338e72023393d60d898c156d1ea783a4db1;08a9252d7bc0b154d5bfebb7e73084f62af530cf5a0b56a831c48acf0b5c87cc	query_relative	query_relative
hard::hard_role_flip_431	hard_query_conditioned	hard_role_flip_431	hard_role_flip	L4	retail assortment planning	hard	2	hard_role_flip_pool	query_relative	query_relative	yes	pass	blind_gate_pass	none	84fbe721a15edd958a81a3248a9c3a8de4ce7f38a6bea70a124cacba24601af5;73094812e8e9acf3b01a78bc0f46c81673b32545c3eae7b0f83783f78f416f3f	query_relative	query_relative
hard::hard_role_flip_432	hard_query_conditioned	hard_role_flip_432	hard_role_flip	L3	retail assortment planning	hard	2	hard_role_flip_pool	query_relative	query_relative	yes	pass	blind_gate_pass	none	562c2c77ba0fddde2dd147c49774daaa5377e1459a64460ecad41a1b505283a6;654d5fbfca16d12c860d563ecee6428d9751d7c3587c4177c6006f3eeb8aac48	query_relative	query_relative
hard::hard_role_flip_433	hard_query_conditioned	hard_role_flip_433	hard_role_flip	L4	retail assortment planning	hard	2	hard_role_flip_pool	query_relative	query_relative	yes	pass	blind_gate_pass	none	8cf455c5c22b7b7bf5bcf3925a6db5619e19580c36c6d524f960b343899a3b61;47c1c2f07a9c949df64f42eb59d88dbf7a92b12e95ef52fc3180b0333e5cf543	query_relative	query_relative
hard::hard_role_flip_434	hard_query_conditioned	hard_role_flip_434	hard_role_flip	L3	retail assortment planning	hard	2	hard_role_flip_pool	query_relative	query_relative	yes	pass	blind_gate_pass	none	fc1ca0838ece9a9d569ac132a7ba52783a7822a7a0c9ba19f9180ba8760cf11e;7f51ffc9796fd6640f257c76b99c146625c6959dba1aaa77c99cdb8d57acaad9	query_relative	query_relative
hard::hard_role_flip_435	hard_query_conditioned	hard_role_flip_435	hard_role_flip	L4	academic manuscript screening	hard	2	hard_role_flip_pool	query_relative	query_relative	yes	pass	blind_gate_pass	none	2a8f07012a7d165ade8b7505886ac89e2c56daff63f577983c2b4dd55e76ae04;2bf6136df45edeb50cec48b42993d281db731b8d5a6b2e70555f2be92d387c8b	query_relative	query_relative
hard::hard_role_flip_436	hard_query_conditioned	hard_role_flip_436	hard_role_flip	L4	academic manuscript screening	hard	2	hard_role_flip_pool	query_relative	query_relative	yes	pass	blind_gate_pass	none	511fe59b2094a6371c092055db454263b4002fa3adf510c5cf477abad3a8df68;4e75d0e505097d663663e24a6b11fe2aee139da225f6c234beb08fdf9df50519	query_relative	query_relative
hard::hard_role_flip_437	hard_query_conditioned	hard_role_flip_437	hard_role_flip	L4	academic manuscript screening	hard	2	hard_role_flip_pool	query_relative	query_relative	yes	pass	blind_gate_pass	none	f49587738850eb9fe11ff8e848d4a6ab67ef55c876d8576b681d5fb871c9ab62;8fb8a6671a6d72edf6c8db06bed58b84b0305c2b2857306381e13fe3500d4da4	query_relative	query_relative
hard::hard_role_flip_438	hard_query_conditioned	hard_role_flip_438	hard_role_flip	L3	academic manuscript screening	hard	2	hard_role_flip_pool	query_relative	query_relative	yes	pass	blind_gate_pass	none	39e177628daf3fce718e373ebbb6664addabdb6a73118006410e98d1032c5851;4417ce2b70ab396066d66ff9a10ed250765c66075e5862f088056fb8a6118a72	query_relative	query_relative
hard::hard_role_flip_439	hard_query_conditioned	hard_role_flip_439	hard_role_flip	L3	academic manuscript screening	hard	2	hard_role_flip_pool	query_relative	query_relative	yes	pass	blind_gate_pass	none	14eb5a490755e55c6bf10bcaa9331495d78765ea1d8e776097a31cbd1db146f0;ae302343f00042e68c19563ebc9bce2a751e34588cd4d9fbda5245487541dac9	query_relative	query_relative
hard::hard_role_flip_440	hard_query_conditioned	hard_role_flip_440	hard_role_flip	L4	academic manuscript screening	hard	2	hard_role_flip_pool	query_relative	query_relative	yes	pass	blind_gate_pass	none	0ee858a05019c54df31ee1f5227d1edd8a50a1c46fa8e94ee445ae389f2cefe1;83f7b29a6f9ce3054ad7d725fc82106f2a2c8181cff8f8125827365f6681cd97	query_relative	query_relative
hard::hard_role_flip_441	hard_query_conditioned	hard_role_flip_441	hard_role_flip	L3	academic manuscript screening	hard	2	hard_role_flip_pool	query_relative	query_relative	yes	pass	blind_gate_pass	none	6cbe030a1c162d97283e4dd79d9dd92e9c183ed80c39d7f0e1a659fc55a9a3fa;667b93baddd1e03dde29e136ca84b98f5e4297bd1e096229395b206381881637	query_relative	query_relative
hard::hard_role_flip_442	hard_query_conditioned	hard_role_flip_442	hard_role_flip	L4	academic manuscript screening	hard	2	hard_role_flip_pool	query_relative	query_relative	yes	pass	blind_gate_pass	none	843082e611e660a7d99a50ac70d6989143c0c79875709d58189a166737c9f2e6;0de8825af7cf2ed6af42a1e82665a676ba5b71b6f245b0ba1761795fb4078fe4	query_relative	query_relative
hard::hard_role_flip_443	hard_query_conditioned	hard_role_flip_443	hard_role_flip	L3	academic manuscript screening	hard	2	hard_role_flip_pool	query_relative	query_relative	yes	pass	blind_gate_pass	none	3a36f7c6422f09ecd202d965ed9cd495eefcaec63759af4be9c09ada294dc4c7;ac1e2c4df695588deaacb2a14ade77f09af993645cccf8c509aec984af939856	query_relative	query_relative
hard::hard_role_flip_444	hard_query_conditioned	hard_role_flip_444	hard_role_flip	L4	incident response handoff	hard	2	hard_role_flip_pool	query_relative	query_relative	yes	pass	blind_gate_pass	none	14c786a2f5a5cd4e11bbe29dd7c3fb0e7bf162e4ab03834b7760836701c3ad60;1f601eeb6d50873a582afa3ee810a9c2376df107841f7d97884507f79688e8a9	query_relative	query_relative
hard::hard_role_flip_445	hard_query_conditioned	hard_role_flip_445	hard_role_flip	L4	incident response handoff	hard	2	hard_role_flip_pool	query_relative	query_relative	yes	pass	blind_gate_pass	none	1c6bcadce54a2b663385bf072d9dc1dcc20199215fbdcca50c6bc9a3ce8a0ca4;f9d6e8d2da16d954be422ce21d9c9e49d290c7420dbac32d899becb3009cf173	query_relative	query_relative
hard::hard_role_flip_446	hard_query_conditioned	hard_role_flip_446	hard_role_flip	L4	incident response handoff	hard	2	hard_role_flip_pool	query_relative	query_relative	yes	pass	blind_gate_pass	none	30c0b4c77c5dbf79c097e9773ecde3bf13ea78f7c6535a794ee6f79735d2b1dc;a494d6063fded90d605d641e69dbff340a435d695e22d8ab4b527d9a347a90f8	query_relative	query_relative
hard::hard_role_flip_447	hard_query_conditioned	hard_role_flip_447	hard_role_flip	L3	incident response handoff	hard	2	hard_role_flip_pool	query_relative	query_relative	yes	pass	blind_gate_pass	none	ad909a6c709f0f6ddcd151cbc31dba133406606b5ad5ad124d0ae052fe4c8497;e137ea4136324e95d18df11378856c0bbdc96b544ba8896ffb69f3af6a961606	query_relative	query_relative
hard::hard_role_flip_448	hard_query_conditioned	hard_role_flip_448	hard_role_flip	L3	incident response handoff	hard	2	hard_role_flip_pool	query_relative	query_relative	yes	pass	blind_gate_pass	none	dd46f80a4e27f66d6bbacb7abfcd036d0ac573fb7b330ab3b07b8b19cc0eaa8e;eb36ef236e5393c7d37a44fc427ce5cfd7bc8da3c41d6984ff33970a2903bd07	query_relative	query_relative
hard::hard_role_flip_449	hard_query_conditioned	hard_role_flip_449	hard_role_flip	L4	incident response handoff	hard	2	hard_role_flip_pool	query_relative	query_relative	yes	pass	blind_gate_pass	none	f76141be822d29912a2e286096f881ddb79aa7c834954f5a6e4ed8d5df628854;761e161402af4ab31ea906993ca8a576d80900a527bb84ff2f4c1246033b9a5f	query_relative	query_relative
hard::hard_role_flip_450	hard_query_conditioned	hard_role_flip_450	hard_role_flip	L3	incident response handoff	hard	2	hard_role_flip_pool	query_relative	query_relative	yes	pass	blind_gate_pass	none	ed4c451b2bedb80681bbabcd48ec0e96e58ae4f52c00dadc3027d398564604ed;4b563176795b9d0a9bc4863257e90d893f08d45d4ea0544a82c5f15e92c8efc6	query_relative	query_relative
hard::hard_role_flip_451	hard_query_conditioned	hard_role_flip_451	hard_role_flip	L4	incident response handoff	hard	2	hard_role_flip_pool	query_relative	query_relative	yes	pass	blind_gate_pass	none	48b2b0b378a40375c41ed5d8b96d867f7e53ce20c798d5cb88ed0a62ec001917;00fe3d6ea4a41937485d88e8b880a31ba80041121fe815c4b7ecba532a3ae613	query_relative	query_relative
hard::hard_role_flip_452	hard_query_conditioned	hard_role_flip_452	hard_role_flip	L3	incident response handoff	hard	2	hard_role_flip_pool	query_relative	query_relative	yes	pass	blind_gate_pass	none	025a30ef13769903fd9d60ed8757cf69742adb93370b082f0b8677b0ce6d7def;e1a52b160434b9fe039dae35d4bdfea181c63cc18160e3f0ac2b63a104b61dd7	query_relative	query_relative
hard::hard_role_flip_453	hard_query_conditioned	hard_role_flip_453	hard_role_flip	L4	building maintenance planning	hard	2	hard_role_flip_pool	query_relative	query_relative	yes	pass	blind_gate_pass	none	2c4979d813a462d5d73258ff6cbf7caa545ee0020a1c1ea94ab0fb9eb2278776;10ff6dc1d1e6a906b5abcee6b3d5fd55e9df7b7c30d35df26e55acea273564da	query_relative	query_relative
hard::hard_role_flip_454	hard_query_conditioned	hard_role_flip_454	hard_role_flip	L4	building maintenance planning	hard	2	hard_role_flip_pool	query_relative	query_relative	yes	pass	blind_gate_pass	none	3cc06b9db667f6bb53adc0eb838f557ca835ed371cd0bf935018a2682f0109b6;f408a13eec0aa8e229c4af085e5d44c9bbf0cb09df5c25fff227b50540210dd7	query_relative	query_relative
hard::hard_role_flip_455	hard_query_conditioned	hard_role_flip_455	hard_role_flip	L4	building maintenance planning	hard	2	hard_role_flip_pool	query_relative	query_relative	yes	pass	blind_gate_pass	none	5efabd87183ef9de6f3365b2760f6922312dbde48f16b04037f4b7d130261537;86c9049559fa6b3f1d8788f0928cea5b3dd826ba022161e73d57b62e352c8698	query_relative	query_relative
hard::hard_role_flip_456	hard_query_conditioned	hard_role_flip_456	hard_role_flip	L3	building maintenance planning	hard	2	hard_role_flip_pool	query_relative	query_relative	yes	pass	blind_gate_pass	none	c19a1ebeae6fb968e7be97948bed3bf6cf693f7797b887d2e4ade0ba1dd31e09;bb9d74799c179371e3d15eff4caebdc3773e5cdc4a34378a8b9191a901bfb41c	query_relative	query_relative
hard::hard_role_flip_457	hard_query_conditioned	hard_role_flip_457	hard_role_flip	L3	building maintenance planning	hard	2	hard_role_flip_pool	query_relative	query_relative	yes	pass	blind_gate_pass	none	906bd88e05653b473f1e050b986c4d7f8da6e05213a24403d1e164c02cfff5cc;e68ba16dc650355249354f3a85a8c66a05d39e2dcba65aa1d54ba5fb34c7ba44	query_relative	query_relative
hard::hard_role_flip_458	hard_query_conditioned	hard_role_flip_458	hard_role_flip	L4	building maintenance planning	hard	2	hard_role_flip_pool	query_relative	query_relative	yes	pass	blind_gate_pass	none	9b7fa50cc46d0ebcb22d2a4c9221385b8a85747dbd3ae8769b228f2be054cc09;21646f88e80018f8a0a8ebf72336ecf34912962a9b9cb57164ad823fd3d95de7	query_relative	query_relative
hard::hard_role_flip_459	hard_query_conditioned	hard_role_flip_459	hard_role_flip	L3	building maintenance planning	hard	2	hard_role_flip_pool	query_relative	query_relative	yes	pass	blind_gate_pass	none	3f30b41ddbdf44681d2a760b066ce0072722781ef5fd9620d0a6a40168294f41;14d2911081a9615a2b3f21c7aa19e89e48dfcdc958cac66c8c63a3db9f179478	query_relative	query_relative
hard::hard_role_flip_460	hard_query_conditioned	hard_role_flip_460	hard_role_flip	L4	building maintenance planning	hard	2	hard_role_flip_pool	query_relative	query_relative	yes	pass	blind_gate_pass	none	6c4e341ad57c9c802fa92fa9f26bce7528542b026234b0a214d0ff70961bfa0b;22295c2affad4f10424bf8abb9ee3dbe36bcf7c00612a13cb11cc203b5063598	query_relative	query_relative
hard::hard_role_flip_461	hard_query_conditioned	hard_role_flip_461	hard_role_flip	L3	building maintenance planning	hard	2	hard_role_flip_pool	query_relative	query_relative	yes	pass	blind_gate_pass	none	18859119b0002ccc4913ecb08d48269fe690fba4307896385c626be80ab41f6f;48bd11f0f79309c612e206e568d5b0ede1cd0d60a729c31568c4218fa6001c23	query_relative	query_relative
hard::hard_role_flip_462	hard_query_conditioned	hard_role_flip_462	hard_role_flip	L4	lab instrument run review	hard	2	hard_role_flip_pool	query_relative	query_relative	yes	pass	blind_gate_pass	none	b92153c84ba0a7419f0afd9f461ba87e76c9c41f8bb8e391fe2d4e12ef8a629b;2ae38e553a0e5445b8ba7e94e8f9a064008f36597160831a8b9b3ea1198c6a17	query_relative	query_relative
hard::hard_role_flip_463	hard_query_conditioned	hard_role_flip_463	hard_role_flip	L4	lab instrument run review	hard	2	hard_role_flip_pool	query_relative	query_relative	yes	pass	blind_gate_pass	none	4382af80def5704dcbe7e0be8053f0a4d8581d0acc5447b640b51b15db5f0b60;db9cf6a9d94b06b52c6fc2336ffbc9d2e587aa4c35c24ecb8fbeeaefb0009c14	query_relative	query_relative
hard::hard_role_flip_464	hard_query_conditioned	hard_role_flip_464	hard_role_flip	L4	lab instrument run review	hard	2	hard_role_flip_pool	query_relative	query_relative	yes	pass	blind_gate_pass	none	4c033740ba609f34aec0df515734a71263bb9c799c0588f4c46fc81746fe1118;e3a968bb801c53c734d282e0c6b0fd39fc9aa511125670c7238e62e7c7308fc0	query_relative	query_relative
hard::hard_role_flip_465	hard_query_conditioned	hard_role_flip_465	hard_role_flip	L3	lab instrument run review	hard	2	hard_role_flip_pool	query_relative	query_relative	yes	pass	blind_gate_pass	none	17b3e45dc6cfdc9bc90a08e7614851db15e54c2f0b6f5015d8906546c9415dd3;2826a594d57238ae5c1b431464ef5b7581d29160d47a0f75bdad162e9da343dc	query_relative	query_relative
hard::hard_role_flip_466	hard_query_conditioned	hard_role_flip_466	hard_role_flip	L3	lab instrument run review	hard	2	hard_role_flip_pool	query_relative	query_relative	yes	pass	blind_gate_pass	none	fb4df0a1df93743bdaaa064d11094541c7ba88a59877e10a6b77d33015c72aad;d27bd346407c410629a696a5e10c036b62c9bf81fcbd64f5186844f8cd306dec	query_relative	query_relative
hard::hard_role_flip_467	hard_query_conditioned	hard_role_flip_467	hard_role_flip	L4	lab instrument run review	hard	2	hard_role_flip_pool	query_relative	query_relative	yes	pass	blind_gate_pass	none	f571a57289e6983248319b8c5ffb67f1ab90785e5bf38b95f5040fd318673cbc;0aa482dd30928ace44d342d034f61691d4ad916dda79ee8bd57c251eccb97984	query_relative	query_relative
hard::hard_role_flip_468	hard_query_conditioned	hard_role_flip_468	hard_role_flip	L3	lab instrument run review	hard	2	hard_role_flip_pool	query_relative	query_relative	yes	pass	blind_gate_pass	none	92fcbf1a950611ef7f6ff91eccf9ddebfd30f434b32cd869d6b59244ed943b63;9ba50baf2905f684f9271bfedba451bd78c1c304d9f3ed53475d77e69c3a55ba	query_relative	query_relative
hard::hard_role_flip_469	hard_query_conditioned	hard_role_flip_469	hard_role_flip	L4	lab instrument run review	hard	2	hard_role_flip_pool	query_relative	query_relative	yes	pass	blind_gate_pass	none	915da00cfecb1aac5c3df283f0605c3807849b57beebc1f34ac7e1f5b573da54;0c152b8782eb180ca0408d3fbb896271c5bd196b36d97ab0ce784401d6ee3785	query_relative	query_relative
hard::hard_role_flip_470	hard_query_conditioned	hard_role_flip_470	hard_role_flip	L3	lab instrument run review	hard	2	hard_role_flip_pool	query_relative	query_relative	yes	pass	blind_gate_pass	none	33f19acf921e8b0f612e3db699f2dd95583ced2a0336b7c071a68f35108e483d;4ca063c14d63685d71b008430b63d419779b65c3faccd5677380b9ae99a8f7d5	query_relative	query_relative
hard::hard_role_flip_471	hard_query_conditioned	hard_role_flip_471	hard_role_flip	L4	loan underwriting	hard	2	hard_role_flip_pool	query_relative	query_relative	yes	pass	blind_gate_pass	none	a61e3aa344f74cb8dda6364932bea377afd2c3a7357fcd022849c1c1b297dcbc;12ae2e2e4d76c8faedefd5b4cce0bf898f0e8913fb8a4f9a7037dcbe1a9c2ce0	query_relative	query_relative
hard::hard_role_flip_472	hard_query_conditioned	hard_role_flip_472	hard_role_flip	L4	loan underwriting	hard	2	hard_role_flip_pool	query_relative	query_relative	yes	pass	blind_gate_pass	none	23c490751274ae15cdb873a1ffca6aced67b552371bfadc2c4890be329c7bed4;c2a06b21dec64c0e5d04f15d5d81178d7391f1bbca063b2800e635f6980f128d	query_relative	query_relative
hard::hard_role_flip_473	hard_query_conditioned	hard_role_flip_473	hard_role_flip	L4	loan underwriting	hard	2	hard_role_flip_pool	query_relative	query_relative	yes	pass	blind_gate_pass	none	1ac3951a6363ec63ec7c04d4617b8be779533edf66c8854cf2ff930e9c729adf;4565986eb25abf84463cc90b4f88fe16be202f7a56238bd3d58120c5b0def11c	query_relative	query_relative
hard::hard_role_flip_474	hard_query_conditioned	hard_role_flip_474	hard_role_flip	L3	loan underwriting	hard	2	hard_role_flip_pool	query_relative	query_relative	yes	pass	blind_gate_pass	none	4400280b3809c3ab024cbc3c605e393f2768b92f2bfe310e2c659509c496951a;a3ce4c2c175979dc4107041d851db961a8876755141356be65b79cbe4ddedac6	query_relative	query_relative
hard::hard_role_flip_475	hard_query_conditioned	hard_role_flip_475	hard_role_flip	L3	loan underwriting	hard	2	hard_role_flip_pool	query_relative	query_relative	yes	pass	blind_gate_pass	none	c0795c44265b6d646f8f8a55a1271d9e65ce7db8726d4db293a75a437f469f46;9ba351ffac06e253f347576e679a08d8acd10d2952dc959f448423eda3c89b8c	query_relative	query_relative
hard::hard_role_flip_476	hard_query_conditioned	hard_role_flip_476	hard_role_flip	L4	loan underwriting	hard	2	hard_role_flip_pool	query_relative	query_relative	yes	pass	blind_gate_pass	none	2f66188bb6a4a2ee9ff3c4e84442072095a37b536db3b6ab0967494fa11a5234;24c220af014a00f5f37bb14f09a25d226b826ae9c807d8c85ebbbbcb0d6cc1d9	query_relative	query_relative
hard::hard_role_flip_477	hard_query_conditioned	hard_role_flip_477	hard_role_flip	L3	loan underwriting	hard	2	hard_role_flip_pool	query_relative	query_relative	yes	pass	blind_gate_pass	none	bbbcd9c74e517ae3df1f3838b2ef77bc96015a820e7aad0a4b3aef65ba1c69a3;3a5ecb4f6f582029941eccfbfbff22fac4c133adb46d67712e04bd557e94bfb7	query_relative	query_relative
hard::hard_role_flip_478	hard_query_conditioned	hard_role_flip_478	hard_role_flip	L4	loan underwriting	hard	2	hard_role_flip_pool	query_relative	query_relative	yes	pass	blind_gate_pass	none	6f46a7fda81d47d60c35b4cfe28aa28d6e0b5a743bdb2642538128b639a123ee;bca189f20e5550befb1f4e319175da5b4b2bff229a6be320c646f525c008785b	query_relative	query_relative
hard::hard_role_flip_479	hard_query_conditioned	hard_role_flip_479	hard_role_flip	L3	loan underwriting	hard	2	hard_role_flip_pool	query_relative	query_relative	yes	pass	blind_gate_pass	none	eec1932292ddb439ceff4583f0f7532147147cfc83da56320e4d4e96ce472638;412b90a1c3532acf7efaba5163252f65dd392cee02aed274775e501b258daf6d	query_relative	query_relative
hard::hard_role_flip_480	hard_query_conditioned	hard_role_flip_480	hard_role_flip	L4	airline disruption handling	hard	2	hard_role_flip_pool	query_relative	query_relative	yes	pass	blind_gate_pass	none	24abdf72684f61fe9bf9d84a2041a3c4b6adac5e0ddba309871856ce1f15cfe6;0aa03c8aacf80de773c38e86fa90f44b27f1f58cd2f60b7ceb08b63a0a69e94f	query_relative	query_relative
hard::hard_role_flip_481	hard_query_conditioned	hard_role_flip_481	hard_role_flip	L4	airline disruption handling	hard	2	hard_role_flip_pool	query_relative	query_relative	yes	pass	blind_gate_pass	none	b864163051d2a48975b3725a0ff99fef1e2780604696e537522531738d85940d;0286c1a4848019f3bc38baf77cf3b6b2a83d3fd971fcb6ea6df0dff3afb526c8	query_relative	query_relative
hard::hard_role_flip_482	hard_query_conditioned	hard_role_flip_482	hard_role_flip	L4	airline disruption handling	hard	2	hard_role_flip_pool	query_relative	query_relative	yes	pass	blind_gate_pass	none	8c322cb625d31989822ed5291f3a116eba2df11b2600f7693f750541a8d8e2e6;892fc390d3113fd5a55d856ae74810ee4d3e68aa9475726f2f147ca925aea1e1	query_relative	query_relative
hard::hard_role_flip_483	hard_query_conditioned	hard_role_flip_483	hard_role_flip	L3	airline disruption handling	hard	2	hard_role_flip_pool	query_relative	query_relative	yes	pass	blind_gate_pass	none	63b64384999b13fb3e5fe09c7cb7439661bbf0d15f90d1d01c3289534f337ad3;61ed535d95fec65128d8d863c9ab25f3803638af0c1d510db7ed2ed6881f7e12	query_relative	query_relative
hard::hard_role_flip_484	hard_query_conditioned	hard_role_flip_484	hard_role_flip	L3	airline disruption handling	hard	2	hard_role_flip_pool	query_relative	query_relative	yes	pass	blind_gate_pass	none	8c27d23cda9616bb85b1d0abb1e5596e70514144db5845aea28cb839d0bef0ea;4bfb1642fa6e1cf74fb9951b5e942ea5791579ff5a973577c9b4c0a766181cbc	query_relative	query_relative
hard::hard_role_flip_485	hard_query_conditioned	hard_role_flip_485	hard_role_flip	L4	airline disruption handling	hard	2	hard_role_flip_pool	query_relative	query_relative	yes	pass	blind_gate_pass	none	547e8a1d0194417320eb6aa7877c1e3bd0421c0521aa3e74cc1dada32431c7ba;47f5712cbb8276087aad3cb99ce961e6aceba49d712ea8f450f3eb3f810b9750	query_relative	query_relative
hard::hard_role_flip_486	hard_query_conditioned	hard_role_flip_486	hard_role_flip	L3	airline disruption handling	hard	2	hard_role_flip_pool	query_relative	query_relative	yes	pass	blind_gate_pass	none	2d86cfb906302815a42eac621ba6fd2a207b75050b9cd5efe151e9de566b9e2c;4768d80f982191ca815e730c6c8d2db827d37557e9cde77ae9b79fe2ae2906f4	query_relative	query_relative
hard::hard_role_flip_487	hard_query_conditioned	hard_role_flip_487	hard_role_flip	L4	airline disruption handling	hard	2	hard_role_flip_pool	query_relative	query_relative	yes	pass	blind_gate_pass	none	a055afb39c058f45a97068d574a75a4154736c28b43cf70b759e265a38352736;8ef3b6c5125e7716cbadd952e9c5321bbb2b07202f062946e03a112313f3f213	query_relative	query_relative
hard::hard_role_flip_488	hard_query_conditioned	hard_role_flip_488	hard_role_flip	L3	airline disruption handling	hard	2	hard_role_flip_pool	query_relative	query_relative	yes	pass	blind_gate_pass	none	02c8f62482704e07ee9476480e196f503b99799300b6132d1165f6ee2e2cb2c7;0001060a5a054a5c35583f2f0af0709eca27faa35eec1d1329cc01daf8d784d6	query_relative	query_relative
hard::hard_role_flip_489	hard_query_conditioned	hard_role_flip_489	hard_role_flip	L4	restaurant menu analytics	hard	2	hard_role_flip_pool	query_relative	query_relative	yes	pass	blind_gate_pass	none	0345cdfb67c3938140b8a75bbc66bbee3094654e04d453929a7a6c355980f5ec;58169ec7defc405156528052a403d0b6686d59c6c820e56e166fdc257ab08228	query_relative	query_relative
hard::hard_role_flip_490	hard_query_conditioned	hard_role_flip_490	hard_role_flip	L4	restaurant menu analytics	hard	2	hard_role_flip_pool	query_relative	query_relative	yes	pass	blind_gate_pass	none	438e526c0981a449512fccd6ba6339b7290faf9c7e9a5333d83479903d667956;3b0a26df36eb8219c0ab14afa6137c8ab936af393266069717cd480d110b82d3	query_relative	query_relative
hard::hard_role_flip_491	hard_query_conditioned	hard_role_flip_491	hard_role_flip	L4	restaurant menu analytics	hard	2	hard_role_flip_pool	query_relative	query_relative	yes	pass	blind_gate_pass	none	c8a668120bfb3d791375c9bd918c3d70c1ab4a2ac53e1e3c4e2314d79c5d9ffa;0fd72a8a7e1dd8fbdabb481fe62013b623808518682423e11a66a7776f2c8c2a	query_relative	query_relative
hard::hard_role_flip_492	hard_query_conditioned	hard_role_flip_492	hard_role_flip	L3	restaurant menu analytics	hard	2	hard_role_flip_pool	query_relative	query_relative	yes	pass	blind_gate_pass	none	65de29c9a89b62ca56ca941895a88744ecf0d496ab461ccb6322b537c2f96c2e;0bfd23665c9bb6e5c653afc44e67f5745335b3435047a99b2a074694b518e968	query_relative	query_relative
hard::hard_role_flip_493	hard_query_conditioned	hard_role_flip_493	hard_role_flip	L3	restaurant menu analytics	hard	2	hard_role_flip_pool	query_relative	query_relative	yes	pass	blind_gate_pass	none	6b567eed5cb9a076ba03415c09e49a70f5bb89a9b2798d14a9dc3390ca208133;070b193829fa3da578f51ba4c0029d20b007b209e8ed4adf6b9b02cee50965ec	query_relative	query_relative
hard::hard_role_flip_494	hard_query_conditioned	hard_role_flip_494	hard_role_flip	L4	restaurant menu analytics	hard	2	hard_role_flip_pool	query_relative	query_relative	yes	pass	blind_gate_pass	none	8780f672d4f5c5f7b167a3511b7c1dde635d7dbb98d201a042c6401b6bb78e5b;b7a8c2f774d916db6fa033044cfa1c41f0f054acc30734180d1b4c85e5331a6d	query_relative	query_relative
hard::hard_role_flip_495	hard_query_conditioned	hard_role_flip_495	hard_role_flip	L3	restaurant menu analytics	hard	2	hard_role_flip_pool	query_relative	query_relative	yes	pass	blind_gate_pass	none	9dbef67b075ec6f1b3ca27e4f0d2af34b467ca8310e788019ed22b2b28bb48bf;a16506c36a977375e90a3d0dcbc77a707693c25d005822d3c861801b900d448e	query_relative	query_relative
hard::hard_role_flip_496	hard_query_conditioned	hard_role_flip_496	hard_role_flip	L4	restaurant menu analytics	hard	2	hard_role_flip_pool	query_relative	query_relative	yes	pass	blind_gate_pass	none	16466409bdc9f0674a0972efeeec26fb57cbcfa87bd2e4e92e3fa3e0ae36d537;3d177dd3d19a79cdeee5557eb75830785ddf715ac7066c49cfa149f86e3571c4	query_relative	query_relative
